<?xml version="1.0"?>
<!--<!DOCTYPE metadata SYSTEM "http://www.esri.com/metadata/esriprof80.dtd">-->
<metadata xml:lang="en"><Esri><CreaDate>20090224</CreaDate><CreaTime>10550200</CreaTime><SyncOnce>TRUE</SyncOnce><DataProperties><lineage><Process Name="Append_11" ToolSource="C:\Program Files\ArcGIS\ArcToolbox\Toolboxes\Data Management Tools.tbx\Append" Date="20081219" Time="005931">Append I:\Lake_Monitoring\Reg02_NLA_NHDLakes.shp;I:\Lake_Monitoring\Reg03_NLA_NHDLakes.shp;I:\Lake_Monitoring\Reg04_NLA_NHDLakes.shp;I:\Lake_Monitoring\Reg05_NLA_NHDLakes.shp;I:\Lake_Monitoring\Reg06_NLA_NHDLakes.shp;I:\Lake_Monitoring\Reg07_NLA_NHDLakes.shp;I:\Lake_Monitoring\Reg08_NLA_NHDLakes.shp;I:\Lake_Monitoring\Reg09_NLA_NHDLakes.shp;I:\Lake_Monitoring\Reg10L_NLA_NHDLakes.shp;I:\Lake_Monitoring\Reg10U_NLA_NHDLakes.shp;I:\Lake_Monitoring\Reg11_NLA_NHDLakes.shp;I:\Lake_Monitoring\Reg12_NLA_NHDLakes.shp;I:\Lake_Monitoring\Reg13_NLA_NHDLakes.shp;I:\Lake_Monitoring\Reg14_NLA_NHDLakes.shp;I:\Lake_Monitoring\Reg15_NLA_NHDLakes.shp;I:\Lake_Monitoring\Reg16_NLA_NHDLakes.shp;I:\Lake_Monitoring\Reg17_NLA_NHDLakes.shp;I:\Lake_Monitoring\Reg18_NLA_NHDLakes.shp I:\Lake_Monitoring\RegAll_NLA_NHDLakes.shp TEST I:\Lake_Monitoring\RegAll_NLA_NHDLakes.shp</Process><Process Name="Append_5" ToolSource="C:\Program Files\ArcGIS\ArcToolbox\Toolboxes\Data Management Tools.tbx\Append" Date="20090106" Time="154334">Append firstwaterbodyexport_Dissolv;secondexport42_Dissolve;thirdexportbycomid E:\LakeMonitoring\NHDWaterbodyExport\RegAll_NLA_NHDLakes[800].shp NO_TEST "SITEID SITEID true false false 254 Text 0 0 ,First,#,E:\LakeMonitoring\NHDWaterbodyExport\firstwaterbodyexport_Dissolv.shp,SITEID,-1,-1,E:\LakeMonitoring\NHDWaterbodyExport\secondexport42_Dissolve.shp,SITEID,-1,-1,E:\LakeMonitoring\NHDWaterbodyExport\thirdexportbycomid.shp,SITEID,-1,-1;REACHCODE REACHCODE true false false 14 Text 0 0 ,First,#,E:\LakeMonitoring\NHDWaterbodyExport\firstwaterbodyexport_Dissolv.shp,REACHCODE,-1,-1,E:\LakeMonitoring\NHDWaterbodyExport\secondexport42_Dissolve.shp,REACHCODE,-1,-1,E:\LakeMonitoring\NHDWaterbodyExport\thirdexportbycomid.shp,REACHCODE,-1,-1" E:\LakeMonitoring\NHDWaterbodyExport\RegAll_NLA_NHDLakes[800].shp</Process><Process Name="DeleteField_1" ToolSource="C:\Program Files\ArcGIS\ArcToolbox\Toolboxes\Data Management Tools.tbx\DeleteField" Date="20090213" Time="111922">DeleteField E:\LakeMonitoring\LandUsageAnalysis\LakeByReg\1_Regxx\Reg01_LakePoly.shp LAKESIZE E:\LakeMonitoring\LandUsageAnalysis\LakeByReg\1_Regxx\Reg01_LakePoly.shp</Process><Process Name="DeleteField_2" ToolSource="C:\Program Files\ArcGIS\ArcToolbox\Toolboxes\Data Management Tools.tbx\DeleteField" Date="20090213" Time="113233">DeleteField E:\LakeMonitoring\LandUsageAnalysis\LakeByReg\1_Regxx\Reg01_LakePoly.shp REGION E:\LakeMonitoring\LandUsageAnalysis\LakeByReg\1_Regxx\Reg01_LakePoly.shp</Process><Process Name="Append_1" ToolSource="C:\Program Files\ArcGIS\ArcToolbox\Toolboxes\Data Management Tools.tbx\Append" Date="20090219" Time="150935">Append E:\LakeMonitoring\LandUsageAnalysis\LakeByReg\1_Regxx\Reg02_LakePoly.shp;E:\LakeMonitoring\LandUsageAnalysis\LakeByReg\1_Regxx\Reg03_LakePoly.shp;E:\LakeMonitoring\LandUsageAnalysis\LakeByReg\1_Regxx\Reg04_LakePoly.shp;E:\LakeMonitoring\LandUsageAnalysis\LakeByReg\1_Regxx\Reg05_LakePoly.shp;E:\LakeMonitoring\LandUsageAnalysis\LakeByReg\1_Regxx\Reg06_LakePoly.shp;E:\LakeMonitoring\LandUsageAnalysis\LakeByReg\1_Regxx\Reg07_LakePoly.shp;E:\LakeMonitoring\LandUsageAnalysis\LakeByReg\1_Regxx\Reg08_LakePoly.shp;E:\LakeMonitoring\LandUsageAnalysis\LakeByReg\1_Regxx\Reg09_LakePoly.shp;E:\LakeMonitoring\LandUsageAnalysis\LakeByReg\1_Regxx\Reg10L_LakePoly.shp;E:\LakeMonitoring\LandUsageAnalysis\LakeByReg\1_Regxx\Reg10U_LakePoly.shp;E:\LakeMonitoring\LandUsageAnalysis\LakeByReg\1_Regxx\Reg11_LakePoly.shp;E:\LakeMonitoring\LandUsageAnalysis\LakeByReg\1_Regxx\Reg12_LakePoly.shp;E:\LakeMonitoring\LandUsageAnalysis\LakeByReg\1_Regxx\Reg13_LakePoly.shp;E:\LakeMonitoring\LandUsageAnalysis\LakeByReg\1_Regxx\Reg14_LakePoly.shp;E:\LakeMonitoring\LandUsageAnalysis\LakeByReg\1_Regxx\Reg15_LakePoly.shp;E:\LakeMonitoring\LandUsageAnalysis\LakeByReg\1_Regxx\Reg16_LakePoly.shp;E:\LakeMonitoring\LandUsageAnalysis\LakeByReg\1_Regxx\Reg17_LakePoly.shp;E:\LakeMonitoring\LandUsageAnalysis\LakeByReg\1_Regxx\Reg18_LakePoly.shp E:\LakeMonitoring\LandUsageAnalysis\LakeByReg\1_Regxx\National_LakePoly.shp TEST # E:\LakeMonitoring\LandUsageAnalysis\LakeByReg\1_Regxx\National_LakePoly.shp</Process><Process Name="Append_11" ToolSource="C:\Program Files\ArcGIS\ArcToolbox\Toolboxes\Data Management Tools.tbx\Append" Date="20090224" Time="105850">Append D:\LakeMonitoring\LandUsageAnalysis\Reg02\Reg02_lake.shp;D:\LakeMonitoring\LandUsageAnalysis\Reg03\Reg03_Lake.shp;D:\LakeMonitoring\LandUsageAnalysis\Reg04\Reg04_Lake.shp;D:\LakeMonitoring\LandUsageAnalysis\Reg05\Reg05_Lake.shp;D:\LakeMonitoring\LandUsageAnalysis\Reg06\Reg06_Lake.shp;D:\LakeMonitoring\LandUsageAnalysis\Reg07\Reg07_Lake.shp;D:\LakeMonitoring\LandUsageAnalysis\Reg08\Reg08_Lake.shp;D:\LakeMonitoring\LandUsageAnalysis\Reg09\Reg09_Lake.shp;D:\LakeMonitoring\LandUsageAnalysis\Reg10L\Reg10L_Lake.shp;D:\LakeMonitoring\LandUsageAnalysis\Reg10U\Reg10U_LakeCopy.shp;D:\LakeMonitoring\LandUsageAnalysis\Reg11\Reg11_Lake.shp;D:\LakeMonitoring\LandUsageAnalysis\Reg12\Reg12_Lake.shp;D:\LakeMonitoring\LandUsageAnalysis\Reg13\Reg13_Lake.shp;D:\LakeMonitoring\LandUsageAnalysis\Reg14\Reg14_Lake.shp;D:\LakeMonitoring\LandUsageAnalysis\Reg15\Reg15_Lake.shp;D:\LakeMonitoring\LandUsageAnalysis\Reg16\Reg16_Lake.shp;D:\LakeMonitoring\LandUsageAnalysis\Reg17\Reg17_Lake.shp;D:\LakeMonitoring\LandUsageAnalysis\Reg18\Reg18_Lake.shp D:\LakeMonitoring\LandUsageAnalysis\qaqc_lake2.shp TEST # D:\LakeMonitoring\LandUsageAnalysis\qaqc_lake2.shp</Process></lineage></DataProperties><MetaID>{B1A2255C-9495-4058-B38C-6B4FECB21C69}</MetaID></Esri><idinfo><citation><citeinfo><onlink Sync="TRUE">\\ZERO-ENTROPY3\LakeMonitoring\LandUsageAnalysis\Reg01_Lake</onlink></citeinfo></citation></idinfo><distInfo><distributor><distorTran><onLineSrc><linkage Sync="TRUE">file://\\ZERO-ENTROPY3\LakeMonitoring\LandUsageAnalysis\Reg01_Lake</linkage><protocol Sync="TRUE">Local Area Network</protocol></onLineSrc></distorTran></distributor></distInfo><dataqual><lineage><procstep><procdesc Sync="TRUE">Dataset copied.</procdesc><srcused Sync="TRUE">I:\Lake_Monitoring\Reg01_NLA_NHDLakes</srcused><date Sync="TRUE">20081219</date><time Sync="TRUE">00571300</time></procstep><procstep><procdesc Sync="TRUE">Dataset copied.</procdesc><srcused Sync="TRUE"></srcused><date Sync="TRUE">20090212</date><time Sync="TRUE">10505500</time></procstep><procstep><procdesc Sync="TRUE">Dataset copied.</procdesc><srcused Sync="TRUE"></srcused><date Sync="TRUE">20090220</date><time Sync="TRUE">13233800</time></procstep><procstep><procdesc Sync="TRUE">Dataset copied.</procdesc><srcused Sync="TRUE">D:\LakeMonitoring\LandUsageAnalysis\Reg01\Reg01_Lake</srcused><date Sync="TRUE">20090224</date><time Sync="TRUE">10550200</time></procstep></lineage></dataqual></metadata>
