<?xml version="1.0"?>
<metadata><idinfo><keywords><theme><themekt>ISO 19115 Topic Category</themekt><themekey>environment</themekey><themekey>geoscientificInformation</themekey><themekey>inlandWaters</themekey></theme><theme><themekt>EPA GIS Keyword Thesaurus</themekt><themekey>Ecosystem</themekey><themekey>Management</themekey><themekey>Monitoring</themekey><themekey>Natural Resources</themekey><themekey>Sites</themekey><themekey>Surface Water</themekey><themekey>Water</themekey></theme><place><placekt>None</placekt><placekey>United States</placekey></place></keywords><citation><citeinfo><origin>US Environmental Protection Agency</origin><title>National Lakes Assessment 2012 Analysis Sample Frame</title><pubinfo><publish>U.S. EPA Office of Research &amp; Development (ORD) - National Health and Environmental Effects Research Laboratory (NHEERL) </publish><pubplace>Corvallis, OR</pubplace></pubinfo><pubdate>2007</pubdate><onlink>http://water.epa.gov/type/lakes/lakessurvey_index.cfm</onlink><onlink>http://water.epa.gov/type/watersheds/monitoring/aquaticsurvey_index.cfm</onlink></citeinfo></citation><descript><abstract>The National Lakes Assessment (NLA) Analysis Sample frame shapefile represents the full set of all possible lake objects used for development of the US EPA Natioanl Lakes survey design including supplemental designs for other states and territories.  Most importantly, this shapefile includes all fixes made to the spatial representation of lakes due to information collected from the 2012 lake evaluation process, incorporating imagery, topo maps, and local information.  This lake frame is intended to represent all lakes, reservoirs and ponds within the contiguous Untied States greater than 1 hectare in surface area that are permanent water bodies.  The frame was derived from the National Hydrography Dataset (NHD) and more specifically using the NHDPlus medium-resolution (1:100,000) data set containing value-added attributes to the underlying NHD data set. The frame was further refined based on previous NLA lake frames.</abstract><purpose>To represent all lakes, reservoirs and ponds within the contiguous Untied States greater than 1 hectare in surface area that are permanent water bodies for development of the NLA survey design for the US EPA and to reflect refinements to the spatial representation of lakes based on lake evaluation process.  Further, refinements to the spatial represenation of lake objects will be incorporated into weight adjustments used in the analysis phase of the 2012 NLA.</purpose><supplinf>The primary input to the National Lakes Assessment shapefile was a representation of all waterbodies in the recent version of NHDPlus.  This framework was tied to the previous 2007 National Lakes Assessment which was also derived from NHDPlus.  All lakes should persist and be trackable across surveys.  Additional processing steps in creation of the current lake frame are outlined in metadata processing steps.</supplinf></descript><accconst>Data Are Restricted to Internal EPA Personnel Only and State Partners.</accconst><useconst>None. Please check sources, scale, accuracy, currentness and other available information. Please confirm that you are using the most recent copy of both data and metadata.  Acknowledgement of the EPA would be appreciated.</useconst><timeperd><current>Publication date</current><timeinfo><sngdate><caldate>20110729</caldate></sngdate></timeinfo></timeperd><status><progress>Complete</progress><update>2017 National Lakes Assessment</update></status><spdom><bounding><westbc>-127.851000</westbc><eastbc>-65.416575</eastbc><northbc>51.575932</northbc><southbc>22.900981</southbc></bounding></spdom><secinfo><secsys>FIPS Pub 199</secsys><secclass>No Confidentiality</secclass><sechandl>Standard Technical Controls</sechandl></secinfo><ptcontac><cntinfo><cntorgp><cntorg>U.S. Environmental Protection Agency, Office of Research and Development, National Health and Environmental Effects Research Laboratory (NHEERL)</cntorg><cntper>Marc Weber</cntper></cntorgp><cntpos>GIS Analyst</cntpos><cntaddr><addrtype>mailing address</addrtype><address>200 S.W. 35th Street</address><city>Corvallis</city><state>OR</state><postal>97333</postal></cntaddr><cntvoice>(541) 754-4469</cntvoice><cntemail>weber.marc@epa.gov</cntemail><cntinst>http://www.epa.gov/nheerl/</cntinst></cntinfo></ptcontac><native>Microsoft Windows XP Version 5.1 (Build 2600) Service Pack 3; ESRI ArcGIS 10.0.5.4400</native></idinfo><spdoinfo><direct>Vector</direct><ptvctinf/></spdoinfo><eainfo><detailed><enttyp><enttypl>NLA_Sample_Frame_Analysis_Polys_20131021_v2</enttypl><enttypd>shapefile name</enttypd><enttypds>US Environmental Protection Agency</enttypds></enttyp><attr><attrlabl>FID</attrlabl><attrdef>Internal feature number.</attrdef><attrdefs>ESRI</attrdefs><attrdomv><udom>Sequential unique whole numbers that are automatically generated.</udom></attrdomv></attr><attr><attrlabl>Shape</attrlabl><attrdef>Feature geometry.</attrdef><attrdefs>ESRI</attrdefs><attrdomv><udom>Coordinates defining the features.</udom></attrdomv></attr><attr><attrlabl>NLA12_ID</attrlabl></attr><attr><attrlabl>COMID</attrlabl><attrdef>NHD Common Identifier</attrdef><attrdefs>USGS NHD</attrdefs><attrdomv><udom>unique code</udom></attrdomv></attr><attr><attrlabl>FCODE</attrlabl><attrdef>NHD feature code</attrdef><attrdefs>USGS NHD</attrdefs><attrdomv><udom>unique code</udom></attrdomv></attr><attr><attrlabl>FTYPE</attrlabl><attrdef>NHD feature type</attrdef><attrdefs>USGS NHD</attrdefs><attrdomv><udom>unique name</udom></attrdomv></attr><attr><attrlabl>NLA07_ID</attrlabl></attr><attr><attrlabl>DES_FTYPE</attrlabl><attrdef>Design Ftype based on NHD FTYPE</attrdef><attrdefs>NLA</attrdefs><attrdomv><udom>unique code</udom></attrdomv></attr><attr><attrlabl>ReachCode</attrlabl><attrdef>NHD Reach code</attrdef><attrdefs>USGS NHD</attrdefs><attrdomv><udom>unique code</udom></attrdomv></attr><attr><attrlabl>NLA07_RCHC</attrlabl><attrdef>NHD reach code from NLA 2007 sample frame</attrdef><attrdefs>USGS NHD</attrdefs><attrdomv><udom>unique code</udom></attrdomv></attr><attr><attrlabl>COMID2007</attrlabl><attrdef>NHD COMID from NLA 2007 sample frame (primary)</attrdef><attrdefs>USGS NHD</attrdefs><attrdomv><udom>unique code</udom></attrdomv></attr><attr><attrlabl>COMIDs2007</attrlabl><attrdef>NHD COMIDs from NLA 2007 sample frame when multiple polygons from 2007 sample frame were combined for 2012 sample frame</attrdef><attrdefs>USGS NHD</attrdefs><attrdomv><udom>unique code</udom></attrdomv></attr><attr><attrlabl>GNIS_ID</attrlabl><attrdef>Geographic Names Information System ID</attrdef><attrdefs>http://nhd.usgs.gov/gnis.html</attrdefs><attrdomv><udom>unique code</udom></attrdomv></attr><attr><attrlabl>GNIS_Name</attrlabl><attrdef>Geographic Names Information System name</attrdef><attrdefs>http://nhd.usgs.gov/gnis.html</attrdefs><attrdomv><udom>unique name</udom></attrdomv></attr><attr><attrlabl>NLA_NAME</attrlabl></attr><attr><attrlabl>LAT_DD_N83</attrlabl><attrdef>Latitude in decimal degrees NAD83</attrdef><attrdefs>NLA</attrdefs><attrdomv><udom>decimal degrees</udom></attrdomv></attr><attr><attrlabl>LON_DD_N83</attrlabl><attrdef>Longitude in decimal degrees NAD83</attrdef><attrdefs>NLA</attrdefs><attrdomv><udom>decimal degrees</udom></attrdomv></attr><attr><attrlabl>X_Albers</attrlabl><attrdef>x-coordinate from US Contiguous Albers Equal Area Conic projection EXCEPT Hawaii sites which are calculated from Hawaii Albers Equal Area Conic projection</attrdef><attrdefs>NLA</attrdefs><attrdomv><udom>decimal numbers</udom></attrdomv></attr><attr><attrlabl>Y_Albers</attrlabl><attrdef>y-coordinate from US Contiguous Albers Equal Area Conic projection EXCEPT Hawaii sites which are calculated from Hawaii Albers Equal Area Conic projection</attrdef><attrdefs>NLA</attrdefs><attrdomv><udom>decimal numbers</udom></attrdomv></attr><attr><attrlabl>STATECTY</attrlabl><attrdef>FIPS state and county code</attrdef><attrdefs>http://www.census.gov/popest/archives/files/90s-fips.txt</attrdefs><attrdomv><udom>unique code</udom></attrdomv></attr><attr><attrlabl>ANLYS_TYPE</attrlabl></attr><attr><attrlabl>ST</attrlabl><attrdef>State two-letter codes for all states lake polygon occurs in</attrdef><attrdefs>NLA</attrdefs><attrdomv><udom>unique code</udom></attrdomv></attr><attr><attrlabl>STATE_PCNT</attrlabl><attrdef>Percent of lake area that occurs in ST_NLA2012 (Majority state)</attrdef><attrdefs>NLA</attrdefs><attrdomv><udom>decimal number</udom></attrdomv></attr><attr><attrlabl>ST_NLA2012</attrlabl><attrdef>State lake is assigned to for NLA 2012</attrdef><attrdefs>NLA</attrdefs><attrdomv><udom>unique code</udom></attrdomv></attr><attr><attrlabl>BORD_LAKE</attrlabl><attrdef>State border lake = Yes; state non-border lake = No</attrdef><attrdefs>NLA</attrdefs><attrdomv><udom>yes or no</udom></attrdomv></attr><attr><attrlabl>CNTYNAME</attrlabl><attrdef>County name</attrdef><attrdefs>http://www.census.gov/geo/www/cob/bdy_files.html</attrdefs><attrdomv><udom>unique name</udom></attrdomv></attr><attr><attrlabl>OWNSHP</attrlabl><attrdef>Land ownership dervied from USGS fedlands shapefile</attrdef><attrdefs>http://www.nationalatlas.gov/mld/fedlanp.html</attrdefs><attrdomv><udom>unique name</udom></attrdomv></attr><attr><attrlabl>EPA_REG</attrlabl><attrdef>EPA Region</attrdef><attrdefs>US EPA (http://water.epa.gov/type/location/regions/)</attrdefs><attrdomv><udom>unique name</udom></attrdomv></attr><attr><attrlabl>URBAN</attrlabl><attrdef>Yes is Urban lake, No is non-urban lake. Defined using WBDC 12 digit HUCs that intersects US Census Urban Clusters</attrdef><attrdefs>NLA, US Census and NRCS (http://www.census.gov/geo/www/ua/uaucbndy.html and http://www.ncgc.nrcs.usda.gov/products/datasets/watershed/)</attrdefs><attrdomv><udom>unique name</udom></attrdomv></attr><attr><attrlabl>AREA_HA</attrlabl><attrdef>Lake area in hectares</attrdef><attrdefs>NLA</attrdefs><attrdomv><udom>decimal number</udom></attrdomv></attr><attr><attrlabl>ELEVATION</attrlabl><attrdef>Lake elevation in meters from NED</attrdef><attrdefs>http://ned.usgs.gov/</attrdefs><attrdomv><udom>decimal number</udom></attrdomv></attr><attr><attrlabl>US_L4CODE</attrlabl><attrdef>Omernik Level IV ecoregion name</attrdef><attrdefs>http://www.epa.gov/wed/pages/ecoregions.htm</attrdefs><attrdomv><udom>unique code</udom></attrdomv></attr><attr><attrlabl>US_L4NAME</attrlabl><attrdef>Omernik Level IV ecoregion name</attrdef><attrdefs>http://www.epa.gov/wed/pages/ecoregions.htm</attrdefs><attrdomv><udom>unique name</udom></attrdomv></attr><attr><attrlabl>US_L3CODE</attrlabl><attrdef>Omernik Level III ecoregion code</attrdef><attrdefs>http://www.epa.gov/wed/pages/ecoregions.htm</attrdefs><attrdomv><udom>unique code</udom></attrdomv></attr><attr><attrlabl>US_L3NAME</attrlabl><attrdef>Omernik Level III ecoregion name</attrdef><attrdefs>http://www.epa.gov/wed/pages/ecoregions.htm</attrdefs><attrdomv><udom>unique name</udom></attrdomv></attr><attr><attrlabl>NA_L3CODE</attrlabl><attrdef>CEC North American Level III ecoregion code</attrdef><attrdefs>http://www.epa.gov/wed/pages/ecoregions.htm</attrdefs><attrdomv><udom>unique code</udom></attrdomv></attr><attr><attrlabl>NA_L2CODE</attrlabl><attrdef>CEC North American Level II ecoregion code</attrdef><attrdefs>http://www.epa.gov/wed/pages/ecoregions.htm</attrdefs><attrdomv><udom>unique code</udom></attrdomv></attr><attr><attrlabl>NA_L2NAME</attrlabl><attrdef>CEC North American Level II ecoregion name</attrdef><attrdefs>http://www.epa.gov/wed/pages/ecoregions.htm</attrdefs><attrdomv><udom>unique name</udom></attrdomv></attr><attr><attrlabl>PERIM_KM</attrlabl></attr><attr><attrlabl>NA_L1CODE</attrlabl><attrdef>CEC North American Level I ecoregion code</attrdef><attrdefs>http://www.epa.gov/wed/pages/ecoregions.htm</attrdefs><attrdomv><udom>unique code</udom></attrdomv></attr><attr><attrlabl>NA_L1NAME</attrlabl><attrdef>CEC North American Level I ecoregion name</attrdef><attrdefs>http://www.epa.gov/wed/pages/ecoregions.htm</attrdefs><attrdomv><udom>unique name</udom></attrdomv></attr><attr><attrlabl>WSA3</attrlabl><attrdef>WSA 3 aggregated Omernik ecoregions</attrdef><attrdefs>NLA</attrdefs><attrdomv><udom>unique code</udom></attrdomv></attr><attr><attrlabl>WSA9</attrlabl><attrdef>WSA 9 aggregated Omernik ecoregions</attrdef><attrdefs>NLA</attrdefs><attrdomv><udom>unique code</udom></attrdomv></attr><attr><attrlabl>HUC2</attrlabl><attrdef>USGS HUC2 Region code</attrdef><attrdefs>http://www.horizon-systems.com/nhdplus/</attrdefs><attrdomv><udom>unique code</udom></attrdomv></attr><attr><attrlabl>REGION</attrlabl><attrdef>USGS HUC2 Region name</attrdef><attrdefs>http://www.horizon-systems.com/nhdplus/</attrdefs><attrdomv><udom>unique code</udom></attrdomv></attr><attr><attrlabl>HUC_8</attrlabl><attrdef>USGS HUC8 code</attrdef><attrdefs>http://www.horizon-systems.com/nhdplus/</attrdefs><attrdomv><udom>unique code</udom></attrdomv></attr><attr><attrlabl>CU_NAME</attrlabl><attrdef>USGS HUC8 name</attrdef><attrdefs>http://www.horizon-systems.com/nhdplus/</attrdefs><attrdomv><udom>unique name</udom></attrdomv></attr><attr><attrlabl>NLA07_SF</attrlabl><attrdef>Include means lake included in NLA 2007</attrdef><attrdefs>NLA</attrdefs><attrdomv><udom>unique code</udom></attrdomv></attr><attr><attrlabl>NLA07_STRA</attrlabl><attrdef>NLA 2007 Strata</attrdef><attrdefs>NLA</attrdefs><attrdomv><udom>unique code</udom></attrdomv></attr><attr><attrlabl>NLA07_MDC</attrlabl><attrdef>NLA 2007 multi-density category</attrdef><attrdefs>NLA</attrdefs><attrdomv><udom>unique code</udom></attrdomv></attr><attr><attrlabl>NES_LAKE</attrlabl><attrdef>NES lake from National Eutrophication Survey</attrdef><attrdefs>NLA</attrdefs><attrdomv><udom>unique code</udom></attrdomv></attr><attr><attrlabl>NESLAKE_ID</attrlabl><attrdef>NES lake identification number</attrdef><attrdefs>NLA</attrdefs><attrdomv><udom>unique code</udom></attrdomv></attr><attr><attrlabl>State_SF</attrlabl><attrdef>State sample frame designation for state design</attrdef><attrdefs>NLA</attrdefs><attrdomv><udom>unique code</udom></attrdomv></attr><attr><attrlabl>State_ID</attrlabl><attrdef>State sample frame ID</attrdef><attrdefs>NLA</attrdefs><attrdomv><udom>unique code</udom></attrdomv></attr><attr><attrlabl>NLA12_SF</attrlabl><attrdef>Include if Lake included in NLA 2012 sample frame; Exclude otherwise</attrdef><attrdefs>NLA</attrdefs><attrdomv><udom>unique code</udom></attrdomv></attr><attr><attrlabl>NESSTORET</attrlabl></attr><attr><attrlabl>NLA12_STRA</attrlabl></attr><attr><attrlabl>NLA12_MDC</attrlabl><attrdef>Categories used for unequal probability selection within a stratum</attrdef><attrdefs>NLA</attrdefs><attrdomv><udom>unique code</udom></attrdomv></attr><attr><attrlabl>NOTES</attrlabl><attrdef>Notes on any changes made to lakes</attrdef><attrdefs>NLA</attrdefs><attrdomv><udom>range of values</udom></attrdomv></attr><attr><attrlabl>MAJ_BASIN</attrlabl></attr><attr><attrlabl>MAJ_BAS_NM</attrlabl></attr><attr><attrlabl>MISS_BASIN</attrlabl></attr><attr><attrlabl>OWN_TYPE</attrlabl></attr><attr><attrlabl>OWNER</attrlabl></attr><attr><attrlabl>OWNER_CAT</attrlabl></attr><attr><attrlabl>OWNER_ADMI</attrlabl></attr><attr><attrlabl>OWNER_CAT2</attrlabl></attr><attr><attrlabl>FS_EW</attrlabl></attr></detailed></eainfo><metainfo><metd>20120502</metd><metfrd>20160502</metfrd><metstdn>FGDC Content Standard for Digital Geospatial Metadata</metstdn><metstdv>FGDC-STD-001-1998</metstdv><metc><cntinfo><cntperp><cntorg>U.S. Environmental Protection Agency, Office of Research and Development, National Health and Environmental Effects Research Laboratory (NHEERL)</cntorg><cntper>Marc Weber</cntper></cntperp><cntpos>GIS Analyst</cntpos><cntaddr><addrtype>mailing address</addrtype><address>200 S.W. 35th Street</address><city>Corvallis</city><state>OR</state><postal>97333</postal></cntaddr><cntvoice>(541) 754-4469</cntvoice><cntemail>weber.marc@epa.gov</cntemail><cntinst>http://www.epa.gov/nheerl/</cntinst></cntinfo></metc></metainfo><dataqual><logic>Tests for integrity have not been performed.</logic><complete>Features represented have not been tested for completeness</complete><posacc><horizpa><horizpar>Data were collected using methods that have unknown accuracy (EPA National Geospatial Data Policy [NGDP] Accuracy Tier 10). For more information, please see EPA's NGDP at http://epa.gov/geospatial/policies.html</horizpar></horizpa></posacc><lineage><procstep><procdate>20110420</procdate><procdesc>2012 NLA sites drawn from NLA 2012 sample frame using GRTS survey design</procdesc></procstep><procstep><procdate>20110430</procdate><procdesc>Additional lake draw for OK state integrated design incorporated into NLA 2012 Integrated Design</procdesc></procstep><procstep><procdate>20110510</procdate><procdesc>Additional lake draw for WI state integrated design incorporated into NLA 2012 Integrated Design</procdesc></procstep><procstep><procdate>20110607</procdate><procdesc>Additional lake draw for NJ state integrated design incorporated into NLA 2012 Integrated Design</procdesc></procstep><procstep><procdate>20110711</procdate><procdesc>Additional lake draw for NY state integrated design incorporated into NLA 2012 Integrated Design</procdesc></procstep><procstep><procdate>20120612</procdate><procdesc>Additional lake draw for UT state integrated design incorporated into NLA 2012 Integrated Design</procdesc></procstep><procstep><procdate>20120710</procdate><procdesc>Additional lake draw for TX state integrated design incorporated into NLA 2012 Integrated Design</procdesc></procstep><procstep><procdate>20120919</procdate><procdesc>Additional lake draw for ND state integrated design incorporated into NLA 2012 Integrated Design</procdesc></procstep><procstep><procdate>20121030</procdate><procdesc>Finished making lake polygon adjustments and notes based on GIS / Desktop evaluation process for NLA 2012</procdesc></procstep></lineage></dataqual><spref><horizsys><planar><planci><plance>coordinate pair</plance><plandu>meters</plandu><coordrep><absres>0.000001</absres><ordres>0.000001</ordres></coordrep></planci></planar><geodetic><horizdn>North American Datum of 1983</horizdn><ellips>Geodetic Reference System 80</ellips><semiaxis>6378137.000000</semiaxis><denflat>298.257222</denflat></geodetic></horizsys></spref><distinfo><resdesc>Offline Data</resdesc><distliab>Although these data have been processed successfully on a computer system at the Environmental Protection Agency, no warranty expressed or implied is made regarding the accuracy or utility of the data on any other system or for general or scientific purposes, nor shall the act of distribution constitute any such warranty. It is also strongly recommended that careful attention be paid to the contents of the metadata file associated with these data to evaluate data set limitations, restrictions or intended use. The U.S. Environmental Protection Agency shall not be held liable for improper or incorrect use of the data described and/or contained herein.</distliab><distrib><cntinfo><cntorgp><cntorg>U.S. Environmental Protection Agency, Office of Research and Development, National Health and Environmental Effects Research Laboratory (NHEERL)</cntorg><cntper>Marc Weber</cntper></cntorgp><cntpos>GIS Analyst</cntpos><cntaddr><addrtype>mailing address</addrtype><address>200 S.W. 35th Street</address><city>Corvallis</city><state>OR</state><postal>97333</postal></cntaddr><cntvoice>(541) 754-4469</cntvoice><cntemail>weber.marc@epa.gov</cntemail><cntinst>http://www.epa.gov/nheerl/</cntinst></cntinfo></distrib></distinfo><dataIdInfo><envirDesc>Microsoft Windows XP Version 5.1 (Build 2600) Service Pack 3; ESRI ArcGIS 10.0.5.4400</envirDesc><dataLang><languageCode value="en"/><countryCode value="US"/></dataLang><idCitation><resTitle>NLA_Sample_Frame_Analysis_Polys_20131021_v2</resTitle><presForm><PresFormCd value="005"/></presForm></idCitation><spatRpType><SpatRepTypCd value="001"/></spatRpType><dataExt><vertEle><vertMinVal>0.000000</vertMinVal><vertMaxVal>0.000000</vertMaxVal></vertEle><geoEle/></dataExt><dataExt><geoEle><GeoBndBox esriExtentType="search"><exTypeCode>1</exTypeCode><westBL>-167.247550</westBL><eastBL>-65.416575</eastBL><northBL>51.575932</northBL><southBL>7.773683</southBL></GeoBndBox></geoEle></dataExt></dataIdInfo><mdLang><languageCode value="en"/><countryCode value="US"/></mdLang><mdChar><CharSetCd value="004"/></mdChar><distInfo><distFormat><formatName>Shapefile</formatName></distFormat><distTranOps><transSize>403.662</transSize></distTranOps></distInfo><mdHrLv><ScopeCd value="005"/></mdHrLv><mdHrLvName>dataset</mdHrLvName><refSysInfo><RefSystem><refSysID><identCode code="102003"/><idCodeSpace>ESRI</idCodeSpace><idVersion>10.0.0</idVersion></refSysID></RefSystem></refSysInfo><spatRepInfo><VectSpatRep><geometObjs><geoObjTyp><GeoObjTypCd value="002"/></geoObjTyp><geoObjCnt>379741</geoObjCnt></geometObjs><topLvl><TopoLevCd value="001"/></topLvl></VectSpatRep></spatRepInfo><mdDateSt>20131021</mdDateSt><Esri><DataProperties><copyHistory><copy source="L:\Priv\ARM Data\NLA 2012\NLA 2012 Analysis\NLA12_TargetLakes_20150410" dest="\\D2626XSOFMWEB02\H$\WorkingData\BryanM\NLA12_TargetLakes_20150410" date="20170127" time="16395600"></copy></copyHistory></DataProperties></Esri></metadata>
