<?xml version="1.0" encoding="UTF-8"?>
<metadata xml:lang="en"><dataIdInfo><envirDesc>Microsoft Windows 7 Version 6.1 (Build 7601) Service Pack 1; Esri ArcGIS 10.2.1.3497</envirDesc><dataLang><languageCode value="eng"/><countryCode value="USA"/></dataLang><idCitation><resTitle>Lake_Basins</resTitle><presForm><PresFormCd value="005"/></presForm></idCitation><spatRpType><SpatRepTypCd value="001"/></spatRpType><dataExt><geoEle><GeoBndBox esriExtentType="search"><exTypeCode>1</exTypeCode><westBL>-128.619189</westBL><eastBL>-64.055095</eastBL><northBL>54.713290</northBL><southBL>23.603254</southBL></GeoBndBox></geoEle></dataExt></dataIdInfo><mdLang><languageCode value="eng"/><countryCode value="USA"/></mdLang><mdChar><CharSetCd value="004"/></mdChar><distInfo><distFormat><formatName>Shapefile</formatName></distFormat><distTranOps><transSize>12.990</transSize></distTranOps></distInfo><mdHrLv><ScopeCd value="005"/></mdHrLv><mdHrLvName>dataset</mdHrLvName><refSysInfo><RefSystem><refSysID><identCode code="0"/></refSysID></RefSystem></refSysInfo><spatRepInfo><VectSpatRep><geometObjs><geoObjTyp><GeoObjTypCd value="002"/></geoObjTyp><geoObjCnt>1720</geoObjCnt></geometObjs><topLvl><TopoLevCd value="001"/></topLvl></VectSpatRep></spatRepInfo><spdoinfo><ptvctinf/></spdoinfo><eainfo><detailed><enttyp><enttypl>Lake_Basins</enttypl></enttyp><attr><attrlabl>FID</attrlabl><attrdef>Internal feature number.</attrdef><attrdefs>Esri</attrdefs><attrdomv><udom>Sequential unique whole numbers that are automatically generated.</udom></attrdomv></attr><attr><attrlabl>Shape</attrlabl><attrdef>Feature geometry.</attrdef><attrdefs>Esri</attrdefs><attrdomv><udom>Coordinates defining the features.</udom></attrdomv></attr><attr><attrlabl>RasterID</attrlabl></attr><attr><attrlabl>NLA12_ID</attrlabl></attr><attr><attrlabl>AreaSqKM</attrlabl></attr><attr><attrlabl>Comment</attrlabl></attr></detailed></eainfo><mdDateSt>20140221</mdDateSt><Esri><DataProperties><copyHistory><copy source="L:\Priv\CORFiles\Geospatial_Library\Data\RESOURCE\PHYSICAL\WATERSHEDS\NLA2012_Basins\Lake_Basins" dest="\\D2626XSOFMWEB02\H$\WorkingData\BryanM\Lake_Basins" date="20170127" time="16403100"></copy></copyHistory></DataProperties></Esri></metadata>
