SITE_ID,VISIT_NO,DEPTH,TEMPERATURE,OXYGEN,PH,DENSITY,INDEX_SITE_DEPTH
NLA12_AL-101,1.0,12.6,23.6,3.5,7.4,997.424511597,13.1
NLA12_AL-101,2.0,13.5,28.8,1.3,7.3,996.034089264,13.7
NLA12_AL-102,1.0,16.8,11.3,0.6,10.7,999.602712453,17.3
NLA12_AL-103,1.0,6.0,29.2,5.1,7.7,995.916891614,6.5
NLA12_AL-104,1.0,19.3,29.0,5.5,7.6,995.975667535,19.8
NLA12_AL-105,1.0,4.1,19.1,1.2,6.5,998.414999938,4.6
NLA12_AL-105,2.0,4.5,19.3,1.3,6.3,998.375441973,5.0
NLA12_AL-112,1.0,3.3,26.5,1.1,6.7,996.680077623,3.8
NLA12_AL-113,1.0,2.0,25.0,6.8,5.7,997.075117666,2.5
NLA12_AL-114,1.0,3.0,30.1,1.2,7.3,995.64804911,3.5
NLA12_AL-R03,1.0,7.8,10.6,0.6,12.3,999.672998114,
NLA12_AL-R05,1.0,7.0,16.3,0.7,6.7,998.922869512,
NLA12_AZ-101,1.0,24.0,16.3,4.7,7.7,998.922869512,23.3
NLA12_AZ-101,2.0,24.0,19.6,4.0,7.5,998.315304407,24.4
NLA12_AZ-102,1.0,0.9,20.0,4.8,9.2,998.23363614,1.6
NLA12_AZ-103,1.0,3.5,19.4,4.3,7.7,998.355502635,3.6
NLA12_AZ-106,1.0,4.3,30.8,4.6,8.3,995.434076718,4.8
NLA12_AZ-107,1.0,3.5,22.2,6.0,8.5,997.754740417,3.6
NLA12_AZ-123,1.0,1.3,29.9,0.3,7.5,995.708404039,1.8
NLA12_AZ-127,1.0,4.0,14.0,4.6,7.7,999.273240789,4.3
NLA12_AZ-130,1.0,12.0,15.3,2.9,7.8,999.082829788,12.7
NLA12_AZ-130,2.0,22.0,15.8,0.4,7.5,999.004295072,21.2
NLA12_AZ-140,1.0,3.8,26.0,5.1,7.6,996.814100146,4.1
NLA12_AZ-143,1.0,3.0,18.8,0.3,7.1,998.473531611,4.0
NLA12_AZ-145,1.0,2.7,18.6,0.7,9.4,998.512013129,3.0
NLA12_AZ-157,1.0,1.4,16.7,2.5,8.7,998.855670334,1.6
NLA12_AZ-R01,1.0,7.8,14.2,0.8,6.3,999.24525905,
NLA12_AZ-R02,1.0,2.5,23.1,4.2,8.9,997.544677943,
NLA12_CA-101,1.0,11.5,18.9,6.6,7.8,998.454128736,12.0
NLA12_CA-101,2.0,8.6,19.4,6.6,7.5,998.355502635,9.2
NLA12_CA-102,1.0,1.7,23.6,6.0,8.4,997.424511597,2.2
NLA12_CA-103,1.0,19.3,8.5,9.8,10.1,999.844613709,19.8
NLA12_CA-104,1.0,28.5,9.8,1.4,7.6,999.745410397,29.9
NLA12_CA-105,1.0,3.8,21.0,3.5,8.2,998.022130385,4.3
NLA12_CA-106,1.0,2.2,24.0,2.3,8.7,997.326617531,2.7
NLA12_CA-107,1.0,7.3,18.4,9.4,7.6,998.55006075,8.3
NLA12_CA-108,1.0,13.5,18.3,8.9,6.4,998.568921248,14.0
NLA12_CA-111,1.0,4.6,21.4,9.5,7.4,997.934630914,5.1
NLA12_CA-111,2.0,4.8,22.6,9.2,7.9,997.662375889,5.4
NLA12_CA-112,1.0,5.8,24.3,7.0,8.1,997.252177717,6.3
NLA12_CA-116,1.0,34.0,4.0,4.3,7.2,999.999998502,34.5
NLA12_CA-119,1.0,32.5,11.4,6.9,6.8,999.592151485,33.0
NLA12_CA-121,1.0,13.8,13.8,0.9,7.5,999.300739482,14.3
NLA12_CA-123,1.0,5.2,19.1,7.3,6.5,998.414999938,5.7
NLA12_CA-128,1.0,3.0,16.4,7.1,6.7,998.906240479,3.5
NLA12_CA-132,1.0,7.8,16.3,11.2,8.0,998.922869512,9.6
NLA12_CA-135,1.0,15.5,14.4,6.8,6.5,999.216796636,16.0
NLA12_CA-138,1.0,0.8,17.2,9.5,7.6,998.769125663,1.3
NLA12_CA-141,1.0,3.2,16.0,4.2,6.2,998.972069844,3.7
NLA12_CA-143,1.0,7.8,16.6,2.6,8.1,998.872640626,8.3
NLA12_CA-145,1.0,3.0,23.3,9.0,8.1,997.496906247,3.5
NLA12_CA-154,1.0,2.5,20.0,6.9,8.2,998.23363614,3.0
NLA12_CA-156,1.0,2.2,24.2,8.4,8.5,997.277087685,2.7
NLA12_CA-157,1.0,6.7,17.6,9.9,8.1,998.697873523,7.2
NLA12_CA-166,1.0,6.2,20.5,9.7,7.4,998.129184787,6.7
NLA12_CA-167,1.0,7.8,7.3,11.9,7.3,999.915263059,8.3
NLA12_CA-168,1.0,23.5,19.0,2.6,8.8,998.4346181,24.1
NLA12_CA-172,1.0,12.3,16.1,8.1,8.1,998.955784462,12.8
NLA12_CA-174,1.0,5.5,20.6,7.7,7.3,998.107981274,6.0
NLA12_CA-180,1.0,28.6,10.9,6.9,8.0,999.643659373,29.1
NLA12_CA-181,1.0,5.3,20.4,7.8,7.8,998.15028418,5.8
NLA12_CA-188,1.0,28.5,12.4,14.8,7.2,999.47950115,29.0
NLA12_CA-190,1.0,1.5,24.8,7.1,7.1,997.126184824,2.0
NLA12_CA-200,1.0,9.7,10.1,12.9,7.6,999.719255718,10.2
NLA12_CA-206,1.0,44.5,8.9,9.0,7.3,999.816562907,45.0
NLA12_CA-208,1.0,1.0,22.2,4.3,9.3,997.754740417,1.5
NLA12_CA-212,1.0,14.0,4.3,7.3,6.0,999.999217146,14.8
NLA12_CA-223,1.0,24.3,6.5,6.2,7.3,999.950849314,25.8
NLA12_CA-R01,1.0,21.5,9.3,2.5,7.1,999.786303485,
NLA12_CA-R02,1.0,15.5,13.0,6.3,7.5,999.405855613,
NLA12_CA-R03,1.0,44.0,12.3,7.6,6.3,999.491337273,
NLA12_CA-R05,1.0,4.0,19.8,6.23,6.86,998.274681635,
NLA12_CA-R06,1.0,5.5,21.3,2.85,6.3,997.956659588,
NLA12_CA-R09,1.0,1.4,18.9,7.9,8.1,998.454128736,
NLA12_CA-R10,1.0,12.0,4.51,0.15,6.31,999.99782294,
NLA12_CA-R12,1.0,5.5,23.3,5.99,7.18,997.496906247,
NLA12_CO-101,1.0,1.7,23.9,6.7,8.4,997.351237033,2.2
NLA12_CO-101,2.0,1.3,19.9,5.9,8.4,998.254211615,1.8
NLA12_CO-102,1.0,12.0,5.0,0.2,6.6,999.991884245,14.0
NLA12_CO-103,1.0,4.5,20.5,6.8,8.1,998.129184787,5.0
NLA12_CO-104,1.0,6.2,18.7,0.1,8.3,998.492826488,6.7
NLA12_CO-105,1.0,3.9,19.6,1.7,9.1,998.315304407,4.4
NLA12_CO-106,1.0,6.7,20.0,0.7,7.2,998.23363614,7.2
NLA12_CO-107,1.0,15.9,6.4,3.6,7.6,999.954636707,16.4
NLA12_CO-108,1.0,4.5,14.9,6.7,8.7,999.143552986,4.9
NLA12_CO-109,1.0,12.0,8.0,0.2,6.5,999.876533402,12.5
NLA12_CO-110,1.0,3.5,17.0,6.8,8.0,998.804081136,4.0
NLA12_CO-111,1.0,5.5,19.2,5.3,7.5,998.395274484,6.0
NLA12_CO-114,1.0,5.0,8.4,5.6,7.0,999.85127841,5.1
NLA12_CO-115,1.0,3.5,17.8,5.8,7.8,998.661580905,3.3
NLA12_CO-117,1.0,4.5,19.4,0.1,8.1,998.355502635,5.0
NLA12_CO-119,1.0,30.0,4.7,5.0,6.6,999.995964631,30.0
NLA12_CO-121,1.0,2.5,16.5,5.7,8.0,998.889497429,3.1
NLA12_CO-124,1.0,4.5,16.8,0.0,7.3,998.838586815,4.8
NLA12_CO-125,1.0,6.0,13.1,5.6,7.5,999.393146184,6.5
NLA12_CO-127,1.0,4.8,21.7,6.3,9.7,997.867932624,5.3
NLA12_CO-129,1.0,1.6,23.0,0.1,7.4,997.568415787,2.1
NLA12_CO-130,1.0,5.0,11.0,0.1,7.8,999.633617872,5.8
NLA12_CO-131,1.0,7.0,16.0,4.3,7.9,998.972069844,7.6
NLA12_CO-131,2.0,7.1,16.4,4.9,8.6,998.906240479,7.6
NLA12_CO-133,1.0,1.9,13.3,7.3,8.3,999.36735714,2.4
NLA12_CO-R01,1.0,48.0,4.3,4.5,7.0,999.999217146,
NLA12_CO-R04,1.0,19.7,15.8,5.6,6.4,999.004295072,
NLA12_CO-R07,1.0,2.55,11.0,11.0,9.1,999.633617872,
NLA12_CO-R10,1.0,6.2,14.7,0.0,6.6,999.173206874,
NLA12_CT-101,1.0,1.5,21.7,8.6,7.2,997.867932624,1.9
NLA12_CT-101,2.0,2.0,24.3,7.3,6.9,997.252177717,2.5
NLA12_CT-102,1.0,19.5,7.7,0.1,6.6,999.893989449,19.3
NLA12_CT-103,1.0,23.0,6.5,1.0,6.0,999.950849314,23.6
NLA12_CT-104,1.0,5.0,13.4,0.0,6.9,999.354278143,5.7
NLA12_CT-105,1.0,5.7,21.5,5.6,7.7,997.912500055,6.3
NLA12_CT-107,1.0,4.0,15.4,0.0,6.4,999.067355757,4.5
NLA12_CT-108,1.0,2.0,26.0,7.7,7.4,996.814100146,2.5
NLA12_CT-115,1.0,6.5,17.1,0.6,6.4,998.786659495,6.7
NLA12_CT-115,2.0,6.5,24.4,3.6,6.5,997.227171299,6.7
NLA12_CT-118,1.0,8.7,13.0,0.37,5.6,999.405855613,9.2
NLA12_CT-126,1.0,3.4,25.5,7.1,7.0,996.945787423,3.9
NLA12_DE-101,1.0,1.2,28.8,6.5,7.9,996.034089264,1.7
NLA12_DE-101,2.0,1.2,21.8,7.1,7.6,997.845496469,1.7
NLA12_DE-102,1.0,0.8,25.0,10.1,9.1,997.075117666,1.3
NLA12_DE-103,1.0,1.2,26.0,8.2,6.6,996.814100146,1.7
NLA12_DE-104,1.0,1.4,22.0,5.4,6.5,997.800320317,1.9
NLA12_DE-105,1.0,1.9,26.6,14.4,8.0,996.652994774,2.4
NLA12_DE-105,2.0,1.7,20.6,11.4,7.6,998.107981274,2.2
NLA12_DE-107,1.0,0.9,22.1,8.9,7.5,997.777580733,1.4
NLA12_DE-121,1.0,1.0,20.4,1.9,6.3,998.15028418,1.5
NLA12_FL-101,1.0,2.9,26.21,7.41,7.49,996.758093879,4.4
NLA12_FL-101,2.0,3.2,28.9,7.2,8.2,996.00492275,3.7
NLA12_FL-102,1.0,3.3,26.31,5.5,8.44,996.731279907,3.8
NLA12_FL-102,2.0,3.4,30.0,7.8,8.7,995.678270103,3.9
NLA12_FL-103,1.0,1.0,30.1,6.2,8.6,995.64804911,1.2
NLA12_FL-104,1.0,6.2,21.0,1.0,7.4,998.022130385,6.7
NLA12_FL-105,1.0,3.0,29.1,5.6,8.4,995.946323772,3.5
NLA12_FL-106,1.0,2.4,26.4,6.6,6.2,996.707067917,2.8
NLA12_FL-107,1.0,5.6,26.6,6.4,6.9,996.652994774,6.1
NLA12_FL-108,1.0,5.0,29.6,4.0,7.1,995.798282035,5.5
NLA12_FL-109,1.0,1.9,29.8,6.4,7.5,995.73845077,2.4
NLA12_FL-110,1.0,2.1,27.7,7.9,5.8,996.349022479,2.6
NLA12_FL-110,2.0,2.3,30.6,7.3,5.9,995.495643364,2.8
NLA12_FL-114,1.0,6.1,22.4,1.5,6.8,997.708758401,6.6
NLA12_FL-123,2.0,12.0,19.6,0.8,5.4,998.315304407,12.5
NLA12_FL-126,1.0,1.9,29.7,7.4,8.0,995.768410152,2.4
NLA12_FL-130,1.0,1.5,29.0,6.7,6.3,995.975667535,2.0
NLA12_FL-132,1.0,0.6,31.3,9.7,8.5,995.278659169,1.1
NLA12_FL-141,1.0,0.6,30.9,5.9,4.7,995.403164462,1.1
NLA12_FL-R04,1.0,1.5,29.1,8.1,6.9,995.946323772,
NLA12_FL-R06,1.0,2.3,29.9,5.4,4.1,995.708404039,
NLA12_GA-101,1.0,2.2,27.13,3.4,7.63,996.50791728,2.7
NLA12_GA-101,2.0,2.0,28.3,3.3,6.9,996.178585955,2.6
NLA12_GA-102,1.0,0.8,28.39,1.59,5.36,996.152741349,1.2
NLA12_GA-103,1.0,3.3,23.5,0.2,6.17,997.448741171,3.8
NLA12_GA-104,1.0,12.5,22.22,0.0,6.4,997.750160283,13.0
NLA12_GA-105,1.0,20.3,15.01,5.5,5.13,999.127041772,20.8
NLA12_GA-107,1.0,2.8,24.76,4.16,6.41,997.136352447,3.3
NLA12_GA-111,1.0,2.9,28.98,1.08,5.17,995.981525667,3.4
NLA12_GA-112,1.0,4.6,18.74,0.02,5.73,998.485121512,5.1
NLA12_GA-112,2.0,4.0,28.48,5.02,5.87,996.126824258,4.5
NLA12_GA-114,1.0,2.5,25.4,0.2,6.6,996.97184274,3.0
NLA12_GA-118,1.0,9.2,12.58,0.17,5.91,999.457879547,9.7
NLA12_GA-127,1.0,1.5,28.25,3.59,5.62,996.192912706,2.2
NLA12_GA-R01,1.0,4.8,20.3,1.1,6.7,998.171279233,
NLA12_GA-R11,1.0,1.7,25.0,1.1,4.0,997.075117666,
NLA12_IA-101,1.0,3.0,21.2,5.6,8.2,997.978585866,6.7
NLA12_IA-101,2.0,6.6,26.3,0.1,7.4,996.733965486,7.1
NLA12_IA-102,1.0,1.2,28.2,9.33,8.7,996.207217031,1.7
NLA12_IA-103,1.0,5.7,17.1,2.0,7.0,998.786659495,6.2
NLA12_IA-104,1.0,6.5,17.8,0.05,6.22,998.661580905,7.0
NLA12_IA-105,1.0,2.5,23.37,6.09,8.33,997.480093138,2.8
NLA12_IA-106,1.0,4.0,24.9,0.2,7.8,997.100698921,4.7
NLA12_IA-107,1.0,2.5,19.3,7.8,9.0,998.375441973,2.8
NLA12_IA-109,1.0,1.5,19.02,1.12,9.77,998.430703062,1.5
NLA12_IA-113,1.0,10.0,17.4,0.4,6.5,998.733722447,10.5
NLA12_IA-120,1.0,2.3,20.9,8.8,8.3,998.043748198,2.8
NLA12_IA-120,2.0,3.0,27.81,6.17,7.56,996.318018877,3.6
NLA12_IA-127,1.0,6.5,22.2,0.04,6.63,997.754740417,6.6
NLA12_IA-132,1.0,1.5,21.16,3.95,8.12,997.987327659,2.4
NLA12_IA-134,1.0,2.4,27.2,7.0,8.7,996.488563408,2.9
NLA12_IA-150,1.0,5.9,13.0,0.0,5.6,999.405855613,6.4
NLA12_IA-152,1.0,3.2,27.8,7.6,8.0,996.320841909,3.7
NLA12_IA-R01,1.0,4.6,24.5,1.8,7.8,997.202068617,
NLA12_IA-R02,1.0,1.0,26.3,6.4,8.9,996.733965486,
NLA12_IA-R03,1.0,7.5,9.5,0.6,7.3,999.770353174,
NLA12_ID-101,1.0,4.0,18.48,8.44,8.39,998.534893892,6.5
NLA12_ID-101,2.0,4.0,21.0,2.82,7.94,998.022130385,4.0
NLA12_ID-102,1.0,2.68,22.43,13.2,8.55,997.701826516,3.0
NLA12_ID-103,1.0,5.84,15.96,0.34,6.78,998.978551787,6.3
NLA12_ID-104,1.0,3.49,21.42,6.7,9.92,997.93021291,4.05
NLA12_ID-105,1.0,10.47,6.73,0.03,7.4,999.941577852,12.5
NLA12_ID-107,1.0,3.79,19.17,7.02,7.59,998.401203372,3.6
NLA12_ID-108,1.0,4.52,17.07,1.51,6.77,998.791897779,4.75
NLA12_ID-109,1.0,15.0,17.5,8.3,8.65,998.715853572,15.0
NLA12_ID-110,1.0,2.97,17.18,0.06,6.8,998.772641392,3.1
NLA12_ID-112,1.0,5.46,7.54,0.05,8.09,999.902774542,6.0
NLA12_ID-112,2.0,5.0,7.63,0.03,6.24,999.897878008,5.1
NLA12_ID-113,1.0,5.49,8.4,0.1,6.13,999.85127841,5.6
NLA12_ID-121,1.0,4.63,13.04,5.91,7.17,999.400786681,5.5
NLA12_ID-122,1.0,6.0,21.65,5.84,8.63,997.87911263,6.5
NLA12_ID-143,1.0,1.72,20.57,7.39,8.42,998.114353247,2.2
NLA12_ID-145,1.0,11.56,6.93,7.18,6.61,999.932883965,12.1
NLA12_ID-148,1.0,29.5,4.34,0.65,7.88,999.999005188,32.8
NLA12_ID-149,1.0,8.5,5.58,0.55,7.24,999.980058933,9.0
NLA12_ID-151,1.0,2.66,16.91,6.89,10.14,998.819664477,3.2
NLA12_ID-158,1.0,25.31,3.97,7.6,6.8,999.999997879,35.5
NLA12_ID-165,1.0,14.71,5.14,0.01,7.06,999.989502836,14.6
NLA12_ID-166,1.0,3.11,15.48,6.77,7.53,999.054892472,3.6
NLA12_ID-168,1.0,25.09,6.3,8.57,6.32,999.95827579,26.0
NLA12_ID-175,1.0,10.59,14.67,6.07,7.48,999.177614058,11.5
NLA12_ID-180,1.0,3.51,18.94,8.98,5.98,998.446337399,4.0
NLA12_ID-194,1.0,4.17,19.01,8.48,8.72,998.432661118,4.27
NLA12_ID-198,1.0,1.75,19.18,6.07,8.83,998.399228147,2.1
NLA12_ID-203,1.0,1.24,20.01,5.68,8.37,998.231572801,1.7
NLA12_ID-205,1.0,9.98,4.72,0.04,6.24,999.995736177,10.0
NLA12_ID-207,1.0,3.44,14.35,3.61,9.42,999.223957175,3.8
NLA12_ID-209,1.0,4.63,14.49,9.44,8.27,999.203832356,4.6
NLA12_ID-214,1.0,5.0,19.71,6.75,8.14,998.293014302,5.9
NLA12_ID-215,1.0,48.84,3.95,0.03,6.29,999.999989479,50.0
NLA12_ID-216,1.0,0.65,18.48,7.12,8.67,998.534893892,1.15
NLA12_ID-218,1.0,20.5,3.83,0.065,5.69,999.999804701,21.3
NLA12_ID-220,1.0,4.73,18.17,7.19,7.19,998.593276611,5.85
NLA12_ID-221,1.0,1.0,16.82,6.74,6.34,998.835156546,1.0
NLA12_IL-103,1.0,7.0,13.1,0.3,7.0,999.393146184,7.7
NLA12_IL-103,2.0,7.0,12.5,0.4,7.1,999.467539314,7.5
NLA12_IL-104,1.0,8.5,14.9,0.3,7.3,999.143552986,9.3
NLA12_IL-105,1.0,16.0,8.9,0.1,6.9,999.816562907,16.5
NLA12_IL-106,1.0,7.5,17.2,0.2,7.0,998.769125663,8.7
NLA12_IL-109,1.0,9.5,11.1,0.2,6.5,999.623445989,10.0
NLA12_IL-109,2.0,9.5,11.9,0.6,6.6,999.537418151,9.8
NLA12_IL-110,1.0,4.0,19.0,1.2,7.9,998.4346181,4.5
NLA12_IL-111,1.0,9.5,19.5,0.2,7.7,998.335456703,10.0
NLA12_IL-112,1.0,2.5,25.1,1.2,7.0,997.049441242,2.8
NLA12_IL-114,1.0,14.0,8.1,,6.7,999.870431021,15.0
NLA12_IL-116,1.0,7.0,13.7,0.2,6.1,999.314306941,7.5
NLA12_IL-118,1.0,2.5,27.3,0.61,7.59,996.460837351,3.1
NLA12_IL-120,1.0,6.5,12.47,0.1,7.0,999.471141046,7.0
NLA12_IL-123,1.0,1.0,15.2,9.4,8.8,999.098186807,1.7
NLA12_IL-R01,1.0,4.5,20.1,5.7,7.2,998.212955436,
NLA12_IL-R03,1.0,3.1,19.3,5.5,6.6,998.375441973,
NLA12_IL-R04,1.0,6.0,12.5,0.28,6.9,999.467539314,
NLA12_IN-101,1.0,18.1,,,,,18.0
NLA12_IN-101,2.0,14.0,5.51,0.25,6.81,999.981759212,15.0
NLA12_IN-102,1.0,11.1,12.7,0.31,7.26,999.443239783,11.6
NLA12_IN-103,1.0,8.5,11.9,0.39,7.1,999.537418151,9.1
NLA12_IN-104,1.0,7.0,17.88,0.26,7.42,998.646940071,7.0
NLA12_IN-105,1.0,7.5,16.64,0.42,7.16,998.865866113,7.9
NLA12_IN-106,1.0,14.1,5.89,0.26,7.32,999.971636065,14.6
NLA12_IN-108,1.0,8.5,14.59,0.4,7.11,999.189314254,9.0
NLA12_IN-110,1.0,35.5,4.9,0.6,7.3,999.993399699,36.0
NLA12_IN-111,1.0,8.0,10.78,1.05,7.4,999.655536582,8.8
NLA12_IN-112,1.0,10.0,19.3,0.1,6.8,998.375441973,10.7
NLA12_IN-113,1.0,25.0,4.9,1.8,7.5,999.993399699,25.6
NLA12_IN-115,1.0,5.0,24.6,6.41,7.34,997.176869855,5.5
NLA12_IN-116,1.0,7.5,10.9,0.3,7.1,999.643659373,8.0
NLA12_IN-117,1.0,7.0,23.2,0.4,7.4,997.520841365,7.3
NLA12_IN-120,1.0,6.0,13.52,0.74,7.21,999.338421579,6.5
NLA12_IN-126,1.0,2.9,21.1,0.7,7.48,998.000409536,3.4
NLA12_IN-127,1.0,6.0,23.8,0.6,7.7,997.375759338,6.4
NLA12_IN-128,1.0,7.5,17.7,0.468,7.4,998.67978255,7.9
NLA12_IN-128,2.0,7.9,18.3,0.75,7.33,998.568921248,8.4
NLA12_IN-130,1.0,6.8,16.6,0.6,7.6,998.872640626,7.3
NLA12_IN-131,1.0,12.5,10.5,5.1,6.5,999.682514608,13.0
NLA12_IN-134,1.0,9.9,6.99,0.31,6.94,999.93016175,10.4
NLA12_IN-135,1.0,8.0,12.9,0.4,6.8,999.418441232,8.5
NLA12_IN-142,1.0,0.9,25.78,5.84,7.38,996.872331528,1.4
NLA12_IN-144,1.0,27.5,4.95,0.13,7.16,999.992661338,28.0
NLA12_IN-145,1.0,2.2,21.1,3.6,7.5,998.000409536,2.7
NLA12_IN-146,1.0,7.5,11.3,0.3,7.17,999.602712453,7.9
NLA12_IN-147,1.0,0.6,26.04,5.33,8.07,996.803463995,1.0
NLA12_IN-149,1.0,5.9,23.48,2.34,7.89,997.453575336,6.4
NLA12_IN-155,1.0,8.9,13.65,0.12,6.83,999.321045066,9.4
NLA12_IN-159,1.0,4.0,18.8,1.4,7.3,998.473531611,4.6
NLA12_IN-160,1.0,6.0,15.52,0.5,7.41,999.048632857,6.4
NLA12_IN-162,1.0,3.3,17.5,0.48,6.14,998.715853572,3.8
NLA12_IN-163,1.0,8.5,17.2,0.7,6.8,998.769125663,9.1
NLA12_IN-164,1.0,7.9,7.86,0.48,6.85,999.884838792,8.4
NLA12_IN-166,1.0,1.5,26.93,3.51,8.2,996.562966801,2.0
NLA12_IN-171,1.0,5.5,11.5,0.1,6.5,999.581461502,5.8
NLA12_IN-172,1.0,14.0,9.1,1.05,7.39,999.80170774,14.6
NLA12_IN-174,1.0,11.3,10.73,1.29,6.85,999.660429717,11.8
NLA12_IN-179,1.0,2.6,23.0,8.8,7.8,997.568415787,3.1
NLA12_IN-180,1.0,6.0,22.3,0.36,7.0,997.731799571,6.4
NLA12_IN-183,1.0,0.5,25.15,2.305,7.03,997.036537029,1.1
NLA12_IN-185,1.0,5.0,18.2,0.7,6.9,998.58767255,5.5
NLA12_IN-186,1.0,13.5,5.9,0.98,7.42,999.971340195,14.6
NLA12_IN-187,1.0,6.2,20.52,0.45,7.14,998.124952407,6.7
NLA12_IN-191,1.0,2.0,23.18,1.11,7.56,997.52561657,2.3
NLA12_IN-193,1.0,7.5,24.8,8.3,8.1,997.126184824,8.2
NLA12_IN-196,1.0,9.5,18.2,0.23,7.28,998.58767255,10.0
NLA12_IN-199,1.0,8.0,13.97,0.2,6.9,999.277396445,8.5
NLA12_IN-201,1.0,7.5,11.6,0.1,6.8,999.570642842,8.2
NLA12_IN-202,1.0,1.9,17.9,5.25,6.79,998.643268834,2.4
NLA12_KS-101,1.0,1.3,25.2,8.1,7.6,997.023669827,1.7
NLA12_KS-101,2.0,1.0,27.5,7.6,7.92,996.405111719,1.5
NLA12_KS-102,1.0,5.5,22.6,5.4,7.8,997.662375889,6.0
NLA12_KS-103,1.0,5.0,21.9,3.2,7.2,997.822958964,5.4
NLA12_KS-105,1.0,1.0,24.4,8.1,8.0,997.227171299,1.4
NLA12_KS-106,1.0,2.5,24.5,0.04,6.4,997.202068617,3.0
NLA12_KS-107,1.0,2.0,28.3,8.6,8.9,996.178585955,2.8
NLA12_KS-108,1.0,1.0,22.6,8.4,7.94,997.662375889,1.5
NLA12_KS-109,1.0,3.0,21.3,2.5,7.1,997.956659588,3.9
NLA12_KS-109,2.0,3.0,24.2,0.3,7.0,997.277087685,3.4
NLA12_KS-114,1.0,5.2,20.7,0.4,7.5,998.086673859,5.7
NLA12_KS-121,1.0,1.5,27.6,6.9,8.3,996.377112469,1.9
NLA12_KS-122,1.0,12.5,24.9,0.02,7.6,997.100698921,13.0
NLA12_KS-124,1.0,2.0,24.6,8.0,7.7,997.176869855,2.3
NLA12_KS-125,1.0,15.0,9.8,0.3,7.4,999.745410397,15.0
NLA12_KS-126,1.0,1.0,27.6,6.5,6.7,996.377112469,1.6
NLA12_KS-130,1.0,2.2,24.7,9.39,8.21,997.151575196,2.7
NLA12_KS-138,1.0,4.0,25.0,9.0,8.2,997.075117666,4.6
NLA12_KS-R02,1.0,6.0,22.8,1.2,7.8,997.615594487,
NLA12_KS-R07,1.0,5.0,24.9,4.1,7.9,997.100698921,
NLA12_KS-R08,1.0,4.5,21.2,0.7,7.8,997.978585866,
NLA12_KS-R11,1.0,4.8,24.9,4.9,8.0,997.100698921,
NLA12_KY-101,1.0,24.1,6.0,3.7,6.1,999.968298773,24.6
NLA12_KY-101,2.0,25.1,6.1,3.2,6.1,999.965107267,25.4
NLA12_KY-102,1.0,5.0,15.0,3.3,7.1,999.128548688,5.5
NLA12_KY-103,1.0,7.4,8.0,4.9,6.5,999.876533402,7.8
NLA12_KY-104,1.0,0.5,26.1,4.7,7.2,996.787481772,1.1
NLA12_KY-107,1.0,8.2,12.1,0.5,7.4,999.514631086,8.7
NLA12_KY-107,2.0,3.1,25.2,8.7,7.9,997.023669827,3.6
NLA12_KY-114,1.0,15.5,13.5,1.8,7.4,999.341076575,16.0
NLA12_KY-116,1.0,5.1,25.2,5.7,7.9,997.023669827,5.6
NLA12_KY-117,1.0,4.6,13.2,2.9,7.5,999.380313256,5.1
NLA12_KY-120,1.0,1.1,28.0,6.8,7.5,996.264209672,1.6
NLA12_KY-122,1.0,7.7,10.8,2.1,7.4,999.653570146,8.2
NLA12_LA-101,1.0,3.5,28.7,5.0,8.5,996.063166925,4.0
NLA12_LA-101,2.0,3.3,29.4,8.0,8.2,995.857762713,3.8
NLA12_LA-102,1.0,3.7,29.0,3.8,7.2,995.975667535,4.2
NLA12_LA-103,1.0,2.7,28.0,6.1,6.8,996.264209672,2.4
NLA12_LA-104,1.0,3.0,28.0,6.0,6.6,996.264209672,3.5
NLA12_LA-105,1.0,1.5,28.6,7.3,7.0,996.09215558,2.0
NLA12_LA-106,1.0,2.0,28.9,8.5,7.5,996.00492275,2.5
NLA12_LA-109,1.0,1.1,31.8,10.6,8.3,995.12111138,1.6
NLA12_LA-134,1.0,2.1,28.5,7.0,8.0,996.121055073,2.6
NLA12_LA-134,2.0,2.8,30.1,8.3,7.6,995.64804911,3.3
NLA12_LA-141,1.0,0.5,35.5,13.9,8.9,993.890667777,1.0
NLA12_LA-152,1.0,2.9,27.2,3.6,6.3,996.488563408,3.4
NLA12_LA-154,1.0,0.6,24.5,5.9,6.2,997.202068617,1.1
NLA12_LA-155,1.0,2.5,29.2,8.0,7.7,995.916891614,3.0
NLA12_LA-161,1.0,5.4,22.5,2.6,7.0,997.685617106,5.9
NLA12_LA-172,1.0,0.5,33.4,13.6,8.5,994.602840757,1.0
NLA12_MA-101,1.0,4.1,20.2,0.3,6.3,998.192169726,4.6
NLA12_MA-101,2.0,3.8,19.9,6.0,5.5,998.254211615,4.3
NLA12_MA-102,1.0,1.5,20.8,8.2,7.6,998.065262762,2.0
NLA12_MA-103,1.0,2.5,17.8,8.1,5.6,998.661580905,3.0
NLA12_MA-104,1.0,7.3,21.3,3.9,6.2,997.956659588,7.8
NLA12_MA-105,1.0,6.0,13.4,0.4,6.1,999.354278143,6.5
NLA12_MA-105,2.0,6.5,12.7,0.5,5.8,999.443239783,7.0
NLA12_MA-106,1.0,3.7,21.6,7.0,6.2,997.890267222,4.2
NLA12_MA-108,1.0,1.0,22.2,2.9,5.6,997.754740417,1.5
NLA12_MA-109,1.0,9.9,12.4,0.9,5.4,999.47950115,10.4
NLA12_MA-110,1.0,13.3,10.8,0.3,6.2,999.653570146,13.8
NLA12_MA-111,1.0,3.0,20.8,5.5,5.2,998.065262762,3.5
NLA12_MD-101,1.0,11.1,8.0,2.0,6.8,999.876533402,11.6
NLA12_MD-101,2.0,10.4,10.4,0.0,6.7,999.691898971,10.9
NLA12_MD-102,1.0,1.0,28.0,7.1,7.7,996.264209672,1.2
NLA12_MD-103,1.0,2.6,22.4,5.2,6.7,997.708758401,3.1
NLA12_MD-104,1.0,1.2,27.2,14.5,9.6,996.488563408,1.6
NLA12_MD-105,1.0,1.3,25.9,7.3,7.2,996.840625111,1.8
NLA12_MD-105,2.0,1.1,27.5,6.4,7.2,996.405111719,1.6
NLA12_MD-108,1.0,2.0,26.9,4.5,7.8,996.571192578,2.5
NLA12_MD-115,1.0,0.7,29.3,7.3,7.6,995.887371211,1.2
NLA12_MD-118,1.0,0.5,26.6,9.0,7.1,996.652994774,0.9
NLA12_ME-101,1.0,2.8,24.8,7.8,6.8,997.126184824,3.3
NLA12_ME-101,2.0,2.5,20.2,8.7,6.5,998.192169726,3.0
NLA12_ME-102,1.0,24.5,10.1,3.8,6.5,999.719255718,25.0
NLA12_ME-103,1.0,26.8,6.7,4.6,6.3,999.942831348,27.3
NLA12_ME-104,1.0,2.0,21.3,10.0,8.8,997.956659588,2.3
NLA12_ME-105,1.0,1.7,23.1,7.3,7.2,997.544677943,2.2
NLA12_ME-106,1.0,32.5,,,,,32.0
NLA12_ME-107,1.0,13.0,11.0,0.2,5.8,999.633617872,13.5
NLA12_ME-108,1.0,30.0,9.3,6.3,6.5,999.786303485,31.0
NLA12_ME-109,1.0,16.0,11.3,0.1,7.0,999.602712453,16.5
NLA12_ME-110,1.0,17.5,11.7,2.5,6.1,999.559695841,18.0
NLA12_ME-113,1.0,1.3,18.8,7.6,5.1,998.473531611,1.8
NLA12_ME-114,1.0,22.0,5.8,2.3,6.29,999.974231084,23.2
NLA12_ME-115,1.0,4.3,9.7,0.3,5.6,999.753859802,4.8
NLA12_ME-116,1.0,3.0,22.5,7.2,6.6,997.685617106,3.0
NLA12_ME-118,1.0,8.2,9.7,0.1,6.1,999.753859802,8.7
NLA12_ME-120,1.0,5.2,14.6,0.1,6.2,999.187855893,5.7
NLA12_ME-121,1.0,11.6,7.4,,6.4,999.910160297,12.1
NLA12_ME-122,1.0,4.5,13.4,0.1,6.5,999.354278143,5.0
NLA12_ME-126,1.0,4.3,20.2,10.7,6.4,998.192169726,4.8
NLA12_ME-126,2.0,4.3,21.7,11.4,6.4,997.867932624,4.7
NLA12_ME-129,1.0,2.5,22.8,7.5,7.4,997.615594487,2.9
NLA12_ME-130,1.0,4.5,12.9,2.6,5.7,999.418441232,5.1
NLA12_ME-134,1.0,2.5,24.2,4.9,7.0,997.277087685,3.0
NLA12_ME-135,1.0,4.0,20.5,8.9,6.8,998.129184787,4.7
NLA12_ME-137,1.0,5.0,10.1,0.2,6.2,999.719255718,5.6
NLA12_ME-R02,1.0,3.0,24.4,7.62,6.4,997.227171299,
NLA12_ME-R03,1.0,4.5,11.7,0.7,5.4,999.559695841,
NLA12_ME-R06,1.0,9.0,12.3,7.4,6.5,999.491337273,
NLA12_ME-R07,1.0,15.5,6.4,0.8,6.2,999.954636707,
NLA12_ME-R08,1.0,24.0,9.1,7.6,6.0,999.80170774,
NLA12_ME-R10,1.0,23.0,7.4,6.9,6.7,999.910160297,
NLA12_ME-R11,1.0,3.0,25.4,7.1,7.1,996.97184274,
NLA12_ME-R15,1.0,45.2,4.6,7.7,5.3,999.997013154,
NLA12_MI-101,1.0,6.0,18.8,3.0,7.2,998.473531611,6.6
NLA12_MI-101,2.0,5.3,21.6,3.7,7.4,997.890267222,5.8
NLA12_MI-102,1.0,12.2,16.9,4.5,7.5,998.821390329,12.9
NLA12_MI-103,1.0,14.0,9.4,0.4,7.3,999.778396399,15.0
NLA12_MI-104,1.0,8.3,13.2,0.2,7.3,999.380313256,8.7
NLA12_MI-105,1.0,17.5,12.5,10.2,7.9,999.467539314,18.2
NLA12_MI-106,1.0,5.5,22.7,8.2,8.4,997.63903495,6.0
NLA12_MI-107,1.0,15.0,15.0,0.4,7.4,999.128548688,16.0
NLA12_MI-108,1.0,8.0,14.9,0.5,6.9,999.143552986,9.0
NLA12_MI-109,1.0,9.0,11.3,0.3,7.2,999.602712453,9.5
NLA12_MI-110,1.0,9.2,7.9,0.7,7.1,999.882494204,10.1
NLA12_MI-111,1.0,8.0,23.5,0.4,7.6,997.448741171,8.5
NLA12_MI-112,1.0,12.3,10.0,0.3,7.1,999.72810799,13.1
NLA12_MI-113,1.0,15.0,10.0,0.3,7.2,999.72810799,15.5
NLA12_MI-114,1.0,6.0,14.3,0.3,7.1,999.231087781,6.5
NLA12_MI-115,1.0,2.5,28.6,7.9,9.1,996.09215558,2.6
NLA12_MI-116,1.0,3.0,22.9,7.5,7.0,997.5920547,3.2
NLA12_MI-117,1.0,10.2,11.8,0.5,7.1,999.548620833,11.2
NLA12_MI-118,1.0,17.0,7.0,0.2,5.6,999.929702943,17.5
NLA12_MI-120,1.0,4.0,15.1,0.7,6.5,999.113426534,4.9
NLA12_MI-122,1.0,25.8,7.9,0.8,7.6,999.882494204,26.3
NLA12_MI-123,1.0,14.1,6.1,0.3,7.2,999.965107267,14.6
NLA12_MI-124,1.0,2.5,27.5,7.8,8.3,996.405111719,2.9
NLA12_MI-125,1.0,2.2,23.1,4.1,6.7,997.544677943,2.7
NLA12_MI-126,1.0,8.0,12.4,0.5,7.0,999.47950115,8.5
NLA12_MI-128,1.0,15.0,7.9,0.2,7.2,999.882494204,15.2
NLA12_MI-129,1.0,20.0,5.6,0.2,7.3,999.979559453,21.0
NLA12_MI-130,1.0,3.0,17.1,6.5,7.9,998.786659495,3.5
NLA12_MI-132,1.0,3.5,24.2,1.8,6.8,997.277087685,4.5
NLA12_MI-133,1.0,7.2,8.4,7.9,7.7,999.85127841,7.7
NLA12_MI-135,1.0,11.0,9.3,0.4,7.3,999.786303485,11.5
NLA12_MI-136,1.0,6.5,11.8,0.2,6.2,999.548620833,6.7
NLA12_MI-137,1.0,8.0,7.3,0.4,6.0,999.915263059,8.5
NLA12_MI-138,1.0,3.0,20.9,9.1,8.77,998.043748198,3.6
NLA12_MI-139,1.0,6.5,7.6,0.7,6.7,999.899523078,7.0
NLA12_MI-139,2.0,6.3,8.6,2.1,6.7,999.837809418,6.8
NLA12_MI-141,1.0,15.0,5.8,0.4,6.1,999.974231084,15.2
NLA12_MI-142,1.0,3.0,21.4,7.1,7.7,997.934630914,3.6
NLA12_MI-144,1.0,2.2,29.0,10.1,8.7,995.975667535,2.7
NLA12_MI-145,1.0,11.5,8.9,0.4,6.8,999.816562907,12.0
NLA12_MI-148,1.0,16.5,4.8,0.2,7.1,999.994759986,17.0
NLA12_MI-150,1.0,1.5,21.9,8.2,8.0,997.822958964,1.9
NLA12_MI-151,1.0,6.0,17.7,0.4,7.1,998.67978255,6.6
NLA12_MI-152,1.0,6.5,10.2,0.3,6.6,999.710269884,7.0
NLA12_MI-155,1.0,7.0,8.6,1.3,6.7,999.837809418,7.4
NLA12_MI-161,1.0,5.3,24.4,6.5,7.8,997.227171299,6.0
NLA12_MI-162,1.0,20.5,9.0,0.1,6.0,999.80920415,21.7
NLA12_MI-164,1.0,0.5,23.3,1.0,6.3,997.496906247,0.9
NLA12_MI-165,1.0,3.8,21.6,0.6,6.5,997.890267222,4.3
NLA12_MI-167,1.0,2.5,20.7,0.5,6.7,998.086673859,3.0
NLA12_MI-168,1.0,10.4,8.8,0.3,7.0,999.823783629,11.9
NLA12_MI-169,1.0,3.0,13.3,0.3,6.1,999.36735714,3.5
NLA12_MI-172,1.0,11.1,8.8,0.5,7.4,999.823783629,11.6
NLA12_MI-177,1.0,3.2,23.4,8.8,8.6,997.472872785,3.7
NLA12_MI-178,1.0,1.7,9.4,7.4,7.2,999.778396399,2.2
NLA12_MI-R08,1.0,3.6,19.8,5.6,6.8,998.274681635,
NLA12_MI-R09,1.0,26.5,6.9,0.0,7.3,999.934225366,
NLA12_MN-101,1.0,9.5,9.6,0.1,6.8,999.762174184,10.0
NLA12_MN-101,2.0,9.3,10.0,0.1,8.1,999.72810799,9.8
NLA12_MN-102,1.0,5.5,14.0,0.22,6.84,999.273240789,6.1
NLA12_MN-103,1.0,1.5,24.0,7.1,6.8,997.326617531,2.0
NLA12_MN-104,1.0,2.5,25.1,0.2,7.1,997.049441242,2.9
NLA12_MN-105,1.0,4.3,11.09,0.19,6.29,999.624469034,4.8
NLA12_MN-106,1.0,17.0,12.3,0.0,6.7,999.491337273,17.5
NLA12_MN-107,1.0,14.0,13.8,0.0,7.5,999.300739482,14.5
NLA12_MN-108,1.0,23.0,6.1,0.0,6.9,999.965107267,24.0
NLA12_MN-109,1.0,1.1,21.4,8.9,7.3,997.934630914,1.6
NLA12_MN-110,1.0,4.5,20.9,0.2,7.9,998.043748198,4.8
NLA12_MN-111,1.0,8.0,10.4445,0.265,6.915,999.687237081,9.1
NLA12_MN-112,1.0,2.6,21.8,1.9,8.2,997.845496469,3.1
NLA12_MN-113,1.0,1.6,26.2,6.2,8.3,996.760770161,1.6
NLA12_MN-114,1.0,2.6,21.9,5.5,9.0,997.822958964,3.1
NLA12_MN-115,1.0,10.0,11.34,0.01,7.19,999.598503569,10.6
NLA12_MN-116,1.0,8.0,,,,,8.5
NLA12_MN-118,1.0,1.0,23.7,13.2,9.9,997.400184256,1.0
NLA12_MN-119,1.0,3.5,24.6,6.2,8.3,997.176869855,4.0
NLA12_MN-120,1.0,3.6,13.53,10.62,8.4,999.337092248,3.9
NLA12_MN-121,1.0,9.5,,,,,9.5
NLA12_MN-122,1.0,3.5,20.41,7.54,8.73,998.148178932,4.0
NLA12_MN-123,1.0,4.3,15.0,0.0,7.0,999.128548688,4.8
NLA12_MN-123,2.0,4.4,16.5,0.1,6.4,998.889497429,4.9
NLA12_MN-126,1.0,2.0,24.8,9.6,6.7,997.126184824,2.5
NLA12_MN-127,1.0,2.0,20.8,0.0,7.1,998.065262762,2.0
NLA12_MN-130,1.0,3.0,20.36,7.19,6.74,998.158694735,3.6
NLA12_MN-131,1.0,0.8,24.9,1.1,7.4,997.100698921,1.1
NLA12_MN-132,1.0,11.7,10.11,0.0,7.28,999.718363139,12.0
NLA12_MN-135,1.0,0.5,21.9,3.6,7.4,997.822958964,1.1
NLA12_MN-136,1.0,1.5,20.25,8.41,7.38,998.181737564,1.7
NLA12_MN-137,1.0,1.0,16.9,9.6,9.4,998.821390329,1.3
NLA12_MN-138,1.0,2.6,17.0,2.9,5.9,998.804081136,3.1
NLA12_MN-141,1.0,5.0,23.7,0.5,6.9,997.400184256,5.6
NLA12_MN-143,1.0,1.5,24.6,0.6,7.8,997.176869855,1.7
NLA12_MN-144,1.0,1.4,23.1,11.7,8.9,997.544677943,1.8
NLA12_MN-145,1.0,3.7,19.6,1.0,7.1,998.315304407,3.6
NLA12_MN-147,1.0,4.0,12.4,0.2,5.9,999.47950115,4.4
NLA12_MN-150,1.0,3.0,17.08,0.28,6.48,998.790152807,3.5
NLA12_MN-152,1.0,3.0,21.5,0.6,7.6,997.912500055,3.3
NLA12_MN-153,1.0,5.0,16.5,0.11,7.12,998.889497429,5.6
NLA12_MN-157,1.0,6.0,16.97,0.07,6.67,998.809285713,6.0
NLA12_MN-158,1.0,1.5,20.2,7.8,8.7,998.192169726,1.8
NLA12_MN-160,1.0,3.5,14.5,0.0,5.9,999.20238591,4.0
NLA12_MN-162,1.0,6.0,8.7,0.0,6.4,999.830865928,6.3
NLA12_MN-163,1.0,2.5,22.1,9.0,8.9,997.777580733,2.6
NLA12_MN-167,1.0,2.3,24.4,6.0,8.5,997.227171299,2.9
NLA12_MN-170,1.0,7.0,10.5,0.0,6.9,999.682514608,7.5
NLA12_MN-171,1.0,1.0,23.3,5.8,8.2,997.496906247,1.3
NLA12_MN-177,1.0,1.0,24.9,4.2,8.0,997.100698921,1.5
NLA12_MN-180,1.0,7.3,13.41,0.09,6.2,999.352963497,7.8
NLA12_MN-181,1.0,1.0,21.8,7.4,8.3,997.845496469,1.7
NLA12_MN-R01,1.0,12.0,10.9,,7.4,999.643659373,
NLA12_MN-R12,1.0,2.0,27.2,13.9,9.0,996.488563408,
NLA12_MN-R13,1.0,5.5,7.7,0.0,6.1,999.893989449,
NLA12_MN-R14,1.0,22.1,5.8,0.0,6.8,999.974231084,
NLA12_MO-101,1.0,2.0,29.2,0.7,7.0,995.916891614,2.7
NLA12_MO-101,2.0,3.1,19.8,4.1,7.7,998.274681635,3.6
NLA12_MO-102,1.0,9.0,21.1,0.9,6.5,998.000409536,10.8
NLA12_MO-103,1.0,10.5,23.6,0.0,,997.424511597,8.6
NLA12_MO-104,1.0,7.0,16.7,0.2,7.0,998.855670334,7.5
NLA12_MO-105,1.0,6.0,25.1,5.6,6.4,997.049441242,6.7
NLA12_MO-106,1.0,4.0,25.3,5.0,7.7,996.9978036,4.6
NLA12_MO-107,1.0,2.0,26.0,4.5,8.0,996.814100146,2.5
NLA12_MO-108,1.0,4.3,23.1,4.3,7.0,997.544677943,4.8
NLA12_MO-108,2.0,4.0,26.5,7.2,8.5,996.680077623,4.6
NLA12_MO-109,1.0,8.0,9.7,0.0,6.7,999.753859802,9.5
NLA12_MO-110,1.0,8.0,11.6,0.0,6.3,999.570642842,8.2
NLA12_MO-115,1.0,6.5,14.4,0.0,,999.216796636,6.8
NLA12_MO-117,1.0,6.0,15.1,4.1,7.4,999.113426534,6.5
NLA12_MO-119,1.0,3.0,23.3,5.0,7.3,997.496906247,3.5
NLA12_MO-120,1.0,3.0,18.7,0.1,7.0,998.492826488,3.6
NLA12_MO-122,1.0,3.1,20.7,0.0,6.3,998.086673859,3.6
NLA12_MO-123,1.0,3.0,19.6,0.0,6.9,998.315304407,3.3
NLA12_MO-126,1.0,1.5,25.8,2.2,7.7,996.867056496,2.1
NLA12_MO-R01,1.0,20.0,7.2,0.7,7.5,999.920221368,
NLA12_MO-R02,1.0,3.8,29.3,3.3,8.1,995.887371211,
NLA12_MS-101,1.0,2.7,29.57,8.92,8.81,995.807226515,3.2
NLA12_MS-101,2.0,2.6,30.82,3.69,7.95,995.427901135,3.1
NLA12_MS-102,1.0,5.7,14.7,0.32,6.26,999.173206874,6.2
NLA12_MS-103,1.0,7.0,22.13,0.34,4.92,997.770739206,7.5
NLA12_MS-104,1.0,1.7,27.9,6.12,7.18,996.292570921,2.3
NLA12_MS-105,1.0,5.4,27.64,5.2,4.79,996.365887353,5.9
NLA12_MS-107,1.0,4.7,24.43,8.38,7.06,997.219650593,5.2
NLA12_MS-112,1.0,2.0,32.4,8.28,7.27,994.929266228,2.5
NLA12_MS-113,1.0,6.5,24.41,3.06,5.37,997.224665359,
NLA12_MS-116,2.0,6.4,21.56,0.6,3.87,997.899172579,6.9
NLA12_MS-119,1.0,5.7,16.24,0.26,6.61,998.932792093,6.2
NLA12_MS-125,1.0,0.5,28.22,0.79,6.93,996.201497994,
NLA12_MS-126,1.0,2.0,26.84,1.2,5.17,996.587619318,2.5
NLA12_MS-128,1.0,5.8,28.19,1.36,6.42,996.210075203,6.3
NLA12_MS-R03,1.0,4.5,15.41,0.24,6.66,999.065801929,
NLA12_MT-102,1.0,30.0,4.8,1.6,6.9,999.994759986,38.4
NLA12_MT-102,2.0,40.0,4.5,0.2,7.0,999.997905071,41.2
NLA12_MT-103,1.0,2.0,16.0,8.5,10.2,998.972069844,2.5
NLA12_MT-104,1.0,8.5,12.4,8.2,8.4,999.47950115,8.9
NLA12_MT-105,1.0,20.0,7.6,0.14,7.1,999.899523078,21.0
NLA12_MT-106,1.0,16.0,15.2,8.4,8.0,999.098186807,16.5
NLA12_MT-107,1.0,2.5,16.2,3.69,8.65,998.939384262,2.7
NLA12_MT-108,1.0,4.0,16.6,2.9,7.9,998.872640626,4.4
NLA12_MT-109,1.0,7.2,17.57,2.14,8.53,998.703279196,7.8
NLA12_MT-110,1.0,16.0,4.3,0.9,5.3,999.999217146,16.5
NLA12_MT-111,1.0,49.0,4.7,6.3,7.4,999.995964631,50.0
NLA12_MT-113,1.0,6.0,,,,,5.8
NLA12_MT-118,1.0,2.0,17.3,8.71,8.47,998.751479895,2.2
NLA12_MT-119,1.0,1.0,18.0,5.9,9.0,998.624846588,1.5
NLA12_MT-120,1.0,3.5,16.8,9.9,8.9,998.838586815,4.3
NLA12_MT-124,1.0,12.5,11.9,11.0,7.7,999.537418151,13.1
NLA12_MT-126,1.0,1.0,21.2,6.43,8.43,997.978585866,1.4
NLA12_MT-135,1.0,7.0,15.6,0.9,7.8,999.036057774,7.2
NLA12_MT-136,1.0,30.0,5.8,9.6,7.4,999.974231084,41.0
NLA12_MT-138,1.0,3.2,16.26,6.29,8.42,998.929489141,3.7
NLA12_MT-140,1.0,17.5,5.7,10.7,5.8,999.976970988,18.0
NLA12_MT-142,1.0,1.0,20.6,6.0,8.63,998.107981274,1.5
NLA12_MT-143,1.0,6.0,,,,,5.6
NLA12_MT-144,1.0,3.0,18.0,3.9,7.6,998.624846588,3.5
NLA12_MT-151,1.0,1.0,12.7,0.1,8.5,999.443239783,1.6
NLA12_MT-152,1.0,12.5,,,,,12.5
NLA12_MT-154,1.0,1.0,20.7,4.3,9.64,998.086673859,1.0
NLA12_MT-156,1.0,11.5,14.72,4.25,7.6,999.170262816,12.1
NLA12_MT-160,1.0,3.0,20.4,8.2,9.3,998.15028418,3.7
NLA12_MT-161,1.0,6.0,19.2,6.5,8.4,998.395274484,6.8
NLA12_MT-162,1.0,21.7,,,,,22.0
NLA12_MT-164,1.0,30.0,4.5,0.3,8.6,999.997905071,30.0
NLA12_MT-164,2.0,39.0,4.3,0.11,8.0,999.999217146,40.0
NLA12_MT-177,1.0,1.5,16.1,6.1,8.8,998.955784462,2.0
NLA12_NC-101,1.0,10.2,19.5,4.9,6.7,998.335456703,10.7
NLA12_NC-101,2.0,18.2,20.6,0.2,6.4,998.107981274,18.7
NLA12_NC-103,1.0,5.5,19.2,0.2,5.6,998.395274484,6.0
NLA12_NC-104,1.0,1.2,28.8,,4.0,996.034089264,1.7
NLA12_NC-105,1.0,42.0,8.5,0.1,6.0,999.844613709,42.5
NLA12_NC-107,1.0,2.0,23.75,4.25,6.8,997.384462277,3.4
NLA12_NC-108,1.0,11.2,8.8,0.2,5.9,999.823783629,11.7
NLA12_NC-109,1.0,8.1,11.1,0.7,6.0,999.623445989,8.6
NLA12_NC-114,1.0,3.6,24.2,3.9,7.4,997.277087685,4.1
NLA12_NC-115,1.0,1.9,25.6,,5.4,996.919637826,2.4
NLA12_NC-116,1.0,2.4,22.7,3.7,6.7,997.63903495,2.9
NLA12_NC-116,2.0,2.3,26.2,1.6,6.5,996.760770161,2.8
NLA12_NC-124,1.0,4.6,16.1,0.2,6.9,998.955784462,5.1
NLA12_NC-127,1.0,6.0,19.3,,6.2,998.375441973,6.5
NLA12_NC-134,1.0,3.8,27.8,6.2,7.3,996.320841909,4.3
NLA12_ND-101,1.0,3.2,15.5,8.4,8.4,999.051764994,3.7
NLA12_ND-101,2.0,3.5,24.9,3.9,8.3,997.100698921,4.0
NLA12_ND-102,1.0,3.2,22.0,7.69,8.1,997.800320317,3.5
NLA12_ND-103,1.0,2.6,23.4,6.4,8.9,997.472872785,3.1
NLA12_ND-104,1.0,6.0,14.5,1.5,8.0,999.20238591,6.5
NLA12_ND-105,1.0,9.0,20.5,8.7,6.68,998.129184787,12.4
NLA12_ND-106,1.0,3.5,24.0,8.9,8.6,997.326617531,3.9
NLA12_ND-107,1.0,1.8,23.5,7.8,8.9,997.448741171,2.3
NLA12_ND-108,1.0,1.5,20.47,8.95,8.95,998.135525547,1.9
NLA12_ND-109,1.0,4.0,25.2,6.3,8.8,997.023669827,4.5
NLA12_ND-110,1.0,1.5,16.6,8.8,8.6,998.872640626,1.8
NLA12_ND-112,1.0,5.5,14.23,9.76,8.64,999.241020274,6.0
NLA12_ND-113,1.0,2.0,19.0,8.6,8.6,998.4346181,2.7
NLA12_ND-114,1.0,1.3,26.5,5.2,8.3,996.680077623,1.9
NLA12_ND-115,1.0,8.0,11.87,2.2,7.86,999.540792342,9.0
NLA12_ND-115,2.0,9.5,10.6,2.7,7.7,999.672998114,10.0
NLA12_ND-118,1.0,4.0,18.2,9.59,8.44,998.58767255,4.0
NLA12_ND-119,1.0,1.6,21.37,11.19,8.76,997.941250255,2.0
NLA12_ND-126,1.0,1.5,16.8,7.6,8.8,998.838586815,2.0
NLA12_ND-129,1.0,1.5,21.5,8.5,9.2,997.912500055,2.1
NLA12_ND-131,1.0,14.2,20.63,1.17,7.99,998.101599949,15.0
NLA12_ND-134,1.0,4.75,22.7,1.89,8.44,997.63903495,5.1
NLA12_ND-139,1.0,3.0,15.5,7.4,8.6,999.051764994,3.5
NLA12_ND-145,1.0,2.5,21.4,7.2,8.7,997.934630914,3.0
NLA12_ND-146,1.0,2.0,15.9,8.43,8.66,998.988240137,2.3
NLA12_ND-149,1.0,3.8,25.2,4.5,8.9,997.023669827,4.3
NLA12_ND-151,1.0,2.5,18.33,4.5,8.59,998.563274554,2.5
NLA12_ND-155,1.0,1.2,17.2,5.2,9.6,998.769125663,1.7
NLA12_ND-156,1.0,4.2,20.26,1.42,8.41,998.17964799,4.5
NLA12_ND-160,1.0,2.6,24.6,6.6,9.2,997.176869855,3.1
NLA12_ND-162,1.0,2.5,16.5,6.0,8.6,998.889497429,3.0
NLA12_ND-163,1.0,2.0,17.7,9.1,9.0,998.67978255,2.5
NLA12_ND-164,1.0,4.3,25.2,5.4,8.6,997.023669827,4.8
NLA12_ND-167,1.0,3.5,21.6,10.8,8.8,997.890267222,4.0
NLA12_ND-172,1.0,3.0,24.16,7.76,8.7,997.287024626,3.3
NLA12_ND-173,1.0,2.3,19.24,4.48,8.2,998.387354314,2.8
NLA12_ND-178,1.0,7.0,14.9,4.6,8.2,999.143552986,7.5
NLA12_ND-186,1.0,1.0,18.5,7.9,8.5,998.531091297,1.5
NLA12_ND-187,1.0,10.2,17.6,0.8,8.0,998.697873523,10.7
NLA12_ND-190,1.0,0.6,22.8,7.4,9.0,997.615594487,1.1
NLA12_ND-194,1.0,2.2,23.12,5.59,8.99,997.53991852,2.4
NLA12_ND-196,1.0,3.4,24.2,5.6,8.8,997.277087685,4.0
NLA12_ND-198,1.0,1.4,25.0,7.0,8.5,997.075117666,1.9
NLA12_ND-199,1.0,1.7,20.48,5.72,8.76,998.133413002,1.9
NLA12_ND-202,1.0,1.5,23.2,10.2,8.5,997.520841365,2.1
NLA12_ND-R17,1.0,29.5,1.3,2.4,11.9,999.940725737,
NLA12_ND-R18,1.0,7.0,14.2,7.6,8.8,999.24525905,
NLA12_NE-101,1.0,9.7,24.9,0.3,7.9,997.100698921,10.2
NLA12_NE-102,1.0,1.1,19.0,8.5,9.1,998.4346181,1.6
NLA12_NE-103,1.0,4.0,26.0,4.5,8.4,996.814100146,4.4
NLA12_NE-104,1.0,2.2,26.2,4.1,8.9,996.760770161,2.7
NLA12_NE-105,1.0,2.5,20.0,8.4,9.4,998.23363614,3.0
NLA12_NE-106,1.0,2.3,28.5,3.1,8.4,996.121055073,2.8
NLA12_NE-107,1.0,0.6,23.1,9.1,9.3,997.544677943,1.1
NLA12_NE-108,1.0,1.1,18.5,7.8,9.3,998.531091297,1.6
NLA12_NE-109,1.0,5.5,25.6,6.1,8.3,996.919637826,6.0
NLA12_NE-110,1.0,1.0,27.3,4.3,9.4,996.460837351,1.5
NLA12_NE-111,1.0,1.9,23.0,7.6,8.4,997.568415787,2.4
NLA12_NE-112,1.0,0.9,21.3,7.8,9.4,997.956659588,1.4
NLA12_NE-113,1.0,2.0,19.1,7.6,8.9,998.414999938,2.5
NLA12_NE-114,1.0,10.0,25.4,2.0,7.6,996.97184274,10.5
NLA12_NE-121,1.0,1.1,21.3,7.4,8.9,997.956659588,1.6
NLA12_NE-125,1.0,1.0,20.3,9.2,9.3,998.171279233,1.5
NLA12_NE-127,1.0,0.5,21.5,8.7,9.1,997.912500055,1.0
NLA12_NE-129,1.0,1.5,29.6,7.4,8.6,995.798282035,2.0
NLA12_NE-129,2.0,1.7,23.8,4.5,8.4,997.375759338,2.2
NLA12_NE-133,1.0,0.7,26.4,7.6,10.4,996.707067917,1.2
NLA12_NE-135,1.0,0.5,25.2,12.2,9.6,997.023669827,1.0
NLA12_NE-149,1.0,0.9,22.9,12.9,9.7,997.5920547,1.4
NLA12_NE-154,1.0,2.0,22.5,3.6,8.8,997.685617106,2.5
NLA12_NE-156,1.0,0.5,22.5,9.7,10.1,997.685617106,1.0
NLA12_NE-157,1.0,21.0,7.2,0.2,9.8,999.920221368,21.6
NLA12_NE-158,1.0,2.5,23.9,7.1,8.3,997.351237033,2.9
NLA12_NE-160,1.0,7.0,20.3,3.5,8.6,998.171279233,7.5
NLA12_NE-170,1.0,3.0,22.8,6.0,9.1,997.615594487,3.5
NLA12_NH-101,1.0,5.5,10.1,0.0,6.2,999.719255718,6.1
NLA12_NH-101,2.0,5.5,11.4,0.0,6.2,999.592151485,5.8
NLA12_NH-102,1.0,2.49,20.6,5.7,6.1,998.107981274,3.1
NLA12_NH-103,1.0,5.5,10.1,0.0,6.2,999.719255718,43.9
NLA12_NH-104,1.0,8.0,11.1,2.1,5.5,999.623445989,9.1
NLA12_NH-105,1.0,2.0,23.3,7.6,6.0,997.496906247,2.5
NLA12_NH-107,1.0,2.01,22.5,3.0,6.6,997.685617106,2.4
NLA12_NH-108,1.0,2.2,15.6,10.5,6.33,999.036057774,2.7
NLA12_NH-109,1.0,15.9,8.3,5.4,5.2,999.857803126,18.9
NLA12_NH-111,1.0,5.03,16.6,0.0,6.3,998.872640626,5.5
NLA12_NH-112,1.0,3.49,15.8,4.3,5.3,999.004295072,4.1
NLA12_NH-112,2.0,3.46,19.6,2.1,5.4,998.315304407,4.1
NLA12_NH-115,1.0,3.69,24.9,7.4,6.4,997.100698921,4.3
NLA12_NH-R04,1.0,15.0,7.0,6.8,5.5,999.929702943,
NLA12_NJ-101,1.0,3.1,27.8,1.9,7.7,996.320841909,5.6
NLA12_NJ-101,2.0,2.3,20.8,8.1,8.5,998.065262762,2.8
NLA12_NJ-102,1.0,1.9,25.9,2.7,7.5,996.840625111,2.4
NLA12_NJ-104,1.0,3.1,17.9,0.2,6.2,998.643268834,3.6
NLA12_NJ-105,1.0,0.9,19.57,6.75,6.85,998.32136125,1.4
NLA12_NJ-106,1.0,3.9,18.36,0.08,6.18,998.557618038,4.4
NLA12_NJ-107,1.0,2.4,23.81,5.87,7.28,997.373311487,2.9
NLA12_NJ-108,1.0,1.6,18.86,6.46,5.81,998.46190283,2.1
NLA12_NJ-118,1.0,3.5,15.2,0.4,6.5,999.098186807,4.3
NLA12_NJ-119,1.0,2.7,27.6,5.1,7.5,996.377112469,3.1
NLA12_NJ-131,1.0,0.9,30.8,8.3,6.4,995.434076718,1.6
NLA12_NJ-131,2.0,1.3,22.7,9.3,6.2,997.63903495,1.8
NLA12_NJ-R01,1.0,3.3,18.6,6.2,5.0,998.512013129,
NLA12_NM-104,1.0,20.0,73.9,3.0,7.0,975.46392547,20.5
NLA12_NM-104,2.0,13.0,19.86,0.14,7.03,998.26241229,14.0
NLA12_NM-105,1.0,1.1,15.1,8.5,8.7,999.113426534,1.6
NLA12_NM-117,1.0,8.9,11.8,1.1,8.0,999.548620833,9.4
NLA12_NM-117,2.0,8.0,14.1,0.4,8.0,999.259310152,8.8
NLA12_NM-129,1.0,13.5,19.2,6.2,8.4,998.395274484,14.0
NLA12_NM-132,1.0,3.0,15.0,6.3,8.6,999.128548688,3.2
NLA12_NM-133,1.0,1.5,14.3,2.6,7.5,999.231087781,1.9
NLA12_NM-134,1.0,16.4,8.9,4.8,7.7,999.816562907,16.9
NLA12_NM-138,1.0,7.5,12.1,0.2,7.7,999.514631086,8.0
NLA12_NM-150,1.0,1.4,21.6,6.2,7.9,997.890267222,1.9
NLA12_NM-152,1.0,0.5,17.3,8.1,8.8,998.751479895,1.0
NLA12_NM-160,1.0,2.9,17.7,7.3,8.5,998.67978255,3.4
NLA12_NM-161,1.0,2.0,16.77,7.0,8.42,998.843723744,2.5
NLA12_NM-162,1.0,5.3,20.6,6.1,9.7,998.107981274,5.8
NLA12_NV-101,1.0,0.5,10.2,7.3,7.7,999.710269884,1.1
NLA12_NV-101,2.0,0.5,20.0,,8.0,998.23363614,1.0
NLA12_NV-102,1.0,1.5,19.6,9.5,8.8,998.315304407,2.1
NLA12_NV-103,1.0,1.5,21.6,12.3,9.3,997.890267222,2.0
NLA12_NV-104,1.0,5.7,20.9,,8.3,998.043748198,6.2
NLA12_NV-105,1.0,4.7,18.9,5.23,7.8,998.454128736,5.2
NLA12_NV-106,1.0,0.7,17.3,7.2,8.3,998.751479895,1.2
NLA12_NV-109,1.0,19.0,16.8,7.4,9.8,998.838586815,44.4
NLA12_NV-119,1.0,2.5,19.4,,9.8,998.355502635,3.0
NLA12_NV-119,2.0,1.7,19.6,,9.9,998.315304407,2.2
NLA12_NV-127,1.0,1.7,12.4,6.0,8.1,999.47950115,2.2
NLA12_NV-137,1.0,5.9,16.9,,7.9,998.821390329,6.4
NLA12_NV-141,1.0,3.5,20.7,4.1,8.3,998.086673859,4.0
NLA12_NV-144,1.0,1.2,14.7,,9.1,999.173206874,1.7
NLA12_NV-167,1.0,1.0,17.6,9.4,9.1,998.697873523,1.5
NLA12_NV-177,1.0,4.9,17.7,,8.5,998.67978255,5.4
NLA12_NV-193,1.0,3.4,14.5,1.1,8.1,999.20238591,3.9
NLA12_NV-R01,1.0,4.0,15.9,8.1,9.2,998.988240137,
NLA12_NY-0101,1.0,42.0,6.45,10.19,7.74,999.952761522,42.3
NLA12_NY-0101,2.0,47.0,5.8,7.3,7.3,999.974231084,43.7
NLA12_NY-0102,1.0,2.7,18.1,7.87,6.6,998.606314411,3.0
NLA12_NY-0103,1.0,8.8,5.6,18.6,,999.979559453,5.8
NLA12_NY-0104,1.0,2.0,20.55,2.3,7.41,998.118596032,2.6
NLA12_NY-0104,2.0,2.5,23.4,0.2,7.2,997.472872785,2.5
NLA12_NY-0106,1.0,6.5,10.3,9.8,6.2,999.701150849,7.0
NLA12_NY-0108,1.0,1.5,24.0,0.3,7.1,997.326617531,1.7
NLA12_NY-0109,1.0,5.0,7.36,0.0,6.0,999.91221871,4.8
NLA12_NY-0110,1.0,4.1,23.1,10.0,6.7,997.544677943,4.6
NLA12_NY-0111,1.0,5.0,13.4,8.0,5.4,999.354278143,5.7
NLA12_NY-0112,1.0,3.5,18.7,1.5,6.6,998.492826488,3.8
NLA12_NY-R02,1.0,15.5,5.1,13.9,7.5,999.990214101,
NLA12_NY-R03,1.0,13.5,4.6,0.1,6.2,999.997013154,
NLA12_NY-R04,1.0,1.0,25.7,8.1,8.6,996.893394126,
NLA12_NY-R06,1.0,4.0,16.5,0.1,5.7,998.889497429,
NLA12_NY-R07,1.0,0.8,18.8,2.2,5.6,998.473531611,
NLA12_NY-R08,1.0,2.5,28.1,8.6,6.7,996.235758323,
NLA12_NY-R11,1.0,8.9,11.5,11.4,7.4,999.581461502,
NLA12_OH-101,1.0,2.7,24.5,5.7,8.1,997.202068617,3.2
NLA12_OH-101,2.0,2.5,25.6,5.2,8.0,996.919637826,3.0
NLA12_OH-102,1.0,0.5,26.8,7.8,9.0,996.598552084,1.0
NLA12_OH-103,1.0,8.5,9.0,0.0,7.1,999.80920415,9.0
NLA12_OH-104,1.0,4.3,23.4,3.3,8.08,997.472872785,4.1
NLA12_OH-105,1.0,1.0,20.2,6.7,8.6,998.192169726,1.5
NLA12_OH-106,1.0,7.6,8.77,0.1,7.13,999.82592287,8.1
NLA12_OH-107,1.0,4.0,23.23,6.3,8.79,997.513671167,4.2
NLA12_OH-112,1.0,7.4,14.23,0.7,6.99,999.241020274,7.9
NLA12_OH-113,1.0,3.0,18.88,4.5,7.55,998.458017939,3.2
NLA12_OH-115,1.0,6.8,16.9,1.9,7.1,998.821390329,7.3
NLA12_OH-118,1.0,4.5,26.5,6.6,8.4,996.680077623,5.2
NLA12_OH-118,2.0,4.7,23.5,8.2,8.6,997.448741171,5.2
NLA12_OH-122,1.0,3.4,20.1,1.4,7.0,998.212955436,3.9
NLA12_OH-127,1.0,11.5,7.3,1.8,7.1,999.915263059,12.0
NLA12_OH-134,1.0,2.1,26.9,5.4,8.3,996.571192578,2.6
NLA12_OH-136,1.0,2.0,27.02,1.6,7.5,996.538239896,2.3
NLA12_OH-137,1.0,12.0,10.28,0.1,7.06,999.702985295,12.5
NLA12_OH-R02,1.0,6.8,8.9,0.0,6.7,999.816562907,
NLA12_OH-R03,1.0,3.5,22.8,0.4,6.7,997.615594487,
NLA12_OK-101,1.0,6.8,28.3,4.0,8.3,996.178585955,7.2
NLA12_OK-101,2.0,8.06,29.98,0.82,8.27,995.68430386,8.4
NLA12_OK-102,1.0,4.5,25.0,2.1,7.8,997.075117666,5.0
NLA12_OK-103,1.0,16.0,24.4,0.2,7.1,997.227171299,16.5
NLA12_OK-104,1.0,12.5,17.5,0.6,6.8,998.715853572,13.0
NLA12_OK-105,1.0,1.5,28.3,6.2,8.4,996.178585955,1.7
NLA12_OK-106,1.0,3.0,27.6,8.2,8.0,996.377112469,3.5
NLA12_OK-107,1.0,9.3,28.2,6.7,8.7,996.207217031,9.6
NLA12_OK-108,1.0,5.5,24.4,4.3,7.8,997.227171299,5.7
NLA12_OK-109,1.0,4.5,26.6,7.1,7.9,996.652994774,4.6
NLA12_OK-117,1.0,1.0,28.4,12.3,8.4,996.14986525,1.0
NLA12_OK-118,1.0,1.5,22.2,5.6,8.7,997.754740417,2.5
NLA12_OK-119,1.0,7.5,19.9,0.13,7.67,998.254211615,7.5
NLA12_OK-120,1.0,5.5,27.0,5.8,7.4,996.543741186,5.2
NLA12_OK-121,1.0,2.54,25.8,6.55,7.36,996.867056496,2.8
NLA12_OK-122,1.0,1.7,21.9,7.4,8.6,997.822958964,2.2
NLA12_OK-132,1.0,1.5,28.91,4.02,8.39,996.002001217,2.6
NLA12_OK-133,1.0,1.0,28.57,3.8,8.01,996.100834797,1.5
NLA12_OK-134,1.0,3.4,27.4,7.0,7.4,996.433020067,3.7
NLA12_OK-135,1.0,5.5,24.8,5.1,7.3,997.126184824,6.0
NLA12_OK-285,1.0,4.5,23.28,0.66,7.16,997.501701144,4.7
NLA12_OK-286,1.0,0.5,25.53,1.1,8.2,996.937952435,1.0
NLA12_OK-288,1.0,3.5,28.2,14.1,8.2,996.207217031,4.0
NLA12_OK-291,1.0,1.3,30.14,8.58,7.71,995.63593637,1.3
NLA12_OK-292,1.0,0.815,29.25,2.41,7.68,995.902142433,1.5
NLA12_OK-293,1.0,1.5,23.8,8.47,8.92,997.375759338,2.0
NLA12_OK-296,1.0,0.8,30.1,8.17,8.7,995.64804911,1.3
NLA12_OK-299,1.0,13.0,7.7,1.0,7.2,999.893989449,13.2
NLA12_OK-299,2.0,14.04,7.8,0.12,7.34,999.888313022,14.5
NLA12_OK-302,1.0,5.0,24.1,0.6,7.4,997.301901019,5.5
NLA12_OK-306,1.0,2.8,30.54,3.49,6.95,995.514046179,3.1
NLA12_OK-311,1.0,5.0,15.1,0.2,6.4,999.113426534,5.5
NLA12_OK-R01,1.0,8.0,12.5,0.2,7.4,999.467539314,
NLA12_OK-R09,1.0,5.0,22.7,2.5,8.2,997.63903495,
NLA12_OR-101,1.0,3.5,16.16,0.09,8.27,998.945958103,4.3
NLA12_OR-102,1.0,2.7,21.0,6.2,8.13,998.022130385,3.3
NLA12_OR-103,1.0,3.3,17.6,9.1,7.27,998.697873523,3.8
NLA12_OR-103,2.0,2.6,12.2,9.9,7.59,999.50304736,3.1
NLA12_OR-104,1.0,5.0,19.12,6.21,6.82,998.411063423,5.5
NLA12_OR-105,1.0,12.3,16.4,3.8,6.93,998.906240479,12.8
NLA12_OR-106,1.0,30.0,7.8,11.3,8.2,999.888313022,41.6
NLA12_OR-109,1.0,51.0,6.2,11.0,5.96,999.961766124,52.6
NLA12_OR-110,1.0,16.0,7.5,0.4,6.6,999.904913499,16.5
NLA12_OR-111,1.0,0.5,23.8,10.1,8.64,997.375759338,1.0
NLA12_OR-112,1.0,8.2,22.2,5.7,8.4,997.754740417,8.6
NLA12_OR-113,1.0,22.9,9.95,2.9,7.12,999.732483927,23.4
NLA12_OR-121,1.0,6.0,12.4,1.7,6.45,999.47950115,7.0
NLA12_OR-121,2.0,6.3,14.7,8.4,7.4,999.173206874,7.1
NLA12_OR-123,1.0,10.5,15.6,9.0,7.63,999.036057774,11.3
NLA12_OR-126,1.0,19.5,4.5,0.2,6.33,999.997905071,20.0
NLA12_OR-128,1.0,50.0,5.6,1.0,6.8,999.979559453,53.7
NLA12_OR-129,1.0,8.5,10.9,0.1,6.8,999.643659373,9.0
NLA12_OR-131,1.0,1.5,17.4,0.9,6.9,998.733722447,2.1
NLA12_OR-133,1.0,2.4,16.2,0.1,5.9,998.939384262,2.9
NLA12_OR-144,1.0,1.0,20.6,6.8,5.96,998.107981274,1.6
NLA12_OR-145,1.0,2.07,20.13,7.7,6.63,998.206730738,2.7
NLA12_OR-154,1.0,8.0,20.6,6.1,8.59,998.107981274,8.4
NLA12_OR-155,1.0,10.4,16.1,1.2,6.89,998.955784462,10.9
NLA12_OR-158,1.0,1.0,14.2,12.34,6.74,999.24525905,1.5
NLA12_OR-160,1.0,2.0,21.6,7.1,6.92,997.890267222,2.7
NLA12_OR-163,1.0,1.5,15.2,9.5,7.06,999.098186807,2.1
NLA12_OR-167,1.0,4.6,16.4,0.2,6.76,998.906240479,5.2
NLA12_OR-169,1.0,30.0,9.6,9.7,7.0,999.762174184,43.1
NLA12_OR-173,1.0,4.5,13.6,8.4,6.14,999.327752739,5.0
NLA12_PA-101,1.0,28.0,5.2,6.7,7.4,999.988389739,28.7
NLA12_PA-101,2.0,13.0,8.14,0.63,6.98,999.867950517,17.7
NLA12_PA-102,1.0,4.5,16.0,0.3,8.3,998.972069844,4.5
NLA12_PA-103,1.0,8.0,9.9,0.4,7.2,999.736826338,8.2
NLA12_PA-105,1.0,4.0,18.8,3.4,7.3,998.473531611,4.1
NLA12_PA-106,1.0,25.5,7.24,5.57,6.09,999.918255406,25.4
NLA12_PA-107,1.0,2.7,17.6,0.8,7.0,998.697873523,2.7
NLA12_PA-108,1.0,7.2,19.4,1.6,5.7,998.355502635,7.3
NLA12_PA-108,2.0,6.9,24.5,0.3,7.5,997.202068617,7.01
NLA12_PA-110,1.0,2.0,25.6,4.24,7.73,996.919637826,2.2
NLA12_PA-111,1.0,5.5,19.7,0.3,7.3,998.295045974,6.1
NLA12_PA-113,1.0,12.5,11.2,0.32,7.25,999.613144068,12.8
NLA12_PA-114,1.0,8.3,12.4,0.4,7.1,999.47950115,8.4
NLA12_PA-117,1.0,1.4,25.7,5.45,6.89,996.893394126,1.4
NLA12_PA-118,1.0,4.5,20.7,6.7,7.5,998.086673859,4.2
NLA12_PA-119,1.0,16.3,7.6,1.2,7.7,999.899523078,17.0
NLA12_PA-R10,1.0,14.9,7.4,4.3,5.9,999.910160297,
NLA12_PA-R11,1.0,11.9,10.0,2.7,5.3,999.72810799,
NLA12_RI-102,1.0,0.6,27.1,7.86,7.57,996.516198074,1.1
NLA12_RI-102,2.0,0.5,24.8,7.91,7.6,997.126184824,1.0
NLA12_RI-103,1.0,3.3,22.3,0.03,5.94,997.731799571,3.8
NLA12_RI-104,1.0,1.5,23.3,7.8,6.53,997.496906247,2.1
NLA12_RI-108,1.0,1.9,26.6,7.3,6.87,996.652994774,2.4
NLA12_RI-110,1.0,1.7,15.6,0.02,3.87,999.036057774,2.2
NLA12_RI-111,1.0,3.8,21.6,0.83,6.38,997.890267222,4.4
NLA12_RI-111,2.0,3.8,22.3,0.02,6.38,997.731799571,4.3
NLA12_RI-112,1.0,0.5,26.6,7.06,6.51,996.652994774,1.6
NLA12_RI-113,1.0,1.6,20.8,0.07,5.71,998.065262762,2.1
NLA12_SC-102,1.0,2.1,20.2,0.4,5.2,998.192169726,2.6
NLA12_SC-103,1.0,27.7,8.6,6.6,5.7,999.837809418,28.2
NLA12_SC-103,2.0,29.8,8.7,3.6,6.6,999.830865928,30.3
NLA12_SC-104,1.0,1.4,10.95,0.22,5.92,999.638654941,1.9
NLA12_SC-104,2.0,1.5,25.5,0.5,5.2,996.945787423,2.0
NLA12_SC-105,1.0,2.1,24.8,4.2,7.1,997.126184824,2.6
NLA12_SC-106,1.0,5.1,24.3,1.7,6.7,997.252177717,5.3
NLA12_SC-108,1.0,2.0,22.1,0.7,5.5,997.777580733,2.5
NLA12_SC-112,2.0,2.8,22.7,5.5,5.6,997.63903495,3.2
NLA12_SC-118,1.0,4.3,28.8,7.1,7.0,996.034089264,4.8
NLA12_SC-127,1.0,1.9,30.6,9.1,7.6,995.495643364,2.4
NLA12_SD-101,1.0,25.6,11.3,9.9,8.3,999.602712453,28.0
NLA12_SD-101,2.0,25.2,15.9,4.1,7.8,998.988240137,26.1
NLA12_SD-102,1.0,4.8,23.1,5.8,8.5,997.544677943,5.5
NLA12_SD-103,1.0,2.5,22.4,6.3,8.9,997.708758401,2.8
NLA12_SD-104,1.0,5.7,15.6,8.1,8.5,999.036057774,6.2
NLA12_SD-105,1.0,3.8,25.0,6.4,8.7,997.075117666,4.0
NLA12_SD-106,1.0,7.0,21.2,8.8,8.7,997.978585866,7.4
NLA12_SD-107,1.0,6.0,16.7,0.2,7.5,998.855670334,6.4
NLA12_SD-108,1.0,2.6,25.4,6.7,8.1,996.97184274,3.0
NLA12_SD-109,1.0,1.8,19.7,2.9,8.3,998.295045974,2.2
NLA12_SD-110,1.0,7.0,21.9,6.5,8.6,997.822958964,7.5
NLA12_SD-111,1.0,3.0,24.3,5.9,8.6,997.252177717,3.5
NLA12_SD-114,1.0,1.1,21.1,9.1,8.77,998.000409536,1.5
NLA12_SD-115,1.0,0.4,21.5,4.99,8.24,997.912500055,1.1
NLA12_SD-115,2.0,0.52,22.4,7.0,8.8,997.708758401,1.0
NLA12_SD-122,1.0,1.2,20.5,8.0,8.5,998.129184787,1.7
NLA12_SD-124,1.0,1.6,18.2,2.5,7.8,998.58767255,2.1
NLA12_SD-126,1.0,2.0,25.5,1.0,8.5,996.945787423,2.0
NLA12_SD-131,1.0,1.8,19.7,3.0,8.1,998.295045974,1.8
NLA12_SD-132,1.0,1.7,24.26,8.76,8.94,997.262153289,2.0
NLA12_SD-133,1.0,1.0,26.6,7.3,8.6,996.652994774,1.4
NLA12_SD-134,1.0,2.0,24.5,3.9,8.7,997.202068617,2.2
NLA12_SD-137,1.0,1.5,22.6,7.4,9.5,997.662375889,2.2
NLA12_SD-138,1.0,4.8,16.2,6.07,8.4,998.939384262,5.4
NLA12_SD-140,1.0,1.4,20.3,7.6,8.7,998.171279233,2.2
NLA12_SD-141,1.0,2.5,21.7,8.13,8.81,997.867932624,3.2
NLA12_SD-143,1.0,2.5,20.49,8.89,8.6,998.131299415,2.8
NLA12_SD-146,1.0,0.5,10.6,9.8,9.3,999.672998114,1.0
NLA12_SD-147,1.0,4.0,23.3,5.8,9.2,997.496906247,4.7
NLA12_SD-154,1.0,2.4,20.8,8.0,9.0,998.065262762,3.2
NLA12_SD-157,1.0,4.0,21.57,9.3,8.77,997.896947767,5.0
NLA12_SD-158,1.0,2.6,27.0,4.5,8.6,996.543741186,3.0
NLA12_SD-162,1.0,1.0,23.4,7.0,8.7,997.472872785,1.4
NLA12_SD-165,1.0,2.7,23.4,1.7,8.9,997.472872785,3.0
NLA12_SD-166,1.0,1.0,21.1,9.8,8.4,998.000409536,1.6
NLA12_SD-168,1.0,4.2,14.7,5.1,8.7,999.173206874,4.8
NLA12_SD-170,1.0,1.0,21.0,7.1,8.7,998.022130385,1.5
NLA12_SD-172,1.0,1.5,19.7,8.9,10.1,998.295045974,2.2
NLA12_SD-182,1.0,4.5,16.26,,8.0,998.929489141,4.8
NLA12_SD-183,1.0,6.0,26.3,8.1,8.5,996.733965486,7.0
NLA12_SD-189,1.0,1.9,26.2,7.7,8.9,996.760770161,2.0
NLA12_SD-198,1.0,1.1,24.6,5.9,8.5,997.176869855,1.3
NLA12_SD-212,1.0,3.8,23.0,3.5,9.0,997.568415787,4.3
NLA12_TN-101,1.0,3.3,19.13,0.32,6.93,998.409093557,3.8
NLA12_TN-101,2.0,3.3,21.94,0.5,6.71,997.813915631,3.8
NLA12_TN-103,1.0,3.5,19.71,2.31,7.18,998.293014302,4.0
NLA12_TN-104,1.0,13.0,20.5,0.8,7.8,998.129184787,13.5
NLA12_TN-106,1.0,2.5,25.59,4.53,6.97,996.922257024,3.0
NLA12_TN-108,1.0,3.5,20.12,0.19,7.23,998.208806687,4.0
NLA12_TN-108,2.0,3.5,24.42,2.82,7.23,997.222158458,4.0
NLA12_TN-113,1.0,6.0,11.6,0.16,6.88,999.570642842,6.5
NLA12_TN-114,1.0,1.1,26.6,1.23,7.0,996.652994774,1.6
NLA12_TN-114,2.0,1.0,24.62,9.37,8.88,997.171818589,1.5
NLA12_TN-119,1.0,10.3,8.72,0.15,5.66,999.82946056,10.8
NLA12_TN-122,1.0,2.1,25.8,6.97,7.24,996.867056496,2.6
NLA12_TN-R01,1.0,27.6,8.7,3.4,4.8,999.830865928,
NLA12_TX-101,1.0,0.5,27.7,6.2,8.3,996.349022479,1.0
NLA12_TX-101,2.0,0.5,26.0,5.5,8.0,996.814100146,1.0
NLA12_TX-103,1.0,5.5,25.5,5.7,8.5,996.945787423,6.0
NLA12_TX-104,1.0,0.3,29.7,7.2,9.0,995.768410152,0.8
NLA12_TX-105,1.0,6.6,27.5,0.2,6.9,996.405111719,7.4
NLA12_TX-107,1.0,2.9,29.3,2.7,8.9,995.887371211,3.4
NLA12_TX-109,1.0,2.0,30.5,4.7,7.7,995.52629747,2.5
NLA12_TX-110,1.0,10.5,26.1,0.6,7.5,996.787481772,10.5
NLA12_TX-111,1.0,4.3,27.1,2.1,7.7,996.516198074,4.8
NLA12_TX-112,1.0,2.0,28.2,7.3,8.7,996.207217031,2.5
NLA12_TX-113,1.0,4.6,30.4,0.04,7.0,995.556865241,5.1
NLA12_TX-114,1.0,4.0,29.9,5.7,7.9,995.708404039,4.5
NLA12_TX-116,1.0,3.0,29.74,1.71,7.65,995.756436891,3.5
NLA12_TX-117,1.0,3.0,27.3,0.6,7.1,996.460837351,3.5
NLA12_TX-117,2.0,2.5,28.5,1.4,7.5,996.121055073,3.2
NLA12_TX-118,1.0,0.6,30.4,6.7,7.9,995.556865241,1.1
NLA12_TX-121,1.0,9.5,27.9,,7.5,996.292570921,10.0
NLA12_TX-124,1.0,10.0,27.4,0.2,7.5,996.433020067,10.5
NLA12_TX-128,1.0,9.7,14.7,0.2,6.7,999.173206874,10.4
NLA12_TX-129,1.0,2.8,25.8,0.2,6.9,996.867056496,3.3
NLA12_TX-135,1.0,1.0,29.9,5.5,9.0,995.708404039,1.5
NLA12_TX-136,1.0,0.8,28.0,5.0,8.1,996.264209672,1.3
NLA12_TX-137,1.0,12.0,15.1,0.5,6.9,999.113426534,12.5
NLA12_TX-141,1.0,8.7,14.1,0.2,6.8,999.259310152,9.2
NLA12_TX-144,1.0,4.3,25.4,0.2,9.0,996.97184274,4.8
NLA12_TX-148,1.0,2.0,28.0,3.3,8.0,996.264209672,2.5
NLA12_TX-152,1.0,0.7,28.8,8.4,9.0,996.034089264,1.7
NLA12_TX-157,1.0,5.3,17.6,0.2,7.1,998.697873523,5.8
NLA12_TX-158,1.0,0.7,29.7,5.2,8.1,995.768410152,1.2
NLA12_TX-159,1.0,2.5,27.2,4.7,7.9,996.488563408,3.0
NLA12_TX-160,1.0,9.9,27.8,0.9,7.4,996.320841909,10.4
NLA12_TX-161,1.0,0.8,26.3,4.8,7.5,996.733965486,1.3
NLA12_TX-165,1.0,10.5,20.9,0.6,7.1,998.043748198,11.0
NLA12_TX-169,1.0,3.5,30.2,6.6,3.2,995.617741206,4.0
NLA12_TX-170,1.0,1.7,29.2,5.0,7.0,995.916891614,2.2
NLA12_TX-176,1.0,1.8,25.5,1.9,5.9,996.945787423,2.3
NLA12_TX-182,1.0,3.9,27.8,1.6,8.1,996.320841909,4.4
NLA12_TX-187,1.0,1.7,31.3,3.6,7.0,995.278659169,2.2
NLA12_TX-190,1.0,2.4,28.5,5.8,7.6,996.121055073,2.9
NLA12_TX-195,1.0,2.0,29.6,1.0,6.7,995.798282035,2.5
NLA12_TX-196,1.0,2.4,26.5,7.7,8.4,996.680077623,2.9
NLA12_TX-199,1.0,0.5,29.1,7.3,7.9,995.946323772,1.0
NLA12_TX-201,1.0,1.1,28.6,3.7,7.4,996.09215558,1.6
NLA12_TX-202,1.0,2.3,27.4,1.8,7.5,996.433020067,2.8
NLA12_TX-205,1.0,1.0,3.8,7.9,9.1,999.999722448,1.5
NLA12_TX-218,1.0,5.4,27.1,4.9,8.3,996.516198074,5.9
NLA12_TX-232,1.0,18.7,8.9,,6.6,999.816562907,19.3
NLA12_TX-234,1.0,4.0,23.8,3.1,7.6,997.375759338,4.6
NLA12_TX-235,1.0,2.5,24.4,4.6,7.1,997.227171299,3.1
NLA12_TX-R02,1.0,12.4,23.4,0.5,6.4,997.472872785,
NLA12_TX-R08,1.0,4.0,26.8,4.0,7.5,996.598552084,
NLA12_TX-R09,1.0,6.4,23.8,1.5,6.9,997.375759338,
NLA12_UT-101,1.0,2.5,12.53,9.38,8.22,999.463926297,3.0
NLA12_UT-101,2.0,1.6,17.3,8.8,9.5,998.751479895,2.1
NLA12_UT-102,1.0,31.5,11.3,5.7,8.3,999.602712453,33.0
NLA12_UT-103,1.0,33.5,4.8,6.8,7.9,999.994759986,34.0
NLA12_UT-104,1.0,6.2,16.13,6.2,8.29,998.950876446,6.7
NLA12_UT-105,1.0,13.5,14.1,5.2,8.1,999.259310152,15.0
NLA12_UT-108,1.0,3.2,14.46,7.79,8.4,999.208164532,3.7
NLA12_UT-109,1.0,2.5,14.6,6.2,9.3,999.187855893,3.0
NLA12_UT-110,1.0,2.5,14.53,7.7,8.04,999.198039417,3.0
NLA12_UT-110,2.0,2.9,17.5,7.29,7.72,998.715853572,3.4
NLA12_UT-112,1.0,1.4,17.6,6.8,8.9,998.697873523,1.7
NLA12_UT-118,1.0,5.8,13.0,5.46,6.85,999.405855613,6.3
NLA12_UT-122,1.0,15.5,3.7,0.2,5.6,999.999343828,17.0
NLA12_UT-125,1.0,5.8,16.0,10.8,8.79,998.972069844,6.3
NLA12_UT-126,1.0,3.3,15.9,14.0,9.27,998.988240137,3.8
NLA12_UT-128,1.0,1.0,19.2,7.7,8.6,998.395274484,1.5
NLA12_UT-137,1.0,1.9,18.6,2.56,8.28,998.512013129,2.4
NLA12_UT-141,1.0,2.2,19.43,4.16,7.93,998.349500038,2.7
NLA12_UT-147,1.0,1.2,17.44,5.9,6.8,998.726588255,1.7
NLA12_UT-148,1.0,0.6,24.25,5.33,8.34,997.264644769,1.1
NLA12_UT-159,1.0,2.8,15.6,10.3,7.4,999.036057774,3.3
NLA12_UT-160,1.0,5.9,17.6,9.1,8.6,998.697873523,6.4
NLA12_UT-165,1.0,0.8,14.95,6.68,8.22,999.136065587,1.3
NLA12_UT-167,1.0,0.5,20.9,4.05,8.58,998.043748198,1.0
NLA12_UT-169,1.0,3.7,17.8,3.6,7.88,998.661580905,4.2
NLA12_UT-173,1.0,13.5,16.94,0.99,7.45,998.814480162,14.0
NLA12_UT-186,1.0,3.2,16.72,4.68,7.0,998.85226268,3.7
NLA12_UT-196,1.0,3.6,18.1,4.87,8.23,998.606314411,4.1
NLA12_UT-203,1.0,10.5,6.0,6.8,7.0,999.968298773,11.0
NLA12_UT-210,1.0,7.9,6.39,1.36,7.46,999.955007296,8.4
NLA12_UT-218,1.0,19.5,16.9,3.16,7.55,998.821390329,20.0
NLA12_UT-222,1.0,1.7,19.7,3.41,8.79,998.295045974,2.2
NLA12_UT-229,1.0,4.5,14.4,6.18,8.31,999.216796636,5.0
NLA12_UT-260,1.0,3.8,14.3,9.8,8.54,999.231087781,4.3
NLA12_UT-264,1.0,7.5,10.3,0.0,6.73,999.701150849,8.0
NLA12_UT-290,1.0,1.3,16.0,4.0,7.63,998.972069844,1.8
NLA12_UT-294,1.0,10.5,17.97,7.1,8.03,998.630384816,13.0
NLA12_UT-324,1.0,15.5,4.91,0.37,5.84,999.993255128,16.0
NLA12_UT-325,1.0,31.5,3.47,0.1,7.09,999.997860903,33.0
NLA12_UT-343,1.0,4.4,11.91,3.32,6.86,999.536290873,4.9
NLA12_UT-359,1.0,0.6,15.23,4.17,8.95,999.093592004,1.2
NLA12_UT-374,1.0,15.5,18.3,6.18,8.36,998.568921248,16.0
NLA12_UT-392,1.0,10.8,15.64,2.61,8.35,999.029742341,11.3
NLA12_UT-397,1.0,1.0,10.34,9.46,8.59,999.697466019,1.5
NLA12_UT-400,1.0,10.5,6.89,0.0,8.63,999.934669577,11.0
NLA12_UT-409,1.0,0.6,15.0,8.1,8.23,999.128548688,1.1
NLA12_UT-412,1.0,5.2,11.7,6.94,7.74,999.559695841,5.7
NLA12_UT-424,1.0,0.9,9.54,7.71,6.99,999.767097849,1.4
NLA12_VA-101,1.0,1.25,30.4,5.6,7.2,995.556865241,1.7
NLA12_VA-101,2.0,1.8,28.0,0.6,7.3,996.264209672,2.3
NLA12_VA-102,1.0,4.7,13.3,0.4,6.3,999.36735714,5.2
NLA12_VA-103,1.0,7.0,10.1,0.4,7.1,999.719255718,7.5
NLA12_VA-104,1.0,4.9,18.8,0.8,7.5,998.473531611,5.4
NLA12_VA-105,1.0,2.7,16.71,0.48,6.02,998.853967073,3.2
NLA12_VA-106,1.0,1.8,25.7,0.8,7.5,996.893394126,2.3
NLA12_VA-108,1.0,3.0,22.7,0.4,8.2,997.63903495,3.5
NLA12_VA-109,1.0,0.8,23.9,13.5,9.1,997.351237033,1.3
NLA12_VA-109,2.0,0.8,28.4,7.2,8.1,996.14986525,1.8
NLA12_VA-110,1.0,11.5,8.5,0.4,7.0,999.844613709,12.0
NLA12_VA-111,1.0,3.3,15.7,0.4,6.0,999.020234375,3.8
NLA12_VA-112,1.0,1.4,27.8,7.3,7.4,996.320841909,1.9
NLA12_VA-114,1.0,3.5,14.9,0.2,6.9,999.143552986,3.9
NLA12_VA-116,1.0,4.5,10.2,0.2,7.3,999.710269884,4.5
NLA12_VA-118,1.0,1.1,26.8,0.5,8.5,996.598552084,1.6
NLA12_VA-119,1.0,2.0,28.5,2.3,8.6,996.121055073,2.5
NLA12_VA-121,1.0,4.0,28.7,0.5,6.6,996.063166925,4.5
NLA12_VA-123,1.0,1.0,27.3,6.9,7.8,996.460837351,1.4
NLA12_VA-125,1.0,34.5,13.6,4.1,7.0,999.327752739,35.0
NLA12_VA-126,1.0,3.6,16.05,0.48,6.75,998.963941522,4.1
NLA12_VA-127,1.0,1.7,28.1,5.9,7.4,996.235758323,2.2
NLA12_VA-130,1.0,3.6,16.8,0.7,6.3,998.838586815,4.1
NLA12_VA-R01,1.0,10.0,10.9,0.4,6.6,999.643659373,
NLA12_VA-R05,1.0,13.5,11.7,0.5,7.4,999.559695841,
NLA12_VA-R06,1.0,8.3,13.1,0.4,7.2,999.393146184,
NLA12_VA-R14,1.0,11.0,7.2,0.5,6.2,999.920221368,
NLA12_VA-R17,1.0,9.5,10.7,0.4,6.1,999.663349842,
NLA12_VA-R18,1.0,1.7,28.4,0.6,7.1,996.14986525,
NLA12_VT-101,1.0,15.0,7.03,5.66,5.56,999.928317782,
NLA12_VT-101,2.0,16.0,7.43,1.39,6.29,999.908601363,16.5
NLA12_VT-102,1.0,11.5,8.32,0.0,7.12,999.856509401,12.1
NLA12_VT-103,1.0,46.0,6.68,10.78,7.52,999.943659662,47.0
NLA12_VT-104,1.0,17.5,5.51,0.72,6.54,999.981759212,18.0
NLA12_VT-106,1.0,3.5,11.87,0.03,6.11,999.540792342,4.1
NLA12_VT-109,1.0,1.5,23.63,6.96,6.23,997.417223652,1.9
NLA12_VT-110,1.0,14.0,5.62,0.0,6.37,999.979053897,14.6
NLA12_VT-112,1.0,3.0,20.31,3.77,6.46,998.16918443,4.3
NLA12_VT-112,2.0,3.6,20.7,0.11,6.2,998.086673859,4.1
NLA12_VT-114,1.0,30.0,5.72,6.43,6.13,999.976435108,31.0
NLA12_VT-115,1.0,9.0,5.71,0.0,6.83,999.976703805,9.3
NLA12_VT-R01,1.0,4.0,20.4,6.85,7.35,998.15028418,
NLA12_VT-R02,1.0,24.0,4.41,0.25,6.15,999.998573498,
NLA12_WA-101,1.0,0.9,18.93,8.3,4.66,998.448286849,1.4
NLA12_WA-101,2.0,0.8,21.46,8.12,4.84,997.921364647,1.3
NLA12_WA-102,1.0,1.0,17.7,1.27,6.31,998.67978255,1.5
NLA12_WA-103,1.0,28.0,7.9,,6.59,999.882494204,28.7
NLA12_WA-104,1.0,7.8,20.5,7.68,8.5,998.129184787,8.2
NLA12_WA-106,1.0,4.1,14.7,0.03,7.07,999.173206874,4.65
NLA12_WA-107,1.0,18.1,9.5,0.01,6.55,999.770353174,18.6
NLA12_WA-108,1.0,18.8,4.81,,6.31,999.994630954,19.3
NLA12_WA-110,1.0,6.5,14.6,0.31,6.3,999.187855893,7.0
NLA12_WA-111,1.0,18.5,7.64,0.01,7.38,999.897326789,19.05
NLA12_WA-112,1.0,7.4,9.73,0.02,6.92,999.751339141,8.4
NLA12_WA-114,1.0,3.4,18.35,10.75,8.49,998.559504634,3.9
NLA12_WA-115,1.0,11.1,6.7,0.01,7.14,999.942831348,11.6
NLA12_WA-116,1.0,32.5,7.79,0.07,7.36,999.888887079,33.0
NLA12_WA-118,1.0,4.6,8.42,8.38,6.54,999.849956656,5.1
NLA12_WA-120,1.0,10.1,8.3,0.06,7.3,999.857803126,10.6
NLA12_WA-121,1.0,12.8,8.66,0.01,6.91,999.833660003,13.3
NLA12_WA-124,1.0,13.3,6.8,0.02,6.94,999.938601643,13.8
NLA12_WA-125,1.0,3.8,9.5,10.5,7.1,999.770353174,4.3
NLA12_WA-126,1.0,6.3,7.61,1.12,6.26,999.898976153,6.8
NLA12_WA-129,1.0,7.0,6.3,11.1,7.11,999.95827579,7.5
NLA12_WA-131,1.0,8.2,5.46,0.07,6.96,999.982928014,8.7
NLA12_WA-133,1.0,2.4,22.9,7.86,7.6,997.5920547,2.9
NLA12_WA-133,2.0,2.3,18.8,9.3,7.9,998.473531611,2.8
NLA12_WA-138,1.0,13.3,8.26,0.02,6.65,999.860373729,13.8
NLA12_WA-141,1.0,3.6,21.73,13.8,9.65,997.861212431,4.1
NLA12_WA-146,1.0,4.7,12.75,7.48,6.81,999.43708683,5.2
NLA12_WA-147,1.0,7.0,14.4,0.19,7.27,999.216796636,7.5
NLA12_WA-151,1.0,50.0,7.5,9.3,6.45,999.904913499,58.5
NLA12_WA-154,1.0,2.3,16.8,8.3,7.8,998.838586815,2.8
NLA12_WA-157,1.0,0.9,18.05,9.97,7.73,998.615594225,1.4
NLA12_WA-159,1.0,12.1,14.11,0.05,7.06,999.257910457,12.6
NLA12_WA-R08,1.0,8.9,18.8,0.3,7.9,998.473531611,
NLA12_WA-R09,1.0,30.5,6.0,,7.6,999.968298773,
NLA12_WA-R10,1.0,8.0,18.1,19.3,8.4,998.606314411,
NLA12_WA-R11,1.0,3.3,13.4,9.8,5.2,999.354278143,
NLA12_WI-101,1.0,9.0,23.8,0.6,7.7,997.375759338,9.5
NLA12_WI-101,2.0,9.0,23.4,4.7,8.4,997.472872785,9.4
NLA12_WI-102,1.0,19.6,7.8,0.4,7.3,999.888313022,20.1
NLA12_WI-103,1.0,6.5,12.9,0.2,7.2,999.418441232,7.0
NLA12_WI-104,1.0,15.0,10.3,0.3,6.7,999.701150849,15.8
NLA12_WI-106,1.0,6.8,12.0,0.3,6.7,999.526088126,7.2
NLA12_WI-107,1.0,24.7,6.7,0.3,6.9,999.942831348,25.2
NLA12_WI-108,1.0,8.7,18.9,0.2,6.9,998.454128736,9.2
NLA12_WI-109,1.0,4.0,19.9,7.3,7.3,998.254211615,4.6
NLA12_WI-110,1.0,15.5,8.6,0.3,7.3,999.837809418,17.0
NLA12_WI-111,1.0,5.4,20.9,0.3,6.7,998.043748198,6.0
NLA12_WI-112,1.0,2.5,27.3,9.9,8.8,996.460837351,3.0
NLA12_WI-112,2.0,3.0,19.9,9.5,8.6,998.254211615,3.6
NLA12_WI-113,1.0,14.7,5.9,0.4,6.9,999.971340195,15.5
NLA12_WI-115,1.0,4.5,10.9,0.3,5.9,999.643659373,5.0
NLA12_WI-117,1.0,4.0,23.7,0.5,7.2,997.400184256,4.7
NLA12_WI-120,1.0,0.5,24.4,8.2,8.6,997.227171299,1.0
NLA12_WI-127,1.0,0.6,26.2,10.1,10.0,996.760770161,1.1
NLA12_WI-128,1.0,3.5,19.2,0.3,6.8,998.395274484,4.0
NLA12_WI-129,1.0,1.5,26.0,10.8,8.9,996.814100146,2.1
NLA12_WI-131,1.0,5.0,,,,,7.5
NLA12_WI-132,1.0,0.5,24.6,8.7,9.0,997.176869855,1.0
NLA12_WI-133,1.0,14.3,5.2,0.3,6.9,999.988389739,15.2
NLA12_WI-134,1.0,1.3,23.9,2.2,7.4,997.351237033,1.7
NLA12_WI-135,1.0,2.5,22.5,1.3,6.4,997.685617106,3.0
NLA12_WI-136,1.0,2.5,28.0,8.6,8.6,996.264209672,3.1
NLA12_WI-138,1.0,7.0,7.7,0.4,6.6,999.893989449,7.5
NLA12_WI-140,1.0,0.5,24.6,5.7,8.1,997.176869855,1.0
NLA12_WI-142,1.0,3.5,10.8,3.5,5.7,999.653570146,4.1
NLA12_WI-144,1.0,2.0,27.4,4.5,8.1,996.433020067,2.5
NLA12_WI-147,1.0,1.7,18.6,2.6,5.2,998.512013129,2.2
NLA12_WI-151,1.0,8.8,5.7,0.3,6.3,999.976970988,
NLA12_WI-152,1.0,16.3,14.4,0.3,7.3,999.216796636,16.3
NLA12_WI-153,1.0,1.9,13.4,7.3,7.1,999.354278143,2.4
NLA12_WI-154,1.0,7.0,4.7,0.3,5.9,999.995964631,8.1
NLA12_WI-155,1.0,1.3,25.1,4.8,7.1,997.049441242,1.8
NLA12_WI-157,1.0,5.0,15.5,8.8,8.2,999.051764994,5.7
NLA12_WI-161,1.0,3.5,17.5,7.1,7.8,998.715853572,3.9
NLA12_WI-163,1.0,3.0,22.4,2.7,6.3,997.708758401,3.5
NLA12_WI-166,1.0,1.3,24.5,1.62,,997.202068617,1.8
NLA12_WI-168,1.0,8.2,23.8,0.3,7.6,997.375759338,8.6
NLA12_WI-170,1.0,5.8,17.2,0.4,7.4,998.769125663,6.3
NLA12_WI-171,1.0,10.0,8.4,0.4,6.9,999.85127841,14.8
NLA12_WI-172,1.0,1.0,25.7,14.1,8.2,996.893394126,1.4
NLA12_WI-173,1.0,3.5,19.5,7.7,8.2,998.335456703,4.0
NLA12_WI-174,1.0,7.2,8.3,0.3,6.1,999.857803126,7.7
NLA12_WI-176,1.0,14.0,6.3,0.3,7.1,999.95827579,14.2
NLA12_WI-179,1.0,8.6,21.2,7.8,7.3,997.978585866,9.1
NLA12_WI-181,1.0,10.6,8.2,0.3,6.6,999.864187463,11.3
NLA12_WI-183,1.0,12.5,9.6,0.4,5.8,999.762174184,13.7
NLA12_WI-188,1.0,2.3,19.0,11.4,9.6,998.4346181,2.8
NLA12_WI-R06,1.0,6.0,16.5,4.7,5.9,998.889497429,
NLA12_WI-R08,1.0,1.5,19.8,8.0,7.3,998.274681635,
NLA12_WI-R11,1.0,1.0,21.2,8.3,6.6,997.978585866,
NLA12_WI-R12,1.0,5.5,16.8,8.2,5.0,998.838586815,
NLA12_WI-R13,1.0,4.8,23.2,23.5,6.7,997.520841365,
NLA12_WV-101,1.0,5.8,18.1,8.1,7.26,998.606314411,6.1
NLA12_WV-101,2.0,6.0,22.71,3.14,6.4,997.636695379,6.5
NLA12_WV-102,1.0,8.0,14.4,0.76,6.11,999.216796636,9.9
NLA12_WV-105,1.0,1.3,21.5,1.2,6.2,997.912500055,1.7
NLA12_WV-106,1.0,16.0,6.73,3.54,6.25,999.941577852,16.5
NLA12_WV-111,1.0,7.6,7.92,0.28,7.2,999.881313389,8.1
NLA12_WV-112,1.0,2.0,26.69,7.65,8.5,996.628541215,2.5
NLA12_WV-112,2.0,1.5,25.04,6.3,8.91,997.064858507,2.1
NLA12_WV-113,1.0,3.1,20.46,1.05,6.35,998.137637051,3.6
NLA12_WV-115,1.0,4.6,22.01,4.7,7.41,997.798050898,5.1
NLA12_WV-R01,1.0,4.4,23.8,7.8,6.5,997.375759338,
NLA12_WY-101,2.0,0.65,13.0,8.3,8.1,999.405855613,1.15
NLA12_WY-102,1.0,50.0,9.6,0.51,7.0,999.762174184,53.0
NLA12_WY-115,1.0,7.9,18.43,13.5,,998.544381343,8.4
NLA12_WY-116,1.0,13.0,4.13,,,999.999835436,13.5
NLA12_WY-125,1.0,26.3,16.5,4.15,5.76,998.889497429,26.8
NLA12_WY-133,1.0,15.3,4.68,12.4,,999.996186841,15.8
NLA12_WY-137,1.0,5.0,15.41,6.09,7.86,999.065801929,5.5
NLA12_WY-147,1.0,18.0,16.55,5.43,8.53,998.88108323,18.5
NLA12_WY-151,1.0,16.8,9.6,0.94,6.86,999.762174184,17.3
NLA12_WY-R01,1.0,47.9,4.2,0.0,7.3,999.999636326,
NLA12_WY-R02,1.0,43.3,4.5,7.1,7.0,999.997905071,
NLA12_WY-R04,1.0,3.1,15.8,0.0,6.0,999.004295072,
NLA12_WY-R08,1.0,9.1,7.0,0.0,6.1,999.929702943,
