SITE_ID,VISIT_NO,CyanoBV,logCyanoBV,TotalBV,CyanoPro
NLA12_AL-101,1,925910.4424,13.7385327945,4816820.0187,0.192224421674
NLA12_AL-101,2,221401.599,12.3077335215,7325533.8328,0.0302232716486
NLA12_AL-102,1,1920076.5684,14.4678756226,4023699.9403,0.477191787879
NLA12_AL-103,1,4101831.4434,15.2269441254,17701297.6142,0.231724901349
NLA12_AL-104,1,33249.8655,10.411806001,1601695.3351,0.0207591698442
NLA12_AL-105,1,40996557.742,17.5289986636,42868574.84,0.956331249523
NLA12_AL-105,2,7567217.081,15.8393359331,7850171.3911,0.963955651921
NLA12_AL-112,1,673498.8581,13.4202415794,7116806.7908,0.0946349785652
NLA12_AL-113,1,17662.7978,9.77921588743,169903.5065,0.103957817963
NLA12_AL-114,1,475063.546,13.0712038551,2567797.6324,0.185008171986
NLA12_AL-R03,1,83762.6296,11.3357422395,2348412.8005,0.0356677623211
NLA12_AL-R05,1,518787.3486,13.1592493452,733790.4872,0.706996557804
NLA12_AR-101,1,1067828.6226,13.8811378199,27102474.9833,0.0393996719214
NLA12_AR-101,2,390278.3729,12.8746155402,2922432.6369,0.133545720771
NLA12_AR-102,1,442252.1047,12.9996353711,1271812.8023,0.347733647515
NLA12_AR-103,1,381902.7625,12.8529213068,3525812.3197,0.108316248249
NLA12_AR-104,1,120058.3682,11.6957333052,924658.3395,0.129840788831
NLA12_AR-105,1,43242.5658,10.6745806086,272441.2474,0.158722536373
NLA12_AR-105,2,224387.6017,12.3211302002,5504882.5665,0.0407615601222
NLA12_AR-106,1,2539872.4043,14.7476244032,4656232.7446,0.545477974065
NLA12_AR-109,1,150951.991,11.9247171248,1375967.7856,0.109706050229
NLA12_AR-111,1,1925.4859,7.56293363045,6209281.0821,0.000310098041068
NLA12_AZ-101,1,16682.5559,9.72211889559,887175.3401,0.0188041248961
NLA12_AZ-101,2,785485.5077,13.5740572867,6315842.3149,0.124367498195
NLA12_AZ-102,1,37159.4896,10.5229744576,106108.1137,0.350204035339
NLA12_AZ-103,1,1006177.8011,13.8216693547,1632593.2552,0.616306479213
NLA12_AZ-106,1,1488062.6801,14.2129856172,8986037.4504,0.165597204364
NLA12_AZ-107,1,521775.2649,13.1649922471,2157611.2301,0.241830065408
NLA12_AZ-123,1,6742094.4075,15.7238811776,32355795.3737,0.208373626104
NLA12_AZ-127,1,328.2793,5.79386477043,774990.0816,0.000423591614647
NLA12_AZ-130,1,914200.4208,13.7258051052,1690922.0079,0.540652032754
NLA12_AZ-130,2,265615.2414,12.4898040797,866430.3873,0.306562702894
NLA12_AZ-140,1,10937104.9858,16.2076716934,13214429.6424,0.82766379494
NLA12_AZ-143,1,264413.141,12.4852680869,6150003.2243,0.0429939841259
NLA12_AZ-145,1,80954.49,11.3016424239,1743460.6828,0.0464332180236
NLA12_AZ-157,1,102363241.4,18.4440382354,102472695.16,0.998931873901
NLA12_AZ-R01,1,10566654.2152,16.1732137718,29168246.5978,0.362265663785
NLA12_AZ-R02,1,71524.4541,11.1777946856,1424402.0024,0.050213671407
NLA12_CA-101,1,1016564.0592,13.8319389294,5158581.8158,0.197062699691
NLA12_CA-101,2,578845.6003,13.2687910548,1360764.3294,0.425382696911
NLA12_CA-102,1,548995.4413,13.2158454168,4874562.5466,0.112624555753
NLA12_CA-103,1,28.2226,3.34012307542,14331.59,0.00196925812139
NLA12_CA-104,1,55991.5484,10.9329560369,645179.4501,0.086784457241
NLA12_CA-105,1,1600424.1905,14.2857792711,4411222.4195,0.362807412164
NLA12_CA-106,1,15985018.7431,16.587162513,23048968.063,0.693524269694
NLA12_CA-107,1,454026.2832,13.0259103679,1666582.9894,0.272429447611
NLA12_CA-108,1,630.032,6.44577061175,118687.0341,0.00530834732519
NLA12_CA-111,1,44453.5921,10.7022010498,651749.2204,0.0682065903703
NLA12_CA-111,2,24365.4565,10.100921691,286134.8033,0.0851537674515
NLA12_CA-112,1,2263.3931,7.72462033802,350785.6046,0.00645235457305
NLA12_CA-116,1,5497.7867,8.61210087205,357684.6618,0.0153704849191
NLA12_CA-119,1,88375.461,11.3893496196,267721.2156,0.330102568831
NLA12_CA-121,1,30436.9323,10.3234120283,792740.0179,0.0383945954698
NLA12_CA-128,1,7514.1717,8.92454607655,1067119.3372,0.00704154768642
NLA12_CA-132,1,672766.1857,13.4191531273,1411213.5781,0.476728821307
NLA12_CA-138,1,10662.5648,9.27449426916,1056794.2704,0.0100895369124
NLA12_CA-141,1,41667.1041,10.637467226,29790672.0843,0.00139866277545
NLA12_CA-143,1,144958.1611,11.8842004356,2533793.6302,0.0572099319267
NLA12_CA-145,1,907388.9892,13.7183265117,1996447.5758,0.454501786172
NLA12_CA-154,1,26443.9279,10.1827818419,608074.9948,0.043487938373
NLA12_CA-156,1,18817.9041,9.84256404137,728134.1568,0.0258440068005
NLA12_CA-166,1,23601.3363,10.0690586123,71418.1837,0.330466767387
NLA12_CA-167,1,4190.9287,8.34067763513,193286.6308,0.0216824551323
NLA12_CA-168,1,337019.3862,12.7278957335,41542480.2071,0.00811264480406
NLA12_CA-172,1,27213.7525,10.2114777311,68152.2388,0.399308268946
NLA12_CA-174,1,447564.7091,13.0115764076,651162.8277,0.687331478489
NLA12_CA-179,1,4738614.003,15.3712552465,201916801.18,0.0234681511162
NLA12_CA-180,1,104780.0091,11.5596182798,519252.9993,0.201789896719
NLA12_CA-181,1,93938.9428,11.4504003055,227706.8015,0.412543420667
NLA12_CA-188,1,1953640.1686,14.4852049434,2391036.3493,0.817068368355
NLA12_CA-190,1,388887.8086,12.8710461712,5006504.9437,0.077676505461
NLA12_CA-200,1,785.1259,6.66584408709,87385.4163,0.00898463305713
NLA12_CA-206,1,6527.6994,8.78380984779,209778.7757,0.0311170630976
NLA12_CA-208,1,204082.876,12.2262814452,331001.1837,0.616562375151
NLA12_CA-212,1,158798.3421,11.9753903876,283296.7973,0.560537018468
NLA12_CA-223,1,2899.1012,7.9721560369,273740.7216,0.0105906829757
NLA12_CA-R01,1,1586.4756,7.36927023114,336055.62,0.00472087209849
NLA12_CA-R02,1,236364.3861,12.3731299021,614805.3139,0.384454038955
NLA12_CA-R03,1,20710.8589,9.93841342625,473195.4179,0.0437680884399
NLA12_CA-R05,1,20332.8511,9.91999313781,227323.7955,0.0894444466549
NLA12_CA-R09,1,611.8766,6.41653062819,390089.0394,0.00156855624793
NLA12_CA-R10,1,1047491.0618,13.8619083979,1602031.9521,0.653851541742
NLA12_CA-R12,1,124717.6814,11.7338079131,176252.5764,0.707607706777
NLA12_CO-101,1,211193.0087,12.2605277275,2083748.2514,0.101352458752
NLA12_CO-102,1,7166.6172,8.8771890231,458551.2238,0.0156288258062
NLA12_CO-103,1,27193.239,10.2107236552,435671.5122,0.0624168398404
NLA12_CO-104,1,192041281.226,19.0732209133,309212303.942,0.621066104996
NLA12_CO-105,1,12377985.9861,16.3314301291,13495245.0824,0.917210907288
NLA12_CO-106,1,220564.2922,12.303944506,859389.5403,0.256652288464
NLA12_CO-107,1,296482.5302,12.5997435756,372090.4132,0.796802389103
NLA12_CO-108,1,63308.8604,11.0557805731,92536.0549,0.684153441255
NLA12_CO-109,1,2503.1316,7.82529786696,1330649.102,0.00188113575265
NLA12_CO-110,1,292338.6387,12.5856681309,1623387.7206,0.180079370437
NLA12_CO-111,1,19440.0318,9.87508971382,1269672.3011,0.0153110623766
NLA12_CO-114,1,528782.2678,13.1783320341,3298554.9258,0.160307249597
NLA12_CO-115,1,125737.8216,11.7419542371,462704.5365,0.271745383244
NLA12_CO-124,1,6745.8649,8.81668498874,115183.0362,0.0585664792538
NLA12_CO-125,1,783.7901,6.66414125491,85794.8729,0.00913562866296
NLA12_CO-127,1,3697507.6622,15.1231695458,3713624.2727,0.995660139714
NLA12_CO-129,1,88464.2648,11.3903539619,524907.2046,0.168533150288
NLA12_CO-131,1,29823.1912,10.303041598,381459.0219,0.0781819002509
NLA12_CO-131,2,285936.3708,12.5635245853,1759067.9135,0.162549932612
NLA12_CO-133,1,173.8286,5.15806975626,242334.0094,0.000717309965821
NLA12_CO-R01,1,7223.5435,8.88510090096,819959.8703,0.00880963052174
NLA12_CO-R04,1,7419.1007,8.91181312936,71702.1339,0.103471128354
NLA12_CT-101,1,74700.1735,11.2212376937,497278.7369,0.150217911921
NLA12_CT-101,2,63191.9865,11.0539327762,3999353.8965,0.0158005488225
NLA12_CT-102,1,2165.1316,7.68023642381,243518.5447,0.00889103375132
NLA12_CT-103,1,8841.3691,9.08719701921,401123.8096,0.0220414966362
NLA12_CT-104,1,8654223.2188,15.9735579931,10308165.2131,0.839550302104
NLA12_CT-105,1,1507061.1698,14.2256720672,3302062.513,0.456399951202
NLA12_CT-107,1,11999.1046,9.39258730932,2354419.8204,0.00509641674608
NLA12_CT-108,1,89679.7479,11.4040002466,438756.4453,0.204395283216
NLA12_CT-115,1,11879.9568,9.38260795655,731332.1042,0.0162442708747
NLA12_CT-115,2,617414.1276,13.3332952732,6927567.6338,0.0891242294897
NLA12_CT-118,1,23753.5438,10.075487011,155828.0495,0.152434326658
NLA12_CT-126,1,20373.1803,9.92197462369,83658.7919,0.243527067954
NLA12_DE-101,1,5848426.5765,15.5816832217,12701920.7925,0.460436391632
NLA12_DE-101,2,12732693.1803,16.3596835098,18214776.7066,0.699030978276
NLA12_DE-102,1,6564129.5665,15.69713047,18324415.0295,0.358217686946
NLA12_DE-103,1,25335.5165,10.1399625045,847604.3123,0.029890735727
NLA12_DE-104,1,3213740.4753,14.9829460738,13245122.164,0.242635774552
NLA12_DE-105,1,695.3143,6.54436397356,647711.085,0.00107349451955
NLA12_DE-105,2,50800.3747,10.8356590095,17796164.5122,0.00285456872829
NLA12_DE-107,1,20741.742,9.93990347054,1508505.9784,0.0137498573403
NLA12_DE-121,1,74176.7464,11.2142059892,3172981.5031,0.0233776170228
NLA12_FL-101,1,21619.9986,9.98137402644,651001.731,0.0332103550121
NLA12_FL-101,2,82945.3416,11.3259371349,586725.7996,0.141369855658
NLA12_FL-102,1,3390557.8298,15.0365050174,9112845.4256,0.372063573061
NLA12_FL-102,2,53453973.1176,17.794331526,53532944.509,0.998524807628
NLA12_FL-103,1,3588637.2067,15.0932830802,5150197.3419,0.696796058183
NLA12_FL-104,1,3503014.3112,15.0691343876,8066134.2658,0.434286635427
NLA12_FL-105,1,66340389.4747,18.0103094624,67884562.218,0.977252961604
NLA12_FL-106,1,43437.5918,10.6790805157,242448.3547,0.179162246136
NLA12_FL-107,1,33873.0834,10.430375978,1549375.2568,0.021862414061
NLA12_FL-108,1,1010567.8965,13.8260230046,3547927.6757,0.284833285476
NLA12_FL-109,1,8671067.5932,15.9755024776,12050645.2674,0.719552140221
NLA12_FL-110,1,87220.3059,11.3761924486,1306542.9709,0.0667565536248
NLA12_FL-110,2,36274.1778,10.4988614117,42198244.9713,0.000859613422896
NLA12_FL-114,1,111396.4434,11.6208506796,1212067.2882,0.0919061544557
NLA12_FL-123,1,35200.9383,10.4688280175,1189962.2404,0.0295815590654
NLA12_FL-123,2,26887.1934,10.1994053704,1661329.7015,0.0161841405566
NLA12_FL-126,1,7461054.8803,15.825207367,12966873.0484,0.575393531845
NLA12_FL-130,1,345970.2864,12.7541081729,1153520.5201,0.299925558645
NLA12_FL-132,1,1455910.0005,14.191141693,1745374.1239,0.834153537951
NLA12_FL-141,1,117822.9853,11.6769386526,448832.5604,0.262509888309
NLA12_FL-R04,1,22469.2514,10.0199030491,171405.4617,0.131088304755
NLA12_FL-R06,1,401.5031,5.9952152544,181363.207,0.00221380679489
NLA12_GA-101,1,1397304.4508,14.1500555463,2234938.1863,0.625209439512
NLA12_GA-102,1,71623.88,11.1791838169,6040555.798,0.0118571671871
NLA12_GA-103,1,228.804,5.43286574187,570559.7605,0.000401016713481
NLA12_GA-104,1,211096.9526,12.2600727979,624212.1767,0.338181407668
NLA12_GA-105,1,15831.7368,9.66977186259,896873.5063,0.0176521401165
NLA12_GA-107,1,58909595.2314,17.8915145425,88316633.2244,0.667027184808
NLA12_GA-111,1,340570.6146,12.7383777681,1493200.9334,0.228080901225
NLA12_GA-112,1,6863.2461,8.83393580122,470679.0046,0.0145815853967
NLA12_GA-112,2,142148.3036,11.8646261831,709268.9234,0.20041524295
NLA12_GA-118,1,30154.1004,10.3140761929,659772.0149,0.0457038184691
NLA12_GA-127,1,5102.5329,8.53749234248,2185559.2811,0.00233465774373
NLA12_GA-R01,1,388053.005,12.8688972201,1346812.5803,0.288126952982
NLA12_GA-R11,1,5350.7581,8.58499353079,63803.4579,0.0838631365151
NLA12_IA-101,1,3935286.054,15.185494132,26685895.4055,0.147466891937
NLA12_IA-101,2,16623463.1119,16.6263256958,17514479.4745,0.949126871632
NLA12_IA-102,1,1457322.682,14.1921115308,1457322.682,1.0
NLA12_IA-103,1,395675.2505,12.8883490793,753242.0654,0.525296274166
NLA12_IA-104,1,7882121.1106,15.8801076021,7986634.4326,0.986913971976
NLA12_IA-105,1,2213633.7648,14.6101459607,17200692.8082,0.128694453734
NLA12_IA-106,1,126498.0935,11.7479825159,20853175.9164,0.00606613083816
NLA12_IA-107,1,29159919.2116,17.1883056946,37155182.9341,0.784814308769
NLA12_IA-109,1,12448.9842,9.4293943082,1529864.6361,0.00813731091382
NLA12_IA-113,1,237419.9793,12.3775859164,1591387.8051,0.149190523227
NLA12_IA-120,1,835281.1124,13.6355236087,835281.1124,1.0
NLA12_IA-120,2,214200.5975,12.2746682264,695904.719,0.307801616589
NLA12_IA-127,1,2214523.0113,14.6105475935,5430416.3608,0.407799856248
NLA12_IA-132,1,23649690.6074,16.9788605907,35017455.6588,0.675368617236
NLA12_IA-134,1,23131953.5032,16.9567254882,26701002.0804,0.866332785322
NLA12_IA-150,1,784699.8815,13.5730566071,19865457.937,0.0395007194895
NLA12_IA-152,1,2577256.2339,14.7622359158,3584791.0246,0.718941834047
NLA12_IA-R01,1,1565389.5835,14.2636452861,4230472.253,0.370027148243
NLA12_IA-R02,1,7156484.2748,15.7835293953,10803729.5973,0.66240868122
NLA12_IA-R03,1,57951.6839,10.9673649062,380778.321,0.152192708208
NLA12_ID-101,1,160526.8201,11.986216311,524719.476,0.305928839013
NLA12_ID-101,2,938071.7609,13.7515817292,2411176.3222,0.389051498334
NLA12_ID-102,1,1944.48,7.57274986812,175113.1616,0.0111041339339
NLA12_ID-103,1,53344.0976,10.8845186152,139571.7994,0.38219825086
NLA12_ID-104,1,23752106.3462,16.9831817728,26270080.8773,0.904150484239
NLA12_ID-105,1,15451.4299,9.64545682821,1932239.9379,0.00799664140924
NLA12_ID-107,1,42407.0499,10.6550698986,172815.0949,0.245389732445
NLA12_ID-108,1,1129.8858,7.02987184465,85199.6575,0.0132616237336
NLA12_ID-109,1,2864751.5965,14.8679922016,72294192.4485,0.0396263032959
NLA12_ID-111,1,31092598.8687,17.2524803703,39644313.8229,0.784288990537
NLA12_ID-112,2,7767.136,8.95765677824,12330535.9124,0.000629910658805
NLA12_ID-113,1,3695278.67,15.1225665277,4326460.4878,0.854111271886
NLA12_ID-121,1,1715.2404,7.4473085247,147846.4361,0.0116014998078
NLA12_ID-122,1,5258874.0936,15.4754275112,8331667.681,0.631191052614
NLA12_ID-141,1,6424.6332,8.76789481864,226460.1916,0.028369812613
NLA12_ID-142,1,1986.8581,7.59430982581,15242.3608,0.130351073962
NLA12_ID-143,1,552893.2049,13.2229201423,1287492.8112,0.429434013216
NLA12_ID-145,1,1446.7418,7.27706927256,9319.2678,0.155242003025
NLA12_ID-148,1,94820.2748,11.4597385346,2926195.1035,0.0324039482831
NLA12_ID-149,1,53575.7086,10.8888510466,6969119.074,0.00768758691466
NLA12_ID-151,1,33283570.7244,17.3205744616,33283570.7244,1.0
NLA12_ID-158,1,43.0269,3.76182550149,7329.2993,0.00587053389947
NLA12_ID-165,1,5029.0031,8.5229770526,383912.0535,0.0130993623517
NLA12_ID-166,1,4865.252,8.48987379184,439944.3158,0.0110587904543
NLA12_ID-168,1,21559.0463,9.97855078935,744997.2632,0.0289384234882
NLA12_ID-175,1,8851834.4779,15.9961352811,8851834.4779,1.0
NLA12_ID-180,1,145129.7628,11.8853835371,287912.859,0.504075307036
NLA12_ID-194,1,1181167.511,13.9820139234,1304735.947,0.905292380206
NLA12_ID-198,1,23347694.6413,16.9660088066,25432165.2169,0.918038021623
NLA12_ID-203,1,3314042.0,15.0136791504,3421526.0093,0.968585944106
NLA12_ID-205,1,316374.4803,12.6646818552,1703839.9765,0.185683212428
NLA12_ID-207,1,547922.1902,13.2138885672,806357.0125,0.679503224634
NLA12_ID-209,1,421.7513,6.04441580382,21687.8422,0.0194464389823
NLA12_ID-210,1,20429.5454,9.92473743597,44073.9256,0.463529062181
NLA12_ID-214,1,1746432.475,14.3730856794,1802840.6117,0.968711523174
NLA12_ID-215,1,58.8001,4.07414355558,14987.812,0.00392319439288
NLA12_ID-216,1,4954114.713,15.4157290444,4954114.713,1.0
NLA12_ID-218,1,101338.0075,11.5262168173,1222349.39,0.0829042893374
NLA12_ID-220,1,850.671,6.74602544983,2050.4462,0.414871163164
NLA12_ID-221,1,184562.3614,12.1257426875,6279327.662,0.0293920577703
NLA12_IL-103,1,2567081.2499,14.758280111,4062091.5938,0.631960454515
NLA12_IL-103,2,2858507.3862,14.8658101536,6261315.644,0.456534624467
NLA12_IL-104,1,305308.6634,12.629078555,647144.3854,0.471778277442
NLA12_IL-105,1,2311265.9566,14.6533059655,17433573.8125,0.132575568352
NLA12_IL-106,1,31103701.5616,17.2528373913,54258386.219,0.57325150505
NLA12_IL-109,1,5176151.7605,15.4595724348,9180983.7348,0.56379053814
NLA12_IL-109,2,20973155.9075,16.8587538879,36535757.9208,0.574044637392
NLA12_IL-110,1,598092.6611,13.3015009726,1227238.5757,0.487348322439
NLA12_IL-111,1,1650902.6966,14.3168327851,6233268.9439,0.264853435887
NLA12_IL-112,1,2758021.6999,14.8300242053,5260968.3554,0.524242214282
NLA12_IL-114,1,43753.8694,10.6863353313,398538.8922,0.109785695339
NLA12_IL-116,1,111921.6425,11.6255542849,118283.4624,0.946215474497
NLA12_IL-118,1,5854426.0766,15.5827085274,7562629.4186,0.774125737564
NLA12_IL-120,1,530864.7176,13.1822624987,4429476.1565,0.119848193972
NLA12_IL-123,1,23256017.1282,16.9620744577,26811492.4972,0.867389875093
NLA12_IL-R01,1,10602.967,9.26888914659,251747.7516,0.0421174248136
NLA12_IL-R03,1,79676.4932,11.2857298802,987993.5958,0.0806447466246
NLA12_IL-R04,1,39484.3991,10.5836609134,4596294.9402,0.0085904842082
NLA12_IN-101,1,245153.4905,12.4096397852,889338.3876,0.275658280266
NLA12_IN-101,2,309856.141,12.6438634075,1654842.6444,0.187242057152
NLA12_IN-102,1,32120.8004,10.3772590868,5754395.2883,0.00558195931818
NLA12_IN-103,1,58581843.7049,17.8859353722,60323444.9271,0.971128949544
NLA12_IN-104,1,759889.2513,13.5409279797,4697660.0836,0.161759096609
NLA12_IN-105,1,3359893.7044,15.0274198958,12949453.7367,0.259462196068
NLA12_IN-106,1,3108214.2456,14.9495589217,3241554.0153,0.958865479622
NLA12_IN-108,1,1246148.1647,14.0355678835,2363149.4865,0.527325153072
NLA12_IN-110,1,656381.5638,13.394497551,1881755.8911,0.34881334338
NLA12_IN-111,1,4778779.6127,15.3796957607,8310856.5464,0.575004463862
NLA12_IN-112,1,2447576.1142,14.7106087517,3995251.6497,0.61262126364
NLA12_IN-113,1,131086.0685,11.7836093979,1158966.2063,0.113106031727
NLA12_IN-115,1,5131125.8679,15.4508356605,5960297.148,0.860884237898
NLA12_IN-116,1,21375.5976,9.97000525131,333883.3761,0.0640211496891
NLA12_IN-117,1,106966.6451,11.5802723368,2228550.0715,0.0479983135528
NLA12_IN-120,1,1641068.6059,14.3108581766,2197635.0615,0.746743003263
NLA12_IN-126,1,1259598.1004,14.0463032601,2151000.902,0.585586969875
NLA12_IN-127,1,2659667.9081,14.7937118264,2707470.7694,0.982344089606
NLA12_IN-128,1,57663.3737,10.9623774797,250957.0207,0.229773901281
NLA12_IN-128,2,85615.7938,11.3576250521,1425504.3982,0.0600599997503
NLA12_IN-130,1,1755342.7943,14.3781747202,1820378.8285,0.964273351688
NLA12_IN-131,1,9161.9153,9.1228105297,958563.4776,0.00955796409325
NLA12_IN-134,1,8286197.8987,15.9301017848,9819079.5487,0.84388743951
NLA12_IN-135,1,29494.2653,10.2919511268,249539.9679,0.118194554356
NLA12_IN-142,1,37286.1389,10.5263769253,2968883.1462,0.0125589782635
NLA12_IN-144,1,630322.7938,13.3539873383,2858823.1869,0.220483308198
NLA12_IN-145,1,50989.7187,10.8393792973,1976410.8325,0.0257991495804
NLA12_IN-146,1,65494.7484,11.0897252413,251058.8842,0.260874051953
NLA12_IN-147,1,623175.4823,13.3425834311,93321732.651,0.0066777101603
NLA12_IN-149,1,1418276.3052,14.1649528227,8909057.3774,0.159194878327
NLA12_IN-155,1,481912.5739,13.0855179946,1103511.3987,0.436708288168
NLA12_IN-159,1,3747395.2408,15.1365715541,5254975.0942,0.713113796664
NLA12_IN-160,1,156857.7659,11.963094724,599795.294,0.261518833957
NLA12_IN-162,1,1167994.0236,13.9707983256,6287034.2662,0.185778218178
NLA12_IN-163,1,519974.7003,13.1615354361,775993.6983,0.670075931595
NLA12_IN-164,1,114960.2234,11.652341464,3820681.3811,0.0300889322959
NLA12_IN-166,1,3917263.98,15.1809040038,4455267.7762,0.879243218764
NLA12_IN-171,1,246151.4908,12.4137024416,1213540.0188,0.202837555405
NLA12_IN-172,1,196534.9456,12.1885955347,308515.6749,0.637033906506
NLA12_IN-174,1,121919.0248,11.7111123722,1165601.678,0.104597502819
NLA12_IN-179,1,22894.6734,10.0386595599,50012934.8124,0.000457775043314
NLA12_IN-180,1,620232.9605,13.3378504292,3950565.5335,0.156998524702
NLA12_IN-183,1,379579.7535,12.8468200079,1374654.5407,0.276127377651
NLA12_IN-185,1,3855585.3164,15.1650333865,6003827.7166,0.642187867207
NLA12_IN-186,1,168558.8306,12.0350401109,424171.5727,0.397383609484
NLA12_IN-187,1,38223.0133,10.5511930556,2053890.4887,0.0186100541924
NLA12_IN-191,1,7747033.0969,15.8628205018,8876304.9323,0.872776809268
NLA12_IN-193,1,438738.7934,12.9916595113,1125614.1803,0.389777244351
NLA12_IN-196,1,86044.7489,11.362622776,1653586.8289,0.0520352166552
NLA12_IN-199,1,40007.764,10.5968288143,1242683.4395,0.03219465451
NLA12_IN-201,1,284472.1654,12.5583906909,1637678.6726,0.17370450636
NLA12_IN-202,1,78596.4564,11.2720818934,1509342.9501,0.0520732921532
NLA12_KS-101,1,819484.8755,13.6164312212,819484.8755,1.0
NLA12_KS-102,1,12989.693,9.47191147582,1730739.9886,0.00750528276088
NLA12_KS-103,1,1644225.8784,14.3127802408,3613429.895,0.455031902148
NLA12_KS-105,1,875239.3178,13.682252634,25574505.7491,0.0342231175995
NLA12_KS-106,1,2503.1316,7.82529786696,3031844.8095,0.000825613366541
NLA12_KS-107,1,6073.7753,8.71173565118,1881604.5992,0.0032279764317
NLA12_KS-108,1,18236.3208,9.81117053276,8975295.9153,0.00203183504723
NLA12_KS-109,1,112431.1761,11.6300965454,2264176.2509,0.0496565477424
NLA12_KS-109,2,71865.2883,11.1825486497,3913435.6759,0.0183637331112
NLA12_KS-114,1,214320.6409,12.2752284946,5285692.1093,0.0405473183962
NLA12_KS-121,1,2108165.9864,14.5613289267,6901769.0331,0.305452989848
NLA12_KS-122,1,43025.1752,10.6695406931,7143703.7088,0.0060228107091
NLA12_KS-124,1,1086209.1832,13.898204379,5048175.6877,0.215168657035
NLA12_KS-125,1,140779.5954,11.8549507932,2013838.217,0.0699061097419
NLA12_KS-126,1,11325.8981,9.33484724964,140486.3322,0.0806192169917
NLA12_KS-130,1,2123544.5928,14.5685972282,5243786.9588,0.40496393341
NLA12_KS-138,1,467463.3135,13.0550761508,1086497.7573,0.430247840236
NLA12_KS-R02,1,214513.9045,12.2761298381,1653989.2671,0.129694858828
NLA12_KS-R07,1,3192839.5314,14.9764212141,5037023.1159,0.633874305901
NLA12_KS-R08,1,1368705.8279,14.1293762002,2205638.8896,0.620548465279
NLA12_KS-R11,1,91255.5853,11.4214194783,617859.8046,0.147696264785
NLA12_KY-101,1,21953.9521,9.99670245241,137945.1606,0.159149853496
NLA12_KY-101,2,213.9871,5.36591573283,201532.5408,0.00106179924667
NLA12_KY-102,1,45801.4752,10.7320715792,1252276.7252,0.0365745639748
NLA12_KY-103,1,25064.0276,10.1291889338,1185222.73081,0.0211471033659
NLA12_KY-104,1,185400.1809,12.1302719078,27102240.2011,0.00684076960149
NLA12_KY-107,1,6072415.3328,15.619266997,10715498.2027,0.566694634065
NLA12_KY-107,2,225789.4367,12.3273581479,8981835.2643,0.0251384522267
NLA12_KY-114,1,672793.6023,13.4191938785,2670442.5752,0.251940861245
NLA12_KY-116,1,51263.7608,10.8447393644,4553480.2896,0.0112581492704
NLA12_KY-117,1,1336899.979,14.1058640433,18220830.5621,0.0733720658037
NLA12_KY-120,1,274254.3449,12.5218112209,2115811.3887,0.129621357728
NLA12_KY-122,1,561610.8303,13.2385644162,7372337.2672,0.0761781250566
NLA12_LA-101,1,2625313.7977,14.7807109888,5557686.2124,0.472375319039
NLA12_LA-101,2,34183643.8545,17.3472578378,36998907.9918,0.923909534359
NLA12_LA-102,1,249490.3535,12.4271755301,664632.975,0.375380642978
NLA12_LA-103,1,3444.4024,8.1445056996,42472.3334,0.081097555144
NLA12_LA-104,1,56024.8694,10.9335509676,2293248.2307,0.0244303554452
NLA12_LA-105,1,266614.4231,12.4935587854,834971.541,0.319309593212
NLA12_LA-106,1,550060.1744,13.2177829592,3945194.6865,0.139425356189
NLA12_LA-109,1,1172763.5297,13.9748735129,2267344.5752,0.517240979835
NLA12_LA-134,1,1077238.723,13.8899115871,1077238.723,1.0
NLA12_LA-141,1,183789.7962,12.1215479716,10898656.656,0.0168635274971
NLA12_LA-152,1,228552.4007,12.3395207878,5595942.066,0.0408425244587
NLA12_LA-154,1,2238462.6334,14.6212998638,7150737.7713,0.313039396072
NLA12_LA-155,1,13867.6584,9.53731467425,507522.3526,0.0273242317879
NLA12_LA-161,1,281954.7957,12.5495020381,2437048.5973,0.115695188029
NLA12_LA-172,1,114793.0793,11.6508864762,19977424.9814,0.00574613992579
NLA12_MA-101,1,85918.6632,11.361156351,2621684.7548,0.0327723091202
NLA12_MA-101,2,142262.5328,11.8654294521,3780466.6472,0.0376309450859
NLA12_MA-102,1,10262.535,9.23625516423,1094913.758,0.00937291629137
NLA12_MA-103,1,31105.137,10.3451282614,1279966.4715,0.0243015248388
NLA12_MA-104,1,2631415.7449,14.7830325654,13431276.8379,0.195917020895
NLA12_MA-105,1,16972.106,9.73932645188,747311.8595,0.0227108746961
NLA12_MA-105,2,254219.5946,12.4459537182,11773380.9312,0.0215927435021
NLA12_MA-106,1,41399.3592,10.6310206814,11080757.0156,0.00373614899611
NLA12_MA-108,1,13180.9951,9.48653130597,1066655.8315,0.0123573084314
NLA12_MA-109,1,43842.217,10.6883524906,282720.6031,0.155072592939
NLA12_MA-110,1,172921.2913,12.0605918064,3998114.2787,0.0432507125225
NLA12_MA-111,1,902.7498,6.80544543861,173110.9929,0.00521486119903
NLA12_MD-101,1,11230.7383,9.32640978912,441984.2603,0.0254098150291
NLA12_MD-101,2,29968.9572,10.3079173649,489574.1298,0.0612143399249
NLA12_MD-102,1,134592.9911,11.8100106228,2528574.2398,0.0532288073577
NLA12_MD-103,1,26739.1162,10.1938827985,1499242.7899,0.0178350807355
NLA12_MD-104,1,3133295.7205,14.9575959544,8134325.9764,0.385194265584
NLA12_MD-105,1,161745.7684,11.9937810507,3735563.7268,0.0432988914738
NLA12_MD-105,2,8054968.6078,15.9017996774,11127449.3064,0.723882750305
NLA12_MD-108,1,730321.4916,13.5012401156,1658589.5538,0.440326836695
NLA12_MD-115,1,13039205.0601,16.383471151,16307152.9774,0.79960033969
NLA12_MD-118,1,13716.9379,9.52638669124,276741.6626,0.0495658578153
NLA12_ME-101,1,10926.4844,9.29894488259,218198.1497,0.0500759718404
NLA12_ME-101,2,4431.0692,8.39639618832,150320.5711,0.0294774638466
NLA12_ME-102,1,5556.4519,8.62271503606,204032.8017,0.0272331304266
NLA12_ME-103,1,222222.9622,12.3114364911,1756143.0277,0.126540355025
NLA12_ME-104,1,14824.719,9.60405126922,155748.584,0.0951836518783
NLA12_ME-105,1,257079.3217,12.457139961,2312339.5952,0.111177148129
NLA12_ME-106,1,19138.9417,9.8594803709,414641.8937,0.0461577616512
NLA12_ME-107,1,4450.6358,8.40080224136,216920.6406,0.0205173458261
NLA12_ME-108,1,160871.5399,11.9883614367,377142.987,0.426553178622
NLA12_ME-109,1,301805.0546,12.6175365734,939146.9923,0.321360827511
NLA12_ME-110,1,1208.8472,7.09742245718,100728.7144,0.0120010188475
NLA12_ME-113,1,1944.7073,7.5728667563,4007226.5928,0.000485300058523
NLA12_ME-114,1,12418.1526,9.42691460046,232840.3847,0.053333327962
NLA12_ME-115,1,9102.9181,9.11635031143,276497.3161,0.0329222656784
NLA12_ME-116,1,1241.7879,7.12430747496,745670.511,0.00166533057387
NLA12_ME-118,1,14811.0276,9.60312729041,261632.6822,0.0566100055829
NLA12_ME-120,1,10976.9855,9.30355613274,170375.7674,0.0644280913155
NLA12_ME-121,1,10429.7152,9.25241424177,3054313.1206,0.00341474982694
NLA12_ME-122,1,15730.8113,9.66337657133,967033.8551,0.0162670740192
NLA12_ME-126,1,50459.8416,10.8289330831,228352.9628,0.220973010296
NLA12_ME-126,2,5396.4315,8.59349318077,53776.7118,0.100348855841
NLA12_ME-129,1,10213.9895,9.23151357921,66911.6742,0.152648840761
NLA12_ME-130,1,419.1843,6.03831068002,3412136.3988,0.000122850979857
NLA12_ME-135,1,7183.7921,8.87958267025,146840.2997,0.048922483233
NLA12_ME-137,1,17744.9892,9.78385845646,739554.6842,0.0239941542919
NLA12_ME-R02,1,2431.7616,7.79637121197,3596456.2131,0.000676154930273
NLA12_ME-R03,1,20457.4292,9.92610138156,437236.9072,0.0467879743524
NLA12_ME-R06,1,7306.3813,8.89650339597,4335629.6264,0.00168519498426
NLA12_ME-R07,1,238.1467,5.47288687034,97637.9167,0.00243908010381
NLA12_ME-R08,1,51489.3266,10.8491298147,388603.3614,0.132498407668
NLA12_ME-R10,1,193187.525,12.1714166283,695119.4018,0.277919914909
NLA12_ME-R11,1,17867.1898,9.79072133781,1621601.2939,0.011018238495
NLA12_ME-R15,1,21059.0865,9.95508740868,98691.1616,0.213383712975
NLA12_MI-101,1,259146.5629,12.4651490606,910318.7,0.284676743321
NLA12_MI-101,2,40746.7083,10.6151303375,619946.4117,0.0657261781519
NLA12_MI-102,1,23123.9612,10.0486246403,4433490.3758,0.00521574633977
NLA12_MI-103,1,1429792.5501,14.1730399219,1976698.1008,0.723323682823
NLA12_MI-104,1,139610.1385,11.846609092,12771256.9315,0.0109315895255
NLA12_MI-105,1,51796.4033,10.8550759915,1225153.1542,0.0422774925098
NLA12_MI-106,1,34168.7491,10.4390667363,692508.4439,0.049340552308
NLA12_MI-107,1,488090.1454,13.098255392,747010.0353,0.65339168463
NLA12_MI-108,1,299617.0676,12.610260497,768942.1795,0.389648370954
NLA12_MI-109,1,226023.7626,12.328395417,4752025.0428,0.0475636724479
NLA12_MI-110,1,54842.9191,10.9122283617,211754.5556,0.258992865323
NLA12_MI-111,1,4519151.0966,15.3238347237,9356920.028,0.482974214066
NLA12_MI-112,1,2971584.833,14.9046059823,5441832.5606,0.546063260842
NLA12_MI-113,1,164343.1253,12.0097117486,608955.1876,0.269877207135
NLA12_MI-114,1,365253.4955,12.8083468997,13045228.6859,0.0279990105421
NLA12_MI-115,1,143472.5747,11.8738991788,586834.2477,0.244485687845
NLA12_MI-116,1,58046.8621,10.9690059305,845641.9017,0.0686423673937
NLA12_MI-117,1,325006.3424,12.6915999762,1200107.2705,0.270814410002
NLA12_MI-118,1,13845.6964,9.53572973409,2245323.645,0.00616645908969
NLA12_MI-120,1,2704787.2902,14.8105338314,4560325.1233,0.593112819167
NLA12_MI-122,1,137149.9806,11.8288303549,1296225.7137,0.105807174746
NLA12_MI-123,1,34654.6601,10.4531874862,120048.0807,0.288673170766
NLA12_MI-124,1,304445.2906,12.6262466804,660777.5466,0.460737947538
NLA12_MI-125,1,23756.2809,10.0756022334,251450.342,0.0944770275954
NLA12_MI-126,1,9892.2343,9.19950531417,594988.2575,0.0166259319832
NLA12_MI-128,1,485277.9085,13.092477013,582248.5074,0.833454963529
NLA12_MI-129,1,278145.4264,12.5358993724,750862.6101,0.370434514462
NLA12_MI-130,1,16831.855,9.73102850096,91187.6268,0.184584856418
NLA12_MI-132,1,157786.8636,11.9690004368,1278663.7611,0.123399808769
NLA12_MI-133,1,77411.4541,11.2568900344,302778.5992,0.255670163957
NLA12_MI-135,1,232146.1987,12.355122619,723489.4191,0.320870205661
NLA12_MI-136,1,2823.4079,7.94569990949,2067305.8935,0.00136574268418
NLA12_MI-137,1,481688.6701,13.0850532717,1601279.8946,0.300814786799
NLA12_MI-138,1,200654.9469,12.2093420298,1310266.1245,0.153140604911
NLA12_MI-139,1,499127.0202,13.1206158918,5450431.3338,0.0915756918365
NLA12_MI-139,2,481341.0129,13.0843312644,2489633.5654,0.193338095851
NLA12_MI-141,1,159405.2344,11.9792048829,532297.5118,0.299466427827
NLA12_MI-142,1,37083.4318,10.5209255666,846977.9377,0.0437832323008
NLA12_MI-144,1,1567488.4136,14.2649851598,2117465.849,0.740266207524
NLA12_MI-145,1,128584.1105,11.7643385256,976502.1722,0.131678263665
NLA12_MI-148,1,31618.592,10.361500581,513310.2138,0.0615974339687
NLA12_MI-150,1,294304.4718,12.5923701288,1315001.3057,0.223805459755
NLA12_MI-151,1,42993.5767,10.6688060044,695685.6287,0.0618002944525
NLA12_MI-152,1,115584.4214,11.6577564632,2405888.7265,0.0480422972712
NLA12_MI-155,1,715247.9661,13.4803845673,1311293.1563,0.545452374752
NLA12_MI-161,1,1850201.429,14.4308050717,4101031.8695,0.451155096541
NLA12_MI-162,1,1919.9978,7.56007931919,918839.6067,0.00208958972382
NLA12_MI-164,1,53961.7047,10.8960299017,15496183.525,0.00348225771932
NLA12_MI-165,1,16469.1443,9.70924386675,3347722.0184,0.00491950771584
NLA12_MI-167,1,261144.7241,12.4728300311,1609553.1844,0.162246719544
NLA12_MI-168,1,117173.3434,11.6714096849,1394765.8591,0.0840093286164
NLA12_MI-169,1,59985.8845,11.0018645552,3992480.6872,0.015024715008
NLA12_MI-172,1,3783.6897,8.23845492364,288017.8006,0.0131369994914
NLA12_MI-177,1,134597.7571,11.8100460326,245700.6606,0.547811946339
NLA12_MI-178,1,7684.1893,8.94692015919,292138.1784,0.0263032697133
NLA12_MI-R08,1,99670.0005,11.509620013,1474821.3647,0.0675810663485
NLA12_MI-R09,1,8366.7214,9.03201737826,136154.601,0.0614501554744
NLA12_MN-101,1,595642.9656,13.2973967155,2777156.941,0.214479404029
NLA12_MN-101,2,5281141.2086,15.4796527703,8210216.0557,0.64324022325
NLA12_MN-102,1,90007.9623,11.4076534154,2494735.3074,0.0360791632014
NLA12_MN-103,1,11190.5964,9.32282909747,1298808.2388,0.00861604974907
NLA12_MN-104,1,6439.1258,8.77014806454,67164.7904,0.0958705560108
NLA12_MN-105,1,11914.501,9.38551150867,1313820.3174,0.0090685924416
NLA12_MN-106,1,50145.6842,10.8226877319,269498.0458,0.186070678365
NLA12_MN-107,1,8620623.8629,15.9696680139,10856501.3837,0.794051744501
NLA12_MN-108,1,5214.8576,8.55926706121,914919.1916,0.00569980130254
NLA12_MN-109,1,9166.5607,9.12331743492,495034.0205,0.0185170318006
NLA12_MN-110,1,3754353.431,15.1384266395,4543771.8616,0.826263629723
NLA12_MN-111,1,67459.5831,11.1192839286,1011835.5781,0.0666704991998
NLA12_MN-112,1,21143599.9718,16.8668478159,38188993.1063,0.553656911376
NLA12_MN-113,1,171850589.888,18.9621359938,201853371.751,0.851363484285
NLA12_MN-114,1,6197338.0509,15.6396304112,6748336.0413,0.918350540485
NLA12_MN-115,1,1042262.9261,13.8569047978,1578957.5803,0.660095584013
NLA12_MN-116,1,3998154.0597,15.2013433275,4142640.2146,0.965122205305
NLA12_MN-118,1,1880484.8111,14.4470401798,2239752.743,0.839594824463
NLA12_MN-119,1,10095153.0991,16.1275659754,10197596.0793,0.98995420299
NLA12_MN-120,1,293432.4833,12.5894028519,625425.9246,0.469172242081
NLA12_MN-121,1,1983073.8445,14.5001586456,2913994.2787,0.680534570365
NLA12_MN-122,1,461882.4334,13.0430656645,2774307.558,0.166485663087
NLA12_MN-123,1,1236449.7093,14.0277546933,2628166.9883,0.470460862953
NLA12_MN-123,2,2868.1717,7.96143006743,2113157.4667,0.0013572919885
NLA12_MN-126,1,414212.3292,12.9341339938,18158982.664,0.0228103268153
NLA12_MN-127,1,4284469.4415,15.2705072847,19337773.5014,0.221559604118
NLA12_MN-130,1,74706.9912,11.2213289571,4614762.1154,0.0161886982106
NLA12_MN-131,1,534984.4254,13.1899929141,2584592.8139,0.206989829316
NLA12_MN-132,1,418513.1195,12.9444635173,798620.2303,0.524045226531
NLA12_MN-135,1,2338503.2165,14.6650216316,25274097.8762,0.0925256849109
NLA12_MN-136,1,204920.1842,12.2303758369,11720301.3407,0.0174842078069
NLA12_MN-137,1,10640056.4741,16.1801363496,17878837.5001,0.595120151075
NLA12_MN-138,1,12840.1382,9.46033134043,1058059.196,0.0121355574892
NLA12_MN-141,1,89811.1144,11.405464015,753125.2115,0.119251238743
NLA12_MN-143,1,779554.6831,13.5664781165,2359350.0804,0.330410772685
NLA12_MN-144,1,21390.3679,9.97069600155,439566.7264,0.0486623909757
NLA12_MN-145,1,757.5676,6.63011277433,751207.6634,0.00100846628291
NLA12_MN-147,1,35006.0615,10.4632765112,2440034.5319,0.0143465434781
NLA12_MN-150,1,641376.7839,13.3713723696,2698069.9375,0.237716886055
NLA12_MN-152,1,1428479.5463,14.1721211822,4333314.4352,0.329650563711
NLA12_MN-157,1,3468725.2998,15.0592977357,6254005.8484,0.554640559009
NLA12_MN-158,1,10227376.5665,16.1405786599,10266005.1413,0.996237234029
NLA12_MN-160,1,783712.2133,13.5717971571,1352874.2642,0.579294199054
NLA12_MN-162,1,4258.8004,8.35674280336,1004922.3725,0.00423793968225
NLA12_MN-163,1,7159884.7971,15.784004449,17483154.1166,0.409530497149
NLA12_MN-167,1,11917303.7133,16.2935019955,68089231.3858,0.175024794241
NLA12_MN-170,1,23480.3792,10.0639204237,908184.1736,0.0258542043371
NLA12_MN-171,1,425377.9861,12.9607334317,2866641.6326,0.148388965423
NLA12_MN-177,1,1155099.9812,13.959697462,11734298.85,0.0984379208307
NLA12_MN-180,1,5210580.6854,15.4662018634,7544492.0684,0.690646983012
NLA12_MN-181,1,139718.3477,11.8473838731,1243508.933,0.112358137519
NLA12_MN-R01,1,25330.4313,10.1397617701,135036.0666,0.187582709848
NLA12_MN-R12,1,293315.8888,12.589005426,732552.8283,0.400402370271
NLA12_MN-R13,1,597.5792,6.39288682732,1627015.091,0.000367285591452
NLA12_MN-R14,1,2639109.0564,14.7859519395,5286235.5454,0.499241668998
NLA12_MO-101,1,816350.5467,13.6125991332,1085339.8328,0.75216123285
NLA12_MO-101,2,1739556.9167,14.3691409932,3106747.2241,0.559928694297
NLA12_MO-102,1,1626174.7934,14.3017410623,2039480.8785,0.797347408619
NLA12_MO-103,1,750639.3814,13.5286806309,1469451.4829,0.510829646392
NLA12_MO-104,1,1240.4739,7.12324876301,83694.5432,0.0148214429827
NLA12_MO-105,1,45664.8563,10.7290842723,1727168.3763,0.0264391456714
NLA12_MO-106,1,2805847.2528,14.8472161022,3334798.8822,0.84138424892
NLA12_MO-107,1,795057.2633,13.5861694204,6338487.567,0.125433276455
NLA12_MO-108,1,321.0731,5.77166882306,1555515.4601,0.000206409456052
NLA12_MO-108,2,82691.2646,11.3228692479,394426.0936,0.20964957933
NLA12_MO-109,1,1041913.6864,13.8565696633,4905902.531,0.212379614111
NLA12_MO-110,1,3889.2992,8.26598426614,2033014.6349,0.00191306994708
NLA12_MO-115,1,297049.2773,12.6016533209,3621325.0143,0.082027787102
NLA12_MO-117,1,1941.6784,7.57130803267,77706.8474,0.0249872239702
NLA12_MO-119,1,1440136.9213,14.1802487513,2601410.019,0.553598591065
NLA12_MO-120,1,4265918.39,15.2661680475,17018284.0122,0.250666776212
NLA12_MO-122,1,1156708.8239,13.9610893098,6979665.5893,0.165725536432
NLA12_MO-123,1,1320455.0766,14.0934869901,8238510.0304,0.160278384286
NLA12_MO-R01,1,101009.8671,11.5229734851,449171.8234,0.224880239227
NLA12_MO-R02,1,112838.3079,11.6337111694,2725945.2426,0.0413941946216
NLA12_MS-101,1,6357648.7174,15.6651691684,11376873.0796,0.55882215376
NLA12_MS-101,2,9034712.7707,16.0165846908,11513167.6753,0.784728671162
NLA12_MS-102,1,61141.0916,11.0209394494,582907.3628,0.104889894179
NLA12_MS-103,1,20540.3423,9.93014614839,1928859.9915,0.0106489545071
NLA12_MS-104,1,98588.3283,11.4987081593,2898607.6402,0.0340123054023
NLA12_MS-105,1,11262.7747,9.3292582923,1835362.5968,0.00613653929727
NLA12_MS-106,1,568272.8136,13.250356888,4506014.519,0.126114288182
NLA12_MS-107,1,18382.8282,9.81917225785,1385881.0124,0.0132643625503
NLA12_MS-112,1,695.3143,6.54436397356,1441689.4138,0.000482291326651
NLA12_MS-113,1,10225.3756,9.23262771373,85334.5404,0.119826925323
NLA12_MS-116,1,14124.4129,9.55565999055,1487731.8997,0.00949392353747
NLA12_MS-116,2,208002.8037,12.2453068379,414425.9049,0.501905892563
NLA12_MS-119,1,5359089.1674,15.4943045872,6351318.3656,0.843775868082
NLA12_MS-125,1,411701.114,12.9280529136,15422246.1954,0.0266952756935
NLA12_MS-126,1,147083.6635,11.8987568433,1339491.0196,0.109805636132
NLA12_MS-128,1,90597.6156,11.4141831738,667234.2582,0.135780821333
NLA12_MS-R03,1,22758989.8063,16.9404707816,23212469.3562,0.980463967752
NLA12_MT-102,1,40817.7509,10.6168723369,261954.5604,0.155819966782
NLA12_MT-102,2,28556.6192,10.2596440341,603297.3391,0.0473342369496
NLA12_MT-103,1,317881.6407,12.6694343934,357553.4739,0.889046433342
NLA12_MT-104,1,58146.4083,10.9707193899,58146.4083,1.0
NLA12_MT-105,1,27912.1123,10.2368160062,1028079.6069,0.0271497577743
NLA12_MT-106,1,22617.3498,10.026472581,379071.446,0.0596651371098
NLA12_MT-107,1,7298.3423,8.89540251916,2290257.8406,0.00318669023663
NLA12_MT-108,1,1807214.8538,14.4072974633,1807214.8538,1.0
NLA12_MT-109,1,347348.2813,12.7580832481,347348.2813,1.0
NLA12_MT-110,1,8088.1709,8.99815789055,265588.5652,0.0304537617947
NLA12_MT-113,1,6874.7416,8.83560933637,287530.404,0.023909616181
NLA12_MT-118,1,1538457.4778,14.2462908346,2173229.671,0.70791297318
NLA12_MT-119,1,13675859.4837,16.431142755,30516105.6587,0.448152186804
NLA12_MT-120,1,871.1993,6.76987076813,1549743.4991,0.000562157092774
NLA12_MT-124,1,11880.199,9.38262834362,184530.3485,0.0643807324734
NLA12_MT-126,1,23000.3155,10.0432632122,890392.6668,0.0258316542326
NLA12_MT-135,1,82376870.849,18.2268152619,95126050.6523,0.865975937024
NLA12_MT-136,1,41556.2049,10.6348021249,233719.7533,0.177803563085
NLA12_MT-138,1,366335.7797,12.8113056227,701636.8247,0.522115953444
NLA12_MT-140,1,25939.3023,10.1635145608,47699.7877,0.543803307116
NLA12_MT-142,1,126139.1855,11.7451412231,477262.131,0.264297494619
NLA12_MT-143,1,941012.95,13.7547121804,976444.3108,0.963713894988
NLA12_MT-144,1,48803.1112,10.7955493439,1664169.6252,0.0293258033682
NLA12_MT-151,1,137472.2547,11.8311773917,2175678.8375,0.0631859134402
NLA12_MT-152,1,6150.6161,8.72430753464,35436.0775,0.173569326345
NLA12_MT-154,1,6499928.3127,15.687301706,11538652.5114,0.563317796968
NLA12_MT-156,1,22760.6805,10.0327897867,151039.7392,0.150693324952
NLA12_MT-160,1,8921752.198,16.00400292,9084948.2692,0.982036653775
NLA12_MT-161,1,44062.2588,10.6933588855,4973850.1018,0.0088587830148
NLA12_MT-164,1,58795.049,10.9818129297,3476711.7267,0.0169111084329
NLA12_MT-164,2,566997.2569,13.2481097448,2529251.2457,0.224175932646
NLA12_MT-177,1,54960.16,10.9143638381,798117.4551,0.0688622453359
NLA12_NC-101,1,737860.7559,13.5115104081,1313180.8673,0.561888140677
NLA12_NC-101,2,503640.9303,13.1296188533,6694927.4404,0.075227242533
NLA12_NC-103,1,5356.2608,8.58602139868,530958.1784,0.0100879146756
NLA12_NC-104,1,1422.2339,7.25998408348,734722.5154,0.00193574291
NLA12_NC-105,1,9661.1093,9.17586375498,158430.8803,0.0609799635128
NLA12_NC-107,1,7117.9781,8.87037898936,2369941.4453,0.0030034404918
NLA12_NC-108,1,8333.2426,9.02800792712,755502.4895,0.0110300663675
NLA12_NC-109,1,228.5465,5.43173969072,329342.2938,0.000693948224393
NLA12_NC-114,1,1004587.5398,13.8200876071,1827895.684,0.549586909468
NLA12_NC-115,1,195417.8371,12.1828952995,4070908.0242,0.0480035009237
NLA12_NC-116,1,38485.3064,10.5580317955,3873071.3245,0.00993663766442
NLA12_NC-116,2,24500521.6426,17.0142049668,27389235.2078,0.894531061445
NLA12_NC-124,1,6774583.4896,15.7286884453,12262101.2181,0.552481452331
NLA12_NC-127,1,8484.1772,9.04595820184,1876720.8416,0.00452074544702
NLA12_NC-134,1,1878141.8216,14.4457934533,3362521.6849,0.558551586458
NLA12_ND-101,1,1726743.2657,14.361747687,3197010.0062,0.540111936576
NLA12_ND-101,2,10470058.8787,16.1640302064,13087209.356,0.800022265549
NLA12_ND-102,1,1156648.6232,13.9610372636,2277974.0301,0.507753208736
NLA12_ND-103,1,332350.7352,12.7139461216,1438366.897,0.231061167977
NLA12_ND-104,1,21936094.7682,16.903644001,21965029.6384,0.998682684673
NLA12_ND-105,1,2559987.874,14.7555130797,2766985.5901,0.925190171991
NLA12_ND-106,1,3229169.7808,14.9877356284,8163620.2434,0.395556099441
NLA12_ND-107,1,1270271.1593,14.0547409469,3249608.5027,0.390899752461
NLA12_ND-108,1,29874628.7586,17.2125201416,33519010.9644,0.891274172449
NLA12_ND-109,1,8399304.5879,15.9436594732,8489231.9099,0.989406895352
NLA12_ND-110,1,146862.6132,11.8972528247,214854.5637,0.683544303974
NLA12_ND-112,1,224125.296,12.3199605316,25455086.9052,0.00880473505491
NLA12_ND-113,1,327683.2077,12.6998025905,17713478.8858,0.0184990881697
NLA12_ND-114,1,234682.7123,12.3659897204,2144930.2493,0.109412747746
NLA12_ND-115,1,123315.9492,11.7225050336,3451262.3011,0.0357306800937
NLA12_ND-115,2,19055647.6147,16.7628740783,21954185.6426,0.867973329775
NLA12_ND-118,1,280.0149,5.63484281604,60676.2463,0.00461490149894
NLA12_ND-119,1,749056.3503,13.5265694937,1241251.9513,0.603468417122
NLA12_ND-129,1,25994674.4706,17.073402247,26003124.4713,0.999675039024
NLA12_ND-131,1,174588.2817,12.070185805,179236.8528,0.97406464671
NLA12_ND-134,1,2483368.2203,14.72512635,11538825.315,0.215218460502
NLA12_ND-139,1,1670694.4313,14.3287499251,1948204.2857,0.857556080521
NLA12_ND-145,1,183217.1675,12.1184274359,3530698.6322,0.0518926100996
NLA12_ND-146,1,92712.5985,11.4372596485,2047217.6228,0.0452871240788
NLA12_ND-149,1,41093403.7626,17.5313581742,41585000.6622,0.988178504466
NLA12_ND-151,1,2422171.2678,14.700174914,2457867.0418,0.985476930447
NLA12_ND-155,1,90429.2942,11.4123235448,100958.8131,0.895704806973
NLA12_ND-156,1,15485500.7149,16.5554147063,15568098.3437,0.994694430432
NLA12_ND-160,1,21728.5733,9.98638341532,1194960.4746,0.0181835079585
NLA12_ND-162,1,2809307.6297,14.8484486158,6103863.9387,0.460250696594
NLA12_ND-163,1,7359621.9933,15.8115191298,9234579.9198,0.796963376485
NLA12_ND-164,1,9838670.7444,16.101831173,10668197.3139,0.922243042091
NLA12_ND-167,1,25078395.0161,17.0375172771,25100123.5894,0.999134324051
NLA12_ND-172,1,6446161.0065,15.6789953188,11662017.5602,0.552748353638
NLA12_ND-173,1,526650.9942,13.174293358,563069.4975,0.935321477257
NLA12_ND-178,1,79064.4257,11.2780183143,884243.9501,0.0894147205543
NLA12_ND-186,1,108435.4614,11.5939104492,3194255.7857,0.0339470188597
NLA12_ND-187,1,1042.9715,6.9498291296,3781304.3437,0.000275823209454
NLA12_ND-190,1,19521449.9612,16.787024417,29242192.1747,0.667578198125
NLA12_ND-193,1,11428302.4723,16.2516035096,11718195.0687,0.975261326962
NLA12_ND-194,1,62787965.7106,17.9552739843,67211141.1743,0.934189847302
NLA12_ND-196,1,37874.9228,10.5420445045,507952.4742,0.0745639104518
NLA12_ND-198,1,150040.7023,11.9186618849,6259349.6982,0.023970653428
NLA12_ND-199,1,70177.7173,11.1587861222,419467.4767,0.16730192732
NLA12_ND-202,1,1061347.521,13.875049905,3172371.3559,0.334559672223
NLA12_ND-R17,1,326008.1822,12.6946777588,12287529.8552,0.0265316288987
NLA12_ND-R18,1,1198191.0852,13.9963235484,4621019.1954,0.259291518718
NLA12_NE-101,1,1111356.5049,13.9210919036,2076443.1597,0.53522125068
NLA12_NE-101,2,810463.0013,13.6053609699,1928930.5877,0.420161827734
NLA12_NE-102,1,19856331.3794,16.8040334754,78073220.105,0.254329606909
NLA12_NE-104,1,12211265.0532,16.3178694487,12380013.0623,0.986369318978
NLA12_NE-105,1,6789987.8267,15.7309597067,13287147.5277,0.511019224596
NLA12_NE-106,1,18818525.8385,16.7503523595,18867958.3427,0.997380081973
NLA12_NE-107,1,194286.6499,12.1770899243,53973010.9268,0.0035997000457
NLA12_NE-108,1,11964863.5612,16.2974848761,240617803.039,0.0497255955714
NLA12_NE-109,1,115289.9073,11.6552051682,1390328.4719,0.0829227838098
NLA12_NE-110,1,1106950.0955,13.9171191298,121022059.647,0.009146680355
NLA12_NE-111,1,414677.4502,12.9352562686,2366515.0524,0.175227049488
NLA12_NE-112,1,315218.2374,12.6610204951,1839708.6437,0.171341390649
NLA12_NE-113,1,16022201.736,16.5894859269,36540661.4802,0.438475963132
NLA12_NE-114,1,4621.2573,8.43842208991,299318.0502,0.0154392870624
NLA12_NE-121,1,26435122.1497,17.0902040684,58980696.0399,0.448199562308
NLA12_NE-125,1,12560784.5872,16.3460901842,76228317.1452,0.164778458421
NLA12_NE-127,1,357949.2896,12.7881466062,3634919.2622,0.0984751692623
NLA12_NE-129,1,6192666.8541,15.6388763845,9435824.9997,0.656293101483
NLA12_NE-129,2,25860761.9931,17.068237397,34158046.3573,0.757091366485
NLA12_NE-133,1,136590.6403,11.8247437047,188886.257,0.723136995086
NLA12_NE-135,1,2950850.6533,14.8976040438,7373160.4367,0.400215169415
NLA12_NE-149,1,40998922.2048,17.5290563366,54232363.3377,0.755986272431
NLA12_NE-154,1,12273428.45,16.3229471949,18604709.5983,0.659694707147
NLA12_NE-156,1,2743704.4344,14.8248195486,10782106.2703,0.254468316822
NLA12_NE-157,1,788147.0217,13.5774399272,1033477.1668,0.762616772793
NLA12_NE-158,1,399263.8429,12.8973777377,1076161.4838,0.371007371022
NLA12_NE-160,1,404266.4263,12.9098294106,8384872.4316,0.0482137837633
NLA12_NE-166,1,854508.9054,13.6582822033,1618001.8501,0.528126037277
NLA12_NE-170,1,30865643.7071,17.2451542692,30865643.7071,1.0
NLA12_NH-101,1,18769.6606,9.83999704737,2924144.9916,0.00641885428182
NLA12_NH-101,2,43199.2074,10.6735774268,403987.6035,0.106932012333
NLA12_NH-102,1,255631.1509,12.4514908677,6554982.301,0.0389979925439
NLA12_NH-103,1,142.3955,4.95860839735,184053.1295,0.000773665193234
NLA12_NH-104,1,119600.2106,11.6919098814,2288364.2557,0.0522644986707
NLA12_NH-105,1,31466.7665,10.3566872361,199905.8255,0.157407951576
NLA12_NH-107,1,49602.6017,10.811798565,911853.8107,0.0543975373223
NLA12_NH-108,1,14322.3784,9.56957851611,1032976.359,0.0138651560369
NLA12_NH-109,1,41105.3157,10.6238927279,76980.0227,0.533973805908
NLA12_NH-111,1,60847.9835,11.016133959,4473337.8709,0.0136023670145
NLA12_NH-112,1,25449.7648,10.1444617803,264439.5822,0.0962403759236
NLA12_NH-112,2,8813.6779,9.0840601006,110272.0587,0.0799266650492
NLA12_NH-115,1,48077.1077,10.7805614114,402604.1126,0.11941534176
NLA12_NH-R04,1,12076.9653,9.39905522304,76494.6168,0.157879937245
NLA12_NJ-101,1,22250.0591,10.0100999438,4066885.9011,0.00547103106433
NLA12_NJ-101,2,3552803.6952,15.083247623,5082284.9618,0.69905637364
NLA12_NJ-102,1,1054985.0053,13.8690371118,4199763.8338,0.25120103107
NLA12_NJ-103,1,2652535.9711,14.7910267106,6929157.4557,0.38280786489
NLA12_NJ-105,1,933.2601,6.83868394013,916169.363,0.00101865456071
NLA12_NJ-106,1,964277.386,13.779134277,1780139.2662,0.541686487293
NLA12_NJ-107,1,794830.0043,13.5858835397,2843964.0535,0.279479623985
NLA12_NJ-108,1,87468.0814,11.3790292218,2378549.1892,0.0367737113856
NLA12_NJ-118,1,21908.5174,9.99463076257,2519790.2853,0.00869457967507
NLA12_NJ-119,1,82162.1866,11.3164504582,283300.8419,0.290017445938
NLA12_NJ-131,1,113301.031,11.6378035467,1285963.483,0.0881059474066
NLA12_NJ-131,2,162581.0301,11.9989318032,2762218.2812,0.0588588639814
NLA12_NJ-R01,1,305267.5246,12.628943801,29747682.966,0.0102618924959
NLA12_NM-104,1,1451.838,7.28058561891,2098197.2665,0.000691945425333
NLA12_NM-104,2,8954088.7053,16.0076208245,9831520.6299,0.910753182785
NLA12_NM-117,1,769417.4515,13.553388951,1760351.1603,0.437081798707
NLA12_NM-117,2,1233425.8438,14.0253060946,3376102.6686,0.365340146575
NLA12_NM-129,1,325.4316,5.78515230132,218978.2173,0.00148613685878
NLA12_NM-132,1,3028516.416,14.9235834259,3186085.8668,0.950544505896
NLA12_NM-133,1,12358.0663,9.42206427055,798499.8366,0.0154766046699
NLA12_NM-134,1,393.615,5.97537327421,1507325.8431,0.000261134645705
NLA12_NM-138,1,2187578.053,14.5983055779,2542244.2128,0.860490916642
NLA12_NM-150,1,4869.5689,8.4907606906,43250844.1747,0.000112588990872
NLA12_NM-152,1,438989.3385,12.9922304059,718919.0889,0.610624123462
NLA12_NM-161,1,260553.8157,12.470564705,1863745.6519,0.139801166234
NLA12_NM-162,1,280346.8813,12.5437829772,482345.3559,0.581216088993
NLA12_NV-101,1,120535.4135,11.6996988767,275636.9363,0.437297755221
NLA12_NV-102,1,96622.6354,11.4785683137,2413920.516,0.0400272646757
NLA12_NV-104,1,81091.733,11.303336299,1439117.6253,0.0563482314263
NLA12_NV-106,1,72079.9767,11.185531569,568597.8394,0.126767939843
NLA12_NV-109,1,28440.3418,10.2555639021,45287.8326,0.627990790621
NLA12_NV-119,1,510013.7675,13.1421929994,107727884.269,0.00473427813942
NLA12_NV-119,2,546414.3606,13.2111328691,1044292.9409,0.523238584883
NLA12_NV-127,1,2404.507,7.78510017192,732303.6512,0.00328348356049
NLA12_NV-137,1,667129.7955,13.4107399019,21048824.073,0.0316943974251
NLA12_NV-141,1,271686.3548,12.5124035726,2175396.9053,0.124890475912
NLA12_NV-144,1,79.4645,4.37531038105,25490362.345,3.11743312725e-06
NLA12_NV-167,1,1189.8591,7.08159017573,1927568.992,0.000617284831276
NLA12_NV-177,1,204990.2577,12.2307177336,248988.2044,0.823293047934
NLA12_NV-193,1,15292.8475,9.63514051442,871746.0826,0.0175427774271
NLA12_NY-0101,1,15810.3109,9.66841759478,236170.3339,0.0669445253302
NLA12_NY-0101,2,40260.7579,10.6031325242,304581.0815,0.132184040131
NLA12_NY-0102,1,16589.6075,9.71653172407,371372.6669,0.0446710514225
NLA12_NY-0103,1,9088.2001,9.11473215876,381187.719,0.0238417966975
NLA12_NY-0104,1,377439.2662,12.8411649505,3646757.323,0.103499967991
NLA12_NY-0104,2,500622.9907,13.1236085832,920719.5095,0.543730186593
NLA12_NY-0106,1,11401.9149,9.34153659396,176424.0507,0.0646278942965
NLA12_NY-0108,1,43839.5695,10.6882921018,19819410.0738,0.00221195128093
NLA12_NY-0109,1,10010.9189,9.2114316663,904310.476,0.011070223298
NLA12_NY-0110,1,545749.8666,13.20991603,876528.0435,0.622626817986
NLA12_NY-0111,1,13951.9341,9.5433734228,463546.1415,0.0300982639071
NLA12_NY-0112,1,1164.8349,7.06033463922,2001510.4771,0.000581977917841
NLA12_NY-R02,1,4612.2519,8.43647149828,207398.1743,0.0222386330814
NLA12_NY-R03,1,12945.0893,9.46847179058,178737.4641,0.0724251592423
NLA12_NY-R04,1,2190582.8065,14.5996781881,3361663.0948,0.651636628872
NLA12_NY-R06,1,261633.7512,12.4747009086,5436679.2854,0.0481238155619
NLA12_NY-R07,1,3716443.7033,15.1282777753,5006926.7273,0.742260453511
NLA12_NY-R08,1,2868143.4082,14.8691754823,3796984.9196,0.755373926663
NLA12_NY-R11,1,23457.2229,10.0629337392,3008854.4138,0.00779606443981
NLA12_OH-101,1,1697760.1706,14.3448203936,5781096.6731,0.293674412763
NLA12_OH-101,2,1053272.2541,13.8674123086,3502227.0171,0.300743569437
NLA12_OH-102,1,3223230.5722,14.9858946979,12269178.1308,0.262709574988
NLA12_OH-103,1,347388.5029,12.7581990375,2033952.601,0.170794787808
NLA12_OH-104,1,976913.4233,13.7921533123,4748526.6773,0.205729795722
NLA12_OH-105,1,11611010.4665,16.267464384,19445709.5449,0.597098832505
NLA12_OH-106,1,46387.3421,10.7447819014,1961965.852,0.023643297386
NLA12_OH-107,1,14823015.4221,16.5116916269,17634589.7535,0.84056480073
NLA12_OH-112,1,131424.6371,11.7861888644,8266998.019,0.0158975043659
NLA12_OH-113,1,106237.4227,11.5734317052,57696829.7049,0.00184130433584
NLA12_OH-115,1,102288.4659,11.5355521978,1291677.9189,0.0791903805146
NLA12_OH-118,1,259.2106,5.5576408587,100315.3922,0.00258395640305
NLA12_OH-118,2,1599187.3384,14.2850061447,1830123.7136,0.873813790027
NLA12_OH-122,1,6037704.1783,15.6135343947,26759242.8431,0.225630605982
NLA12_OH-127,1,2504.0243,7.82565443665,448503.6056,0.00558306392353
NLA12_OH-134,1,332711.2107,12.7150301576,18800177.6478,0.0176972375971
NLA12_OH-136,1,70052885.5074,18.064761022,76859436.7679,0.911441567272
NLA12_OH-137,1,11278801.4377,16.2384355429,15295828.7726,0.73737759525
NLA12_OH-R02,1,637345.7311,13.3650675363,1534237.9989,0.415415164764
NLA12_OH-R03,1,211387.6325,12.2614488479,479448.1599,0.440897786622
NLA12_OK-101,1,898103.3075,13.7080403824,16032144.5318,0.0560189128609
NLA12_OK-101,2,476023.9602,13.0732234685,5476501.0765,0.086921184448
NLA12_OK-102,1,7175133.1018,15.7861318702,11453106.7031,0.626479197985
NLA12_OK-103,1,18686.1513,9.83553795629,6225721.8671,0.00300144331836
NLA12_OK-104,1,171097.3366,12.0499878934,893518.1066,0.191487262917
NLA12_OK-105,1,130709.5398,11.780732887,2037181.4285,0.0641619533594
NLA12_OK-106,1,4531644.617,15.3265954817,4531644.617,1.0
NLA12_OK-107,1,352540.4686,12.7729206992,3472634.5301,0.101519600046
NLA12_OK-108,1,322758.9084,12.6846609099,1089179.2841,0.296332213724
NLA12_OK-109,1,687474.1666,13.440779532,10436386.6753,0.0658728147959
NLA12_OK-117,1,84440010.1382,18.251551901,94430419.9827,0.894203479701
NLA12_OK-118,1,21.4332,3.06494112172,865558.6664,2.47622730059e-05
NLA12_OK-119,1,8832013.1902,15.993893541,9226359.4337,0.957258738256
NLA12_OK-120,1,69364.4907,11.1471303542,1835929.0542,0.0377816836339
NLA12_OK-121,1,942927.8137,13.7567450091,1095229.7829,0.860940624901
NLA12_OK-122,1,907415.8248,13.7183560858,3583003.6349,0.253255624963
NLA12_OK-132,1,12034.5973,9.39554088892,168764.4339,0.0713100327
NLA12_OK-133,1,1429938.0948,14.1731417109,4297476.958,0.332738978888
NLA12_OK-134,1,8235559.985,15.9239719199,13901555.864,0.592420018706
NLA12_OK-135,1,280277.9295,12.5435369952,1484018.7538,0.188864142574
NLA12_OK-285,1,113689.0133,11.6412220462,9270390.0795,0.012263670927
NLA12_OK-286,1,2920320.2515,14.8872038434,15646769.4357,0.186640460416
NLA12_OK-288,1,20974.0454,9.95104101898,395529.1627,0.0530278102803
NLA12_OK-291,1,1435815.5027,14.1772435403,9226723.087,0.155614890483
NLA12_OK-292,1,1350297.2058,14.1158352786,8909737.5567,0.151552971926
NLA12_OK-293,1,62668895.6266,17.9533758,62781073.0403,0.998213196936
NLA12_OK-296,1,1533960.019,14.2433631973,29108371.2431,0.0526982429277
NLA12_OK-299,1,58250.4601,10.9725072701,855741.505,0.0680701587566
NLA12_OK-299,2,354350.5219,12.7780418771,688072.7156,0.514989933282
NLA12_OK-302,1,274950.0047,12.524344559,1493503.8686,0.184097283228
NLA12_OK-306,1,17757.5267,9.78456474446,884347.6084,0.0200798040627
NLA12_OK-311,1,246513.0784,12.4151703274,727742.1877,0.33873682544
NLA12_OK-R01,1,257778.6474,12.4598565398,6251358.506,0.0412356205699
NLA12_OK-R09,1,947276.4069,13.7613462059,1769474.1399,0.535343459133
NLA12_OR-101,1,38376.6132,10.5552035218,590883.6524,0.0649478337133
NLA12_OR-102,1,3637524.123,15.1068138222,4867629.6259,0.747288598879
NLA12_OR-103,1,158281.0114,11.9721272854,2075333.5537,0.0762677455476
NLA12_OR-103,2,30460.3938,10.3241825548,261671.6645,0.116406924908
NLA12_OR-104,1,262938.6092,12.4796758588,305987.6144,0.85931128198
NLA12_OR-105,1,27378.0023,10.2174951342,1187682.8893,0.0230516096061
NLA12_OR-106,1,396.6197,5.98297788707,235777.1783,0.00168218019598
NLA12_OR-107,1,15463.6871,9.64624978659,1810928.3097,0.00853909402
NLA12_OR-109,1,67.1279,4.20659975488,1652.8473,0.0406134916395
NLA12_OR-110,1,10697.1438,9.27773205024,1304080.2257,0.00820282647431
NLA12_OR-111,1,192743.4928,12.1691155311,12496702.9813,0.015423547562
NLA12_OR-112,1,99396.5904,11.5068730902,273379.1058,0.363585176377
NLA12_OR-113,1,61142.0783,11.0209555873,18882893.7721,0.00323796124884
NLA12_OR-121,1,5427.4276,8.59922056219,708898.6003,0.00765614094555
NLA12_OR-121,2,9349.3037,9.14305714892,348637.3487,0.026816701466
NLA12_OR-123,1,25595.9108,10.1501878833,6270449.3887,0.00408198985644
NLA12_OR-126,1,120977.989,11.7033638989,569048.5962,0.21259693778
NLA12_OR-128,1,247309.1281,12.4183943639,363569.3519,0.68022545577
NLA12_OR-129,1,7284.2455,8.89346914429,496774.1401,0.0146630931685
NLA12_OR-131,1,29342.8597,10.2868045146,3382364.5986,0.00867525035951
NLA12_OR-133,1,14299.6546,9.56799066211,134102.9204,0.106631940284
NLA12_OR-144,1,24635.7151,10.1119525024,188057.7258,0.131000813687
NLA12_OR-145,1,9435.9951,9.15228692124,1642765.3182,0.00574397024058
NLA12_OR-154,1,252619.5175,12.4396397523,403170.9792,0.626581600693
NLA12_OR-155,1,8983178.0997,16.0108642863,14162808.1195,0.634279446837
NLA12_OR-160,1,4199.791,8.34279004113,59676.5084,0.0703759504804
NLA12_OR-163,1,101399.1752,11.526820236,2233626.7446,0.0453966516318
NLA12_OR-167,1,55556.6476,10.9251584567,258708.3543,0.214746244861
NLA12_OR-169,1,767.627,6.64330393809,12308.8006,0.0623640779427
NLA12_OR-173,1,36344.7881,10.5008060917,332136.2961,0.109427330065
NLA12_PA-101,1,158185.1616,11.9715215347,1080100.9165,0.146454057379
NLA12_PA-101,2,63755.3945,11.062809079,159625.98,0.399404874445
NLA12_PA-102,1,117244.704,11.6720185168,7868469.3149,0.0149005733273
NLA12_PA-103,1,69556780.5599,18.0576539635,85481519.1784,0.813705479599
NLA12_PA-105,1,1252392.8427,14.0405665536,1789019.3122,0.700044339465
NLA12_PA-106,1,47806.8402,10.7749240087,11006780.5363,0.00434339905682
NLA12_PA-107,1,23875.5273,10.080609251,1148451.0573,0.0207893293739
NLA12_PA-108,1,41446.7598,10.6321649862,597792.4913,0.0693330217478
NLA12_PA-108,2,4398134.8678,15.2966911153,32422780.041,0.135649529813
NLA12_PA-109,1,40909.1897,10.6191100038,2190320.4652,0.0186772622317
NLA12_PA-110,1,1258815.6534,14.0456818793,6557959.2588,0.191952344277
NLA12_PA-111,1,21792356.2106,16.8970698337,22429998.6698,0.971571890459
NLA12_PA-113,1,491594.8777,13.105410237,746763.7285,0.658300422126
NLA12_PA-114,1,36563.6435,10.5068096787,162362.8579,0.225197092321
NLA12_PA-115,1,188847.048,12.1486926966,4185086.7107,0.045123807714
NLA12_PA-117,1,3103832.5423,14.9481482098,4331409.022,0.716587264453
NLA12_PA-118,1,77581.96,11.2590902049,4305526.0186,0.0180191594859
NLA12_PA-119,1,726727.2722,13.4963065447,1378097.0263,0.527341151117
NLA12_PA-R10,1,12486.1761,9.43237739932,28466.6451,0.438624785469
NLA12_PA-R11,1,35445.3929,10.475748563,85713.9508,0.413531199638
NLA12_RI-102,1,727.1361,6.58911366772,984826.5745,0.000738339235382
NLA12_RI-102,2,8249.9599,9.01796361871,699042.1105,0.0118018067525
NLA12_RI-103,1,17030.8558,9.74278202489,441541.0417,0.0385713992394
NLA12_RI-104,1,35336.3585,10.4726676987,870427.904,0.040596536873
NLA12_RI-108,1,1988.0476,7.59490833059,485868.6655,0.00409173865525
NLA12_RI-110,1,374.4,5.9253247446,2610304.3963,0.00014343154788
NLA12_RI-111,1,222931.1833,12.3146184077,2568447.4408,0.0867960853544
NLA12_RI-111,2,2626486.734,14.7811576685,6811007.9554,0.385623794774
NLA12_RI-112,1,87572.3586,11.380220686,1119661.0712,0.0782132744029
NLA12_RI-113,1,93262.2557,11.4431707573,1638276.9721,0.0569270381555
NLA12_SC-102,1,80168.5298,11.2918863203,24954696.2686,0.00321256283535
NLA12_SC-103,1,363.3144,5.89526857511,408321.034,0.00088977635181
NLA12_SC-103,2,61617.2939,11.0286978552,293806.719,0.209720506426
NLA12_SC-104,1,999.9891,6.90774437892,22798967.9995,4.3861156348e-05
NLA12_SC-104,2,184585.5547,12.1258683461,1112046.1246,0.165987318886
NLA12_SC-105,1,5792636.6791,15.5720981309,7495628.5051,0.772801997212
NLA12_SC-106,1,217969.9942,12.292112691,968989.9986,0.224945556213
NLA12_SC-108,1,33445.093,10.4176603582,1083499.3034,0.0308676645154
NLA12_SC-112,1,4133.0426,8.32676912174,5739240.1168,0.000720137599384
NLA12_SC-112,2,87363.7545,11.3778357674,5504146.459,0.0158723528072
NLA12_SC-118,1,68067.4972,11.1282550977,589641.3044,0.115438821351
NLA12_SC-127,1,1891158.9216,14.4527003851,7010733.1834,0.269751946355
NLA12_SD-101,2,16498.571,9.71102905008,198502.3783,0.0831152308667
NLA12_SD-102,1,1240087.7333,14.0306926877,23777467.2655,0.0521539035026
NLA12_SD-103,1,1660869.6224,14.3228518921,3332346.4959,0.498408441152
NLA12_SD-104,1,46040.9381,10.7372862384,216058.5877,0.213094691538
NLA12_SD-105,1,7854270.8486,15.876567999,8576349.9681,0.915805777261
NLA12_SD-106,1,92938.9307,11.4396978973,3156899.7285,0.0294399374997
NLA12_SD-107,1,2458758.276,14.7151670146,5601033.4896,0.438982962799
NLA12_SD-108,1,347131.3184,12.7574584265,6982894.3867,0.0497116667067
NLA12_SD-109,1,2726335.567,14.8184689823,3379058.2922,0.806832949077
NLA12_SD-110,1,612113.5686,13.3246731139,5833241.8247,0.104935400759
NLA12_SD-111,1,12313555.3256,16.3262112725,13070482.2481,0.942088829767
NLA12_SD-114,1,4430903.21,15.3041140061,10411928.4596,0.425560281863
NLA12_SD-115,1,295040.9965,12.5948695969,26300167.4021,0.0112182174352
NLA12_SD-115,2,128896911.255,18.6745235053,133923400.92,0.962467428172
NLA12_SD-119,1,244373.2909,12.4064522159,19903333.7836,0.0122780079738
NLA12_SD-122,1,5180373.1823,15.4603876546,14323576.0342,0.361667587056
NLA12_SD-124,1,1210261.6381,14.006347124,18029889.9487,0.067125292586
NLA12_SD-126,1,60361426.1741,17.9158608194,63676516.0289,0.947938579848
NLA12_SD-130,1,227122.2266,12.3332435947,2088618.8902,0.108742781015
NLA12_SD-131,1,41020902.6443,17.5295923153,46064236.9974,0.890515187446
NLA12_SD-132,1,549844.3097,13.2173904439,1013395.0809,0.542576454202
NLA12_SD-133,1,88073.1504,11.3859230027,42581963.5193,0.00206832055455
NLA12_SD-134,1,7680249.1198,15.8541625421,21119318.5929,0.363659892056
NLA12_SD-137,1,636.6691,6.45625005435,225367.3577,0.00282502801869
NLA12_SD-138,1,1691.4151,7.43332079482,1789866.2715,0.000944995236199
NLA12_SD-140,1,993437.944,13.808926877,12289167.3277,0.0808385074032
NLA12_SD-141,1,335346.0131,12.7229181527,1234255.2393,0.271699080079
NLA12_SD-143,1,133827.6949,11.8043083926,262710.3509,0.509411579869
NLA12_SD-146,1,83108.2315,11.3278990313,1921679.0146,0.0432477176826
NLA12_SD-147,1,8883625.7948,15.9997203419,11802594.0465,0.752684177716
NLA12_SD-150,1,180213.6442,12.1018983383,22862316.9909,0.00788256257105
NLA12_SD-154,1,17058959.5465,16.6521861103,17268243.4446,0.987880417671
NLA12_SD-157,1,11183413.2555,16.2299422792,14060228.1739,0.795393440077
NLA12_SD-158,1,2380257.957,14.6827194251,2708798.8139,0.878713452171
NLA12_SD-162,1,9948664.618,16.1129488909,10315958.5085,0.964395563418
NLA12_SD-165,1,4630.2784,8.44037227486,309359.9453,0.0149672847773
NLA12_SD-166,1,20187.1188,9.91279999681,2066908.3708,0.00976681844497
NLA12_SD-168,1,6237456.4186,15.646083032,6968690.96,0.895068593858
NLA12_SD-170,1,7892582.9001,15.881434003,11677951.98,0.675853344286
NLA12_SD-182,1,67678.8863,11.1225295388,1026905.5843,0.0659056561136
NLA12_SD-189,1,153851.6704,11.943744238,4190499.1042,0.0367144024075
NLA12_SD-198,1,41265.8051,10.6277894723,103930.8461,0.397050602862
NLA12_SD-212,1,1227281.3251,14.0203119762,1774164.2993,0.691751787354
NLA12_TN-101,1,3138883.6562,14.9593777712,44924022.8358,0.0698709389333
NLA12_TN-101,2,10876742.9543,16.2021373938,15417540.3778,0.70547848021
NLA12_TN-103,1,161795.6601,11.9940894606,1810222.7277,0.0893788690332
NLA12_TN-104,1,201779.4038,12.2149303193,660681.3334,0.305411086403
NLA12_TN-106,1,21446.9303,9.97333680456,4308987.9422,0.00497725465647
NLA12_TN-108,1,5602688.6054,15.5387571486,6099303.4039,0.918578439928
NLA12_TN-108,2,1473699.4068,14.2032864007,3615832.8908,0.40756845001
NLA12_TN-113,1,2544571.6194,14.7494728714,41624339.258,0.0611318201024
NLA12_TN-114,1,2073083.4944,14.5445476677,3055029.5256,0.678580510279
NLA12_TN-114,2,2833.9327,7.94942067262,3307788.1506,0.000856745526308
NLA12_TN-119,1,5337273.9611,15.4902255864,7856830.5422,0.679316415498
NLA12_TN-122,1,604697.1413,13.3124830188,6843340.9285,0.0883628548713
NLA12_TN-R01,1,49798.5504,10.8157411542,2480458.9914,0.0200763449719
NLA12_TX-101,1,1777866.0465,14.3909243528,5325747.3367,0.333824707426
NLA12_TX-101,2,3230032.3408,14.9880027078,15318033.4129,0.210864688288
NLA12_TX-103,1,2541544.2627,14.7482824317,3876396.0494,0.655646180192
NLA12_TX-104,1,30296.0254,10.318771808,537753.6397,0.0563381131495
NLA12_TX-105,1,15045585.0009,16.5265951507,27533487.607,0.546446756606
NLA12_TX-107,1,231771.4486,12.3535070297,2048077.9128,0.113165347447
NLA12_TX-109,1,576898.4498,13.2654215331,1345574.8834,0.42873752841
NLA12_TX-110,1,2184329.5999,14.5968195202,3494777.5508,0.625026791591
NLA12_TX-111,1,63751.6342,11.0627500972,3243334.6472,0.0196561999099
NLA12_TX-112,1,15301.2236,9.63568807804,972447.6232,0.0157347534561
NLA12_TX-113,1,9444485.3536,16.0609415687,10907622.6729,0.865861025525
NLA12_TX-114,1,189937.818,12.1544520239,2811274.6936,0.0675628811487
NLA12_TX-116,1,22846.7632,10.036564732,629100.4848,0.0363165563404
NLA12_TX-117,1,609983.4303,13.3211870723,3813238.6364,0.159964662184
NLA12_TX-117,2,7809813.8644,15.8708916885,9907969.9686,0.788235520409
NLA12_TX-118,1,4461563.35,15.3110097895,6999200.1097,0.637439033043
NLA12_TX-121,1,6587768.8318,15.7007252804,7262022.3413,0.907153479043
NLA12_TX-124,1,818940.5852,13.6157668147,2165308.4031,0.378209673979
NLA12_TX-128,1,270635.1198,12.5085267712,584090.9015,0.463344179998
NLA12_TX-129,1,102065.0996,11.5333661201,1560237.4691,0.0654163879675
NLA12_TX-135,1,430189.5371,12.9719811745,5162952.0473,0.083322396404
NLA12_TX-136,1,195730.9883,12.1844964868,6086939.6552,0.0321558943225
NLA12_TX-137,1,285943.9254,12.5635510055,517399.8209,0.552655632742
NLA12_TX-141,1,90530.6522,11.4134437707,1722715.4225,0.0525511358508
NLA12_TX-144,1,82513.6881,11.3207194749,566225.2196,0.145725914784
NLA12_TX-152,1,45351878.2028,17.6299621494,46694442.459,0.971247879073
NLA12_TX-157,1,75092.4042,11.2264746902,2876261.4937,0.0261076415912
NLA12_TX-158,1,751480.2858,13.5298002547,3666088.0136,0.204981517905
NLA12_TX-159,1,13511837.0236,16.4190766758,23729025.2053,0.569422338537
NLA12_TX-160,1,476369.271,13.0739486119,6022711.1266,0.0790954872293
NLA12_TX-161,1,661032.8525,13.4015588188,1155485.4262,0.572082379848
NLA12_TX-165,1,806343.9931,13.6002657209,2664867.3681,0.302583161456
NLA12_TX-169,1,245.8182,5.50459223833,21278.7724,0.0115522735701
NLA12_TX-170,1,906801.3259,13.7176786598,7432692.9739,0.122001719846
NLA12_TX-176,1,17104.7329,9.74711048197,583710.599,0.029303447512
NLA12_TX-182,1,610692.5119,13.3223488576,669042.0179,0.912786485095
NLA12_TX-187,1,681945.5969,13.4327051637,4681844.9019,0.145657451537
NLA12_TX-190,1,6689.4079,8.80828064397,239342.4489,0.0279491077773
NLA12_TX-195,1,95141.2601,11.4631180146,4098896.1912,0.0232114344111
NLA12_TX-196,1,478146.2222,13.0776718689,6851589.8461,0.0697861712303
NLA12_TX-199,1,833562.427,13.6334638758,91260318.1426,0.00913389788646
NLA12_TX-201,1,43156.0019,10.6725767807,11208473.0478,0.003850301617
NLA12_TX-202,1,10238407.3363,16.1416566319,11147988.5413,0.918408491215
NLA12_TX-205,1,187534.7072,12.1417192123,595759.4996,0.314782571366
NLA12_TX-218,1,18954482.9467,16.7575510286,20238443.4085,0.936558339202
NLA12_TX-232,1,849876.7177,13.6528465799,1801023.6685,0.471885368618
NLA12_TX-234,1,11898.5913,9.38417529394,6282611.7882,0.00189389249266
NLA12_TX-235,1,112830.2636,11.6336398764,4682817.7231,0.024094523911
NLA12_TX-R02,1,817237.1306,13.6136845773,1720477.3168,0.47500604781
NLA12_TX-R08,1,1729600.4346,14.3634009771,8253773.2044,0.209552696902
NLA12_TX-R09,1,217184.7045,12.2885034433,806337.0433,0.269347298756
NLA12_UT-101,1,72689.207,11.1939481931,1258360.5655,0.0577650070996
NLA12_UT-101,2,8252.0293,9.01821442484,763205.4729,0.0108123298286
NLA12_UT-102,1,62430.8805,11.0418153118,1157938.4789,0.0539155418337
NLA12_UT-103,1,5012.0221,8.51959472542,1485318.0255,0.00337437640556
NLA12_UT-104,1,117687.0202,11.6757840085,915085.9196,0.128607617798
NLA12_UT-108,1,145442.4214,11.8875355581,3348649.8147,0.0434331534941
NLA12_UT-109,1,16243916.2286,16.6032290107,59245163.8417,0.274181303169
NLA12_UT-110,1,23973.4582,10.084702589,774346.3676,0.0309596056792
NLA12_UT-110,2,43863.2021,10.6888310266,857344.8582,0.051161678618
NLA12_UT-112,1,167500.7486,12.0287430995,2097654.6699,0.0798514412327
NLA12_UT-118,1,227565.2812,12.3351924265,1197291.1784,0.190066781837
NLA12_UT-122,1,7300.8006,8.89573929236,1050488.727,0.00694990856385
NLA12_UT-125,1,17958.0383,9.79579310983,548902.0752,0.0327162878615
NLA12_UT-126,1,4230.6103,8.35010154059,101931.5358,0.0415044300745
NLA12_UT-128,1,13432.7942,9.50545432447,8908369.0158,0.00150788479644
NLA12_UT-137,1,3201640.0907,14.9791737648,3462552.3473,0.924647418889
NLA12_UT-147,1,1199.3189,7.08950909131,234029.8826,0.00512464001039
NLA12_UT-148,1,34850372.7475,17.3665743909,50411027.747,0.691324384863
NLA12_UT-159,1,771.7318,6.64863708034,287857.8927,0.00268094716029
NLA12_UT-160,1,61147.8977,11.0210507611,121572.0777,0.502976496387
NLA12_UT-165,1,514069.0729,13.1501129185,614998.1809,0.835887143841
NLA12_UT-167,1,35940.6896,10.4896253477,79019.2449,0.454834637378
NLA12_UT-173,1,183813.551,12.1216772131,7047659.7488,0.0260815018817
NLA12_UT-186,1,8473535.1887,15.9524583572,9475953.9466,0.894214475551
NLA12_UT-196,1,64924.977,11.0809876823,366441.3902,0.177176974917
NLA12_UT-203,1,12412.7279,9.42647766871,248235.5883,0.0500038209066
NLA12_UT-210,1,667212.2855,13.4108635434,3230697.6875,0.206522661678
NLA12_UT-218,1,217111.896,12.2881681494,1605598.8108,0.135221759346
NLA12_UT-222,1,11172764.6275,16.2289896451,13014963.8794,0.858455292771
NLA12_UT-229,1,310129.5125,12.6447452715,1242546.8951,0.249591797077
NLA12_UT-260,1,821.8099,6.7115091031,3084133.2758,0.000266463808957
NLA12_UT-264,1,48969039.0,17.7066987992,49005576.0885,0.999254429977
NLA12_UT-290,1,34758.3093,10.456173939,1012265.6817,0.0343371408597
NLA12_UT-294,1,219.0874,5.38947073696,50899.4401,0.00430431846735
NLA12_UT-324,1,54477.9365,10.9055510638,297275.9118,0.183257150471
NLA12_UT-325,1,29341.6434,10.2867630624,1862800.4155,0.0157513618506
NLA12_UT-343,1,4230.6103,8.35010154059,407240.0899,0.0103884917151
NLA12_UT-359,1,5837451.0561,15.5798047965,53320273.2552,0.109479016136
NLA12_UT-392,1,3046685.7276,14.9295649111,3091812.237,0.985404511678
NLA12_UT-400,1,177817.8373,12.0885149193,2207991.3771,0.0805337553145
NLA12_UT-409,1,27993295.29,17.1474755855,36637321.1991,0.764065012774
NLA12_UT-412,1,134305.0875,11.8078692634,8537736.6341,0.0157307601834
NLA12_UT-424,1,1004.7174,6.91246158692,11849433.3773,8.47903328377e-05
NLA12_VA-101,1,4023575.8863,15.2076815892,7925704.0152,0.507661638459
NLA12_VA-101,2,1122521.9212,13.9310884273,19039597.0471,0.0589572309972
NLA12_VA-102,1,3824799.0402,15.1570164854,23940154.6475,0.15976500973
NLA12_VA-103,1,134118.4116,11.8064783574,2229210.925,0.0601640742452
NLA12_VA-104,1,111882.0334,11.625200322,1405809.4778,0.0795854880528
NLA12_VA-105,1,8217.8579,9.01406485798,3498205.6906,0.00234916372187
NLA12_VA-106,1,51126759.68,17.7498185909,66880428.1729,0.764450244664
NLA12_VA-108,1,18171.0586,9.80758542056,572505.561,0.0317395320462
NLA12_VA-109,1,69.3479,4.23913586512,87824447.0921,7.89619545538e-07
NLA12_VA-110,1,2106107.1529,14.5603518502,2666141.8949,0.789945635275
NLA12_VA-111,1,170950.7576,12.0491308268,8492484.2366,0.0201296526243
NLA12_VA-112,1,182904.485,12.1167193557,5757534.9183,0.0317678464126
NLA12_VA-114,1,216263.8345,12.2842543973,1753558.6884,0.123328540944
NLA12_VA-118,1,56934004.4858,17.857403339,58324133.0322,0.976165465749
NLA12_VA-119,1,6729267.2222,15.7219768134,6864107.2988,0.980355773777
NLA12_VA-121,1,63375.0055,11.0568248277,7352413.2881,0.00861961957478
NLA12_VA-123,1,69526333.7022,18.057216141,94142509.4052,0.738522205765
NLA12_VA-125,1,611171.6953,13.3231332057,4430252.0214,0.137954159797
NLA12_VA-126,1,1368755.2611,14.1294123163,1956144.1036,0.699721078105
NLA12_VA-127,1,470887.1549,13.0623737581,1770353.3488,0.265984841512
NLA12_VA-130,1,67235.4486,11.1159558964,2762738.6816,0.0243365212381
NLA12_VA-R01,1,6942.4478,8.84540970025,1168545.6426,0.00594110109773
NLA12_VA-R05,1,733268.0043,13.5052665406,1121740.8357,0.653687537231
NLA12_VA-R06,1,28094.3737,10.2433246111,872390.9063,0.0322038818804
NLA12_VA-R14,1,2249.8938,7.71863829408,136684.0144,0.0164605481473
NLA12_VA-R18,1,7460857.4619,15.8251809068,11654005.6273,0.640196830215
NLA12_VT-101,1,1538215.4854,14.2461335268,3476993.9514,0.442398090678
NLA12_VT-101,2,106657.787,11.5773807358,421266.9851,0.253183351111
NLA12_VT-102,1,46684.3323,10.7511638906,406880.0702,0.114737328562
NLA12_VT-103,1,340977.5197,12.7395718295,3012321.8055,0.113194254039
NLA12_VT-104,1,27525.6186,10.2228724355,546838.2885,0.0503359387571
NLA12_VT-106,1,18310.61,9.81523595224,10807953.2416,0.00169417923918
NLA12_VT-110,1,2253.3335,7.72016595433,1149868.2806,0.00195964488978
NLA12_VT-112,1,5996602.241,15.6067035736,9407279.9374,0.637442733809
NLA12_VT-112,2,14491.2869,9.58130284435,6222493.9944,0.00232885510425
NLA12_VT-114,1,60932.4989,11.017521955,171624.5539,0.355033691365
NLA12_VT-115,1,51381.6057,10.8470355216,4232103.1089,0.0121409153742
NLA12_VT-R01,1,20293.7085,9.91806619088,143809.4965,0.141115218354
NLA12_VT-R02,1,3881.7962,8.26405326364,153275.1724,0.0253256684642
NLA12_WA-101,1,6619.3926,8.79775889246,9600816.8907,0.000689461394312
NLA12_WA-101,2,860.9608,6.75804897494,21009058.8419,4.0980455454e-05
NLA12_WA-102,1,20052.5224,9.90611023031,32930793.4582,0.000608929220775
NLA12_WA-103,1,262249.7489,12.4770525688,360520.4179,0.727419962585
NLA12_WA-104,1,7641398.7983,15.8490912332,16275757.7049,0.469495733277
NLA12_WA-106,1,10011969.1459,16.1192918498,10848638.255,0.922877960401
NLA12_WA-107,1,3712206.035,15.1271368765,4789136.3629,0.775130577562
NLA12_WA-108,1,20663.7122,9.93613440708,698034.1124,0.0296027254728
NLA12_WA-109,1,29787.7928,10.301853951,14120758.3661,0.00210950375523
NLA12_WA-110,1,61233.3466,11.0224471992,1306962.6023,0.0468516440273
NLA12_WA-111,1,36742.4139,10.5116870588,173225.9203,0.212106905458
NLA12_WA-112,1,2558215.598,14.7548205414,2696919.9456,0.948569349333
NLA12_WA-114,1,320670.2992,12.678168769,841936.7351,0.380872203138
NLA12_WA-115,1,2958.7106,7.99250884431,224296.8552,0.0131910480749
NLA12_WA-116,1,4561.1267,8.42532495532,1317804.6827,0.00346115532892
NLA12_WA-118,1,1829.5496,7.51182509532,640159.2,0.00285796033237
NLA12_WA-120,1,84262.3928,11.3416909329,359650.2855,0.234289798166
NLA12_WA-121,1,315259.2931,12.6611507319,12641729.1693,0.0249379882196
NLA12_WA-124,1,63705.8888,11.0620322831,407302.5027,0.156409274133
NLA12_WA-126,1,570206.2425,13.2537534033,812475.4932,0.70181346671
NLA12_WA-129,1,229.3305,5.43516419454,4754.5367,0.0482340371881
NLA12_WA-131,1,28636.3507,10.2624321933,1407996.8748,0.0203383624016
NLA12_WA-133,1,1656812.7412,14.3204062793,2261559.0279,0.732597611099
NLA12_WA-133,2,309438.9216,12.6425160062,1763709.096,0.175447823171
NLA12_WA-138,1,748.5707,6.61816565498,364108.0575,0.00205590259425
NLA12_WA-141,1,290250.8187,12.5785007202,945320.6278,0.30703954845
NLA12_WA-147,1,2702.1227,7.9017929283,23852.7127,0.113283664378
NLA12_WA-151,1,2033.2881,7.61740951534,730560.5466,0.0027831890313
NLA12_WA-154,1,25404.297,10.1426736119,5337497.8657,0.00475958916316
NLA12_WA-157,1,61761.0834,11.0310287266,533378.1906,0.115792292389
NLA12_WA-159,1,458081.0771,13.0348014717,1532849.4335,0.298842839413
NLA12_WA-R08,1,100239.8874,11.5153214663,361918.8655,0.276967842672
NLA12_WA-R09,1,8363.5129,9.03163382117,164314.5312,0.0508994112628
NLA12_WA-R10,1,16474.0383,9.70954098437,549632.0158,0.0299728506099
NLA12_WI-101,1,4166593.96,15.2426094639,4211982.5354,0.989223940266
NLA12_WI-101,2,1561601.8192,14.2612226596,1697947.0127,0.919699971507
NLA12_WI-102,1,17716.5431,9.78225412048,195047.6709,0.0908318618636
NLA12_WI-103,1,735558.0777,13.5083847795,1839971.3236,0.399766055191
NLA12_WI-104,1,77580.01,11.2590650699,659303.6514,0.117669619811
NLA12_WI-106,1,83775.3729,11.3358943638,556146.0064,0.150635573997
NLA12_WI-107,1,308424.0528,12.6392309098,807692.2179,0.381858393537
NLA12_WI-108,1,22577647.8996,16.9324709438,22866849.7725,0.987352789047
NLA12_WI-109,1,4743401.8185,15.3722651195,9749492.9776,0.486528051192
NLA12_WI-110,1,1442.5792,7.27418790155,2005050.7712,0.00071947265412
NLA12_WI-111,1,33101.2201,10.4073254217,739909.3482,0.0447368588875
NLA12_WI-112,1,44567.7181,10.7047650665,1055674.4046,0.0422172953193
NLA12_WI-112,2,6496.1502,8.7789650035,240328.7114,0.0270302710074
NLA12_WI-113,1,102657.9867,11.5391582246,2334936.31,0.0439660757599
NLA12_WI-115,1,97967.7125,11.4923932391,1297492.4519,0.0755054199788
NLA12_WI-117,1,5461.525,8.60548333377,621003.146,0.00879468169393
NLA12_WI-120,1,8427375.63,15.9469959683,25643087.3024,0.32864122524
NLA12_WI-122,1,21505.6022,9.97606874762,3749290.201,0.00573591294541
NLA12_WI-127,1,51188731.51,17.7510299781,56818748.3145,0.900912692174
NLA12_WI-128,1,15925.2737,9.67566266711,920893.5801,0.0172932834414
NLA12_WI-129,1,134410.0134,11.8086502088,7044168.5072,0.0190810332352
NLA12_WI-131,1,12213362.6744,16.3180412115,16003184.0844,0.76318328965
NLA12_WI-132,1,22674.6607,10.0290033113,18564612.6473,0.00122139153295
NLA12_WI-133,1,783271.139,13.5712341973,1327241.9984,0.590149452733
NLA12_WI-134,1,76379502.1195,18.1512249213,80390120.6424,0.950110554744
NLA12_WI-135,1,37408.4887,10.5296529282,26789089.9595,0.00139640759565
NLA12_WI-136,1,213385.6893,12.2708565552,908074.9054,0.234986880522
NLA12_WI-138,1,6044.2138,8.70685669669,23320098.0816,0.000259184750375
NLA12_WI-140,1,990880.8854,13.8063496097,1602250.5095,0.618430688288
NLA12_WI-142,1,126069.2827,11.7445868975,4813884.9173,0.0261886781395
NLA12_WI-144,1,301086.2061,12.6151519017,2064194.232,0.145861373621
NLA12_WI-147,1,984923.2114,13.8003189591,2873271.4821,0.342788078863
NLA12_WI-151,1,15096.3325,9.62220711251,2579904.8406,0.00585150749068
NLA12_WI-152,1,106048.5562,11.5716523456,628094.5298,0.168841712781
NLA12_WI-153,1,982412.8604,13.7977669271,23128710.2561,0.0424759033047
NLA12_WI-154,1,49015.5859,10.7998936061,8016323.367,0.0061144721409
NLA12_WI-155,1,12681.4392,9.44789472313,4658295.4783,0.00272233465204
NLA12_WI-157,1,4640433.826,15.3503184168,7552347.3308,0.614435965766
NLA12_WI-161,1,30936.3375,10.3396867428,8420542.5813,0.00367391260139
NLA12_WI-163,1,5580703.7539,15.5348254472,8079634.5762,0.690712395625
NLA12_WI-166,1,2981909.0571,14.9080742766,4225050.8788,0.705768792528
NLA12_WI-168,1,233667.7896,12.361655683,806407.2294,0.289764006424
NLA12_WI-170,1,196610.057,12.18897764,1827472.5372,0.107585779265
NLA12_WI-171,1,5075278.7095,15.4398919995,6953490.916,0.729889313269
NLA12_WI-172,1,17035.2015,9.74303715861,11318682.6281,0.0015050516089
NLA12_WI-173,1,6793231.9183,15.7314373684,8870619.2933,0.765812588015
NLA12_WI-174,1,42372.2059,10.654247905,4400914.2894,0.00962804615442
NLA12_WI-176,1,466971.3278,13.0540231382,583869.084,0.799787727415
NLA12_WI-179,1,205273.8421,12.2321001818,2084182.7913,0.0984912853886
NLA12_WI-181,1,1712878.7628,14.353686,2435436.0326,0.70331502855
NLA12_WI-183,1,24259.9057,10.0965802954,1839224.757,0.013190288793
NLA12_WI-188,1,16557550.8849,16.6223528026,18715162.1149,0.884713195817
NLA12_WI-R06,1,61302.9734,11.0235836265,1944480.0111,0.0315266667953
NLA12_WI-R08,1,10090.8155,9.21938093268,341459.0436,0.0295520522567
NLA12_WI-R11,1,270188.8861,12.5068765715,5086556.9448,0.0531182269327
NLA12_WI-R12,1,80956.1086,11.3016624177,290538.4124,0.278641670584
NLA12_WI-R13,1,108860.1008,11.5978188579,1063541.1474,0.102356266202
NLA12_WV-101,1,160650.858,11.9869887053,614058.6338,0.261621365057
NLA12_WV-101,2,76443.154,11.2443026586,694223.02,0.110113251502
NLA12_WV-102,1,112920.937,11.6344431802,429737.4574,0.262767266515
NLA12_WV-105,1,12402.2354,9.42563200954,3410237.0079,0.00363676640986
NLA12_WV-106,1,215819.3569,12.2821970261,307277.9738,0.702358695715
NLA12_WV-111,1,12104.7906,9.40135657059,504276.0987,0.0240042917584
NLA12_WV-112,1,2834595.0502,14.8574096455,8273375.6054,0.342616506901
NLA12_WV-112,2,1031088.7828,13.8461258726,5824724.168,0.177019332257
NLA12_WV-113,1,5806.7025,8.66676813279,932408.0875,0.00622764064131
NLA12_WV-115,1,328360.3397,12.701866881,1497460.629,0.219278112119
NLA12_WV-R01,1,1392.7532,7.23903778651,886227.1696,0.00157155326284
NLA12_WY-101,1,4853.8698,8.48753156269,840517.6011,0.0057748580085
NLA12_WY-101,2,12427.4176,9.42766040749,823646.9341,0.0150882824733
NLA12_WY-102,1,57305.5389,10.956152563,1544561.6712,0.0371014896773
NLA12_WY-103,1,283.8428,5.64842056379,33945.8838,0.0083616264544
NLA12_WY-104,1,333604.9186,12.7177126934,360575.059,0.925202423942
NLA12_WY-105,1,256353.7078,12.4543134409,579358.2046,0.44247877352
NLA12_WY-107,1,20635.4171,9.93476415521,720947.7861,0.0286226235767
NLA12_WY-115,1,2710.0704,7.9047298914,693930.133,0.00390539374372
NLA12_WY-116,1,4827.9025,8.48216738732,52428.2506,0.0920858972929
NLA12_WY-120,1,523.7806,6.26107289435,378468.4726,0.00138394777351
NLA12_WY-124,1,14518.1635,9.58315579966,91797.8395,0.158153651318
NLA12_WY-124,2,101843.1282,11.5311889496,445436.6247,0.228636628765
NLA12_WY-125,1,1121243.9247,13.929949274,1620605.0222,0.691867487352
NLA12_WY-130,1,6120.2148,8.71935247293,1323073.7504,0.00462575483653
NLA12_WY-131,1,149840.2415,11.9173249488,563365.1641,0.265973565723
NLA12_WY-133,1,2471.8425,7.81271910296,408093.0841,0.0060570555991
NLA12_WY-135,1,354610.3163,12.778774765,1154323.2138,0.307201927554
NLA12_WY-137,1,24190.8231,10.0937286295,252181.0539,0.0959264097199
NLA12_WY-147,1,1644297.1864,14.3128236086,4737997.7794,0.347044735552
NLA12_WY-151,1,7720.8637,8.951681515,1523897.7633,0.00506652341511
NLA12_WY-R01,1,11961.3895,9.38943919969,594289.1457,0.0201272218861
NLA12_WY-R02,1,19604.0017,9.88348899275,374602.8959,0.0523327553379
NLA12_WY-R04,1,46398.2107,10.745016175,19386204.9021,0.00239336223538
NLA12_WY-R08,1,944097.2897,13.7579845009,1178113.0389,0.80136392564
OAHU12-12,1,74031.0161,11.2122394209,9493014.3291,0.00779847301748
OAHU12-12,2,164974.9133,12.0135487007,20407927.5893,0.00808386410517
OAHU12-23,2,233504.9586,12.3609585918,16059982.5614,0.0145395524377
