SITE_ID,VISIT_NO,DEPTH,TEMPERATURE,OXYGEN,PH,DENSITY
NLA12_AL-101,1.0,6.07333333333,24.9125,7.07333333333,8.025,997.093465692
NLA12_AL-101,2.0,6.53125,29.25,5.0125,7.7875,995.901237095
NLA12_AL-102,1.0,8.04210526316,18.2157894737,3.38947368421,10.7105263158,998.247181391
NLA12_AL-103,1.0,2.625,29.5125,6.70625,8.0875,995.823926659
NLA12_AL-104,1.0,9.51363636364,29.9090909091,5.9,7.61363636364,995.703714587
NLA12_AL-105,1.0,2.08571428571,25.9,5.07142857143,7.875,996.72750806
NLA12_AL-105,2.0,2.07142857143,27.4857142857,5.9,8.07142857143,996.304765787
NLA12_AL-112,1.0,1.55,29.0333333333,5.81666666667,7.61666666667,995.957786982
NLA12_AL-113,1.0,0.833333333333,27.0666666667,7.51666666667,5.91666666667,996.510186844
NLA12_AL-114,1.0,1.2,31.62,7.28,8.3,995.174478503
NLA12_AL-R03,1.0,3.58,20.95,4.04,11.87,997.718555578
NLA12_AL-R05,1.0,3.11111111111,26.0555555556,5.12222222222,6.85555555556,996.670612914
NLA12_AR-101,1.0,0.0,31.32,6.81,6.79,995.272398043
NLA12_AR-101,2.0,0.0,28.4,5.05,6.8,996.14986525
NLA12_AR-102,1.0,0.0,26.35,6.8,7.9,996.720516701
NLA12_AR-103,1.0,0.0,27.9,8.45,8.0,996.292570921
NLA12_AR-104,1.0,0.0,29.5,5.75,6.75,995.828066271
NLA12_AR-105,1.0,0.0,32.2,6.475,6.72,994.993550907
NLA12_AR-105,2.0,0.0,29.9,5.45,6.5,995.708404039
NLA12_AR-106,1.0,0.0,27.85,10.2,8.8,996.306706415
NLA12_AR-109,1.0,0.0,32.15,6.8,8.03,995.009559121
NLA12_AR-111,1.0,0.0,25.55,4.65,6.5,996.932712625
NLA12_AZ-101,1.0,11.5384615385,18.3119230769,6.69615384615,8.01576923077,998.549164197
NLA12_AZ-101,2.0,11.5384615385,28.4346153846,5.89615384615,7.76153846154,992.696834047
NLA12_AZ-102,1.0,0.35,20.6,5.05,9.275,998.106863823
NLA12_AZ-103,1.0,1.55555555556,20.47,7.65777777778,8.18375,998.133099665
NLA12_AZ-106,1.0,2.04285714286,31.2428571429,6.67142857143,8.4,995.296019157
NLA12_AZ-107,1.0,1.55555555556,22.3555555556,6.35555555556,8.5,997.718898842
NLA12_AZ-118,1.0,0.0,24.8,,8.2,997.126184824
NLA12_AZ-123,1.0,0.56,29.94,3.24,7.72,995.691877828
NLA12_AZ-127,1.0,1.66666666667,15.8166666667,6.25,7.95,998.997664746
NLA12_AZ-130,1.0,5.57142857143,19.7642857143,7.64571428571,8.19285714286,998.246660444
NLA12_AZ-130,2.0,10.5416666667,24.5875,3.45416666667,8.01666666667,997.05422975
NLA12_AZ-140,1.0,1.63333333333,26.4166666667,8.96666666667,8.33333333333,996.702383858
NLA12_AZ-143,1.0,1.2,21.8,6.12,8.76,997.832344792
NLA12_AZ-145,1.0,1.275,20.25,4.75,9.6375,998.176462068
NLA12_AZ-157,1.0,0.58,20.2,11.6,9.82,998.153697005
NLA12_AZ-R01,1.0,3.58,19.86,4.74,7.45,998.230517035
NLA12_AZ-R02,1.0,1.07142857143,22.0285714286,4.25714285714,8.84285714286,997.734970907
NLA12_CA-101,1.0,5.53571428571,19.4461538462,8.0,7.79230769231,998.345285446
NLA12_CA-101,2.0,4.05454545455,19.53,7.56363636364,7.74,998.329400378
NLA12_CA-102,1.0,0.94,24.18,7.34,8.58,997.280181557
NLA12_CA-103,1.0,9.51363636364,17.6476190476,9.27272727273,7.5,998.574459563
NLA12_CA-104,1.0,12.537037037,15.2384615385,8.35185185185,8.52307692308,999.030102079
NLA12_CA-105,1.0,1.63333333333,23.86,8.03333333333,8.48,997.345760365
NLA12_CA-106,1.0,1.2,25.38,8.15,9.02,996.967802022
NLA12_CA-107,1.0,3.53,18.5333333333,9.54,7.7,998.524707749
NLA12_CA-108,1.0,6.53125,18.6333333333,8.99375,6.4,998.505148869
NLA12_CA-111,1.0,2.08571428571,23.15,9.15714285714,7.28333333333,997.52486157
NLA12_CA-111,2.0,2.11428571429,24.45,8.82857142857,7.73333333333,997.20906943
NLA12_CA-112,1.0,2.6,25.6857142857,8.6,8.04285714286,996.894649533
NLA12_CA-116,1.0,14.0,6.81071428571,10.5275862069,7.37857142857,999.831722497
NLA12_CA-119,1.0,13.9482758621,17.9714285714,7.58620689655,7.41111111111,998.472390009
NLA12_CA-121,1.0,6.55,19.9666666667,3.59375,7.60666666667,998.095955007
NLA12_CA-123,1.0,2.525,19.4714285714,8.0,6.82857142857,998.340925403
NLA12_CA-128,1.0,1.2,18.375,7.48,6.85,998.547082103
NLA12_CA-132,1.0,3.58,18.2666666667,10.71,8.01111111111,998.563205337
NLA12_CA-135,1.0,7.52777777778,17.7823529412,8.91666666667,7.05882352941,998.648588015
NLA12_CA-138,1.0,0.325,17.1666666667,9.525,7.6,998.774970274
NLA12_CA-141,1.0,1.52222222222,21.1,5.3,6.75,997.960454092
NLA12_CA-143,1.0,3.58,18.2444444444,8.59,8.13333333333,998.539222728
NLA12_CA-145,1.0,1.2,23.525,9.32,8.05,997.44261026
NLA12_CA-154,1.0,1.07142857143,20.7166666667,7.14285714286,8.13333333333,998.082550466
NLA12_CA-156,1.0,1.02857142857,24.7833333333,9.11428571429,8.61666666667,997.129348945
NLA12_CA-157,1.0,3.07777777778,18.075,10.0222222222,8.2375,998.606247253
NLA12_CA-166,1.0,3.02222222222,21.025,9.72222222222,7.3,998.015198516
NLA12_CA-167,1.0,3.58,17.0888888889,10.13,7.35555555556,998.585703991
NLA12_CA-168,1.0,11.5192307692,19.668,6.80384615385,8.908,998.295344804
NLA12_CA-172,1.0,6.02,20.5214285714,9.74666666667,8.23571428571,998.087500486
NLA12_CA-174,1.0,2.5625,21.0714285714,8.2875,7.28571428571,998.005586958
NLA12_CA-180,1.0,12.5407407407,18.4692307692,8.06538461538,7.98076923077,998.379375013
NLA12_CA-181,1.0,2.5375,20.8428571429,9.1,8.24285714286,998.055510611
NLA12_CA-188,1.0,12.537037037,15.8769230769,10.5555555556,7.85769230769,998.922417682
NLA12_CA-190,1.0,0.6,24.9,7.12,7.225,997.100675083
NLA12_CA-200,1.0,4.55833333333,14.6909090909,10.6083333333,7.41818181818,999.132736804
NLA12_CA-206,1.0,18.6028571429,18.6676470588,8.12571428571,7.72647058824,998.278883546
NLA12_CA-208,1.0,0.375,22.3,4.275,9.3,997.731766129
NLA12_CA-212,1.0,6.5625,11.1333333333,8.81875,6.73333333333,999.361260871
NLA12_CA-223,1.0,11.212,10.85,9.664,7.74166666667,999.57989582
NLA12_CA-R01,1.0,10.5208333333,13.2416666667,4.87083333333,7.47083333333,999.222300518
NLA12_CA-R02,1.0,7.52777777778,17.2983333333,7.56833333333,8.13333333333,998.695379666
NLA12_CA-R03,1.0,17.8235294118,18.9176470588,7.28235294118,7.03823529412,998.280433701
NLA12_CA-R05,1.0,1.66666666667,19.67,6.29833333333,7.5,998.300447266
NLA12_CA-R06,1.0,2.5625,22.4875,5.88875,6.85375,997.68706648
NLA12_CA-R09,1.0,0.58,19.0833333333,7.58,8.15,998.418180144
NLA12_CA-R10,1.0,5.57142857143,12.03,4.40642857143,7.21928571429,999.178117496
NLA12_CA-R12,1.0,2.5625,23.6025,6.01,7.2225,997.423296262
NLA12_CA-R13,1.0,,,,,
NLA12_CO-101,1.0,1.02857142857,24.5875,7.83333333333,8.4,997.177505445
NLA12_CO-101,2.0,0.86,20.0714285714,6.34,8.4,998.218804173
NLA12_CO-102,1.0,5.25,13.9105263158,5.11875,8.30526315789,999.147582051
NLA12_CO-103,1.0,2.1,20.6916666667,6.51111111111,8.1,998.088432179
NLA12_CO-104,1.0,2.63076923077,18.825,0.25,8.3,998.468640422
NLA12_CO-105,1.0,1.82222222222,20.2090909091,4.65,9.43636363636,998.189679422
NLA12_CO-106,1.0,2.85,23.6285714286,5.43636363636,8.23571428571,997.407499084
NLA12_CO-107,1.0,6.78095238095,11.9130434783,6.25,8.32608695652,999.46447505
NLA12_CO-108,1.0,2.33333333333,15.3333333333,6.41111111111,8.70833333333,999.077194416
NLA12_CO-109,1.0,4.97058823529,13.9263157895,4.675,7.53684210526,999.239257086
NLA12_CO-110,1.0,1.75,17.8857142857,7.85,8.17142857143,998.64402341
NLA12_CO-111,1.0,2.7,20.1,6.76,7.94615384615,998.211886229
NLA12_CO-114,1.0,2.33333333333,16.4666666667,6.88888888889,8.19166666667,998.826689586
NLA12_CO-115,1.0,2.0,17.9090909091,5.975,7.82727272727,998.641554021
NLA12_CO-117,1.0,2.33333333333,21.4333333333,5.1,9.08333333333,997.922931756
NLA12_CO-119,1.0,11.5666666667,7.07058823529,6.93666666667,7.24411764706,999.895264811
NLA12_CO-121,1.0,1.375,16.7727272727,5.9125,8.11818181818,998.843184243
NLA12_CO-124,1.0,2.27272727273,21.6,3.47272727273,9.2,997.873003151
NLA12_CO-125,1.0,2.75,14.0692307692,7.28,7.91538461538,999.262221597
NLA12_CO-127,1.0,2.13,21.725,6.63333333333,9.7,997.862323585
NLA12_CO-129,1.0,1.18333333333,23.3875,1.98333333333,7.925,997.475325242
NLA12_CO-130,1.0,2.38888888889,11.525,6.74444444444,9.06666666667,999.57842394
NLA12_CO-131,1.0,3.13636363636,17.6357142857,6.39090909091,8.41428571429,998.689687371
NLA12_CO-131,2.0,3.46666666667,16.7733333333,6.55,8.91333333333,998.842855802
NLA12_CO-133,1.0,1.12857142857,13.66,7.08571428571,8.02,999.319149043
NLA12_CO-R01,1.0,19.4444444444,8.80833333333,6.25277777778,7.59722222222,999.659987101
NLA12_CO-R04,1.0,9.55,18.1260869565,6.48636363636,6.88260869565,998.586765875
NLA12_CO-R07,1.0,1.25625,13.2375,9.45,9.1375,999.365617812
NLA12_CO-R10,1.0,3.02222222222,18.0666666667,5.15555555556,7.9,998.593162442
NLA12_CT-101,1.0,0.6,22.42,8.64,7.26,997.702548744
NLA12_CT-101,2.0,0.75,24.3,7.475,6.9,997.252177717
NLA12_CT-102,1.0,9.52272727273,14.2136363636,6.67272727273,7.25909090909,999.012944614
NLA12_CT-103,1.0,11.04,12.936,6.096,6.452,999.018285865
NLA12_CT-104,1.0,2.14285714286,21.1,6.78571428571,7.92857142857,997.855364357
NLA12_CT-105,1.0,2.5875,21.8625,6.8375,7.9125,997.830627814
NLA12_CT-107,1.0,1.78571428571,23.8428571429,5.21428571429,6.7,997.292894733
NLA12_CT-108,1.0,0.9,26.16,7.675,7.46,996.771398932
NLA12_CT-115,1.0,3.05555555556,22.0333333333,6.35555555556,7.08888888889,997.763223192
NLA12_CT-115,2.0,3.05555555556,24.6555555556,6.46666666667,6.93333333333,997.162785281
NLA12_CT-118,1.0,4.06363636364,23.1636363636,6.58545454545,7.05454545455,997.327760819
NLA12_CT-126,1.0,1.56666666667,25.5666666667,8.01666666667,7.25,996.928354359
NLA12_DE-101,1.0,0.54,29.28,8.18,8.46,995.892570707
NLA12_DE-101,2.0,0.54,21.84,7.52,7.72,997.836481467
NLA12_DE-102,1.0,0.325,25.1,10.275,9.1,997.049417494
NLA12_DE-103,1.0,0.54,27.52,9.74,6.98,996.396261458
NLA12_DE-104,1.0,0.58,23.72,5.14,6.9,997.389304874
NLA12_DE-105,1.0,0.816666666667,27.5833333333,12.4833333333,8.86666666667,996.380897482
NLA12_DE-105,2.0,0.783333333333,20.9666666667,11.1,7.71666666667,998.028717962
NLA12_DE-107,1.0,0.35,22.5,9.35,7.55,997.68514232
NLA12_DE-121,1.0,0.375,21.3,3.05,6.35,997.954046894
NLA12_FL-101,1.0,1.28,26.916,7.89,7.426,996.564446454
NLA12_FL-101,2.0,1.53333333333,28.9,7.38333333333,8.2,996.00492275
NLA12_FL-102,1.0,1.63333333333,26.8442857143,6.91833333333,8.72,996.585573841
NLA12_FL-102,2.0,1.41428571429,30.6285714286,8.97142857143,8.92857142857,995.486096691
NLA12_FL-103,1.0,0.375,30.25,7.15,8.975,995.602522178
NLA12_FL-104,1.0,3.02222222222,25.4,5.52222222222,8.4,996.925138844
NLA12_FL-105,1.0,1.2,29.56,8.1,8.7,995.809652227
NLA12_FL-106,1.0,1.05714285714,26.7714285714,6.75714285714,6.1,996.605922069
NLA12_FL-107,1.0,2.575,26.8625,6.5625,6.91,996.580913409
NLA12_FL-108,1.0,2.14285714286,29.7428571429,5.95714285714,7.48571428571,995.755545438
NLA12_FL-109,1.0,0.816666666667,30.0166666667,6.85,7.63333333333,995.673073884
NLA12_FL-110,1.0,1.01428571429,28.2142857143,7.92857142857,5.88571428571,996.201692016
NLA12_FL-110,2.0,1.04285714286,30.8285714286,7.34285714286,5.94285714286,995.425097454
NLA12_FL-114,1.0,3.01111111111,26.2222222222,6.51111111111,7.26666666667,996.728847862
NLA12_FL-123,1.0,,,,,
NLA12_FL-123,2.0,5.23333333333,27.24,6.22666666667,5.28,996.414235729
NLA12_FL-126,1.0,0.85,30.0714285714,8.26666666667,8.42857142857,995.656273701
NLA12_FL-130,1.0,0.6,30.58,8.02,6.66,995.49311715
NLA12_FL-132,1.0,0.275,31.3,9.675,8.5,995.278659169
NLA12_FL-141,1.0,0.275,31.175,5.9,4.875,995.317556474
NLA12_FL-R04,1.0,0.64,29.3,8.02,6.98333333333,995.887312456
NLA12_FL-R06,1.0,1.04285714286,30.1571428571,5.51428571429,4.11428571429,995.63049488
NLA12_GA-101,1.0,1.02857142857,27.6242857143,4.03857142857,7.67,996.369602
NLA12_GA-101,2.0,0.7,28.5,4.44,6.96,996.120983589
NLA12_GA-102,1.0,0.3,28.4525,2.645,5.3175,996.13473622
NLA12_GA-103,1.0,1.55,27.0833333333,3.28333333333,5.795,996.497507692
NLA12_GA-104,1.0,6.03333333333,27.8746666667,3.79933333333,7.102,996.257356228
NLA12_GA-105,1.0,10.0130434783,22.4413043478,7.39043478261,5.78826086957,997.553688824
NLA12_GA-107,1.0,1.16,26.722,9.382,8.398,996.608482823
NLA12_GA-111,1.0,1.18,29.446,6.544,6.004,995.843869277
NLA12_GA-112,1.0,2.08571428571,23.1142857143,6.29142857143,6.9,997.510021311
NLA12_GA-112,2.0,1.66666666667,28.7283333333,7.41333333333,6.68,996.054865857
NLA12_GA-114,1.0,1.0,27.2333333333,2.65,6.23333333333,996.472971384
NLA12_GA-118,1.0,4.51666666667,21.0866666667,6.35833333333,6.0075,997.863774085
NLA12_GA-127,1.0,0.6,30.24,5.558,5.788,995.596290906
NLA12_GA-R01,1.0,2.11428571429,28.5571428571,5.82857142857,7.54285714286,996.026395064
NLA12_GA-R11,1.0,0.783333333333,25.6666666667,1.38333333333,3.95,996.900950305
NLA12_IA-101,1.0,1.2,21.24,6.36,8.16,997.969794875
NLA12_IA-101,2.0,3.06666666667,27.6888888889,4.13333333333,8.01111111111,996.35073697
NLA12_IA-102,1.0,0.54,28.28,9.012,8.78,996.18431217
NLA12_IA-103,1.0,2.5875,24.3375,6.925,7.75,997.182976107
NLA12_IA-104,1.0,3.05555555556,25.8444444444,4.70222222222,7.65333333333,996.757109229
NLA12_IA-105,1.0,1.4,23.3757142857,6.15714285714,8.33714285714,997.478718394
NLA12_IA-106,1.0,1.66666666667,25.4166666667,4.53333333333,7.91666666667,996.966886184
NLA12_IA-107,1.0,1.07142857143,20.3571428571,9.42857142857,9.07142857143,998.153487596
NLA12_IA-109,1.0,0.6,22.182,6.596,10.252,997.728757432
NLA12_IA-113,1.0,4.58333333333,24.7333333333,8.55833333333,7.45,997.104098988
NLA12_IA-120,1.0,1.04285714286,20.9,8.77142857143,8.22857142857,998.043748198
NLA12_IA-120,2.0,1.2,28.504,6.736,7.788,996.117498566
NLA12_IA-127,1.0,3.05555555556,26.9777777778,3.65555555556,7.69777777778,996.516934097
NLA12_IA-132,1.0,0.7,21.33,6.97,8.355,997.950031853
NLA12_IA-134,1.0,1.05714285714,27.2857142857,7.27142857143,8.81428571429,996.464798216
NLA12_IA-150,1.0,2.6125,23.2375,6.5,8.1375,997.318850614
NLA12_IA-152,1.0,1.53333333333,27.8,7.7,7.95,996.320841909
NLA12_IA-R01,1.0,2.08571428571,25.1142857143,6.3,8.11428571429,997.045378824
NLA12_IA-R02,1.0,0.333333333333,27.0333333333,9.13333333333,9.06666666667,996.533335207
NLA12_IA-R03,1.0,3.55,20.9,4.86,7.9,997.789466837
NLA12_ID-101,1.0,2.5,19.7375,7.91,8.305,998.284431139
NLA12_ID-101,2.0,1.83333333333,22.4542857143,9.10833333333,9.46428571429,997.694163766
NLA12_ID-102,1.0,1.93666666667,24.0433333333,11.0066666667,7.74333333333,997.30896212
NLA12_ID-103,1.0,2.635,22.6844444444,1.44125,7.35666666667,997.550399777
NLA12_ID-104,1.0,1.60333333333,21.8728571429,8.26,10.1185714286,997.828254521
NLA12_ID-105,1.0,6.03,14.398,4.035,7.255,998.979025693
NLA12_ID-107,1.0,2.758,19.59,7.61,7.708,998.316845603
NLA12_ID-108,1.0,2.13142857143,22.4975,1.83,7.4575,997.636759496
NLA12_ID-109,1.0,8.036,17.606,8.77933333333,8.70133333333,998.696732381
NLA12_ID-110,1.0,1.478,21.59,3.104,7.668,997.842544721
NLA12_ID-111,1.0,,,,,
NLA12_ID-112,1.0,2.97,13.1914285714,3.81714285714,7.13428571429,999.280859907
NLA12_ID-112,2.0,2.28571428571,16.14,2.87428571429,6.68875,998.75034904
NLA12_ID-113,1.0,3.18833333333,14.4316666667,4.78666666667,6.92,999.079311162
NLA12_ID-121,1.0,2.6175,21.382,7.8475,7.316,997.845256299
NLA12_ID-122,1.0,2.6325,22.7366666667,8.5825,9.0,997.62698389
NLA12_ID-141,1.0,,,,,
NLA12_ID-142,1.0,,,,,
NLA12_ID-143,1.0,0.813333333333,21.1057142857,7.445,8.45714285714,997.99841298
NLA12_ID-145,1.0,6.17,12.3507692308,9.44083333333,7.37461538462,999.417819825
NLA12_ID-148,1.0,12.602962963,9.95107142857,7.69222222222,9.00285714286,999.428998658
NLA12_ID-149,1.0,4.07181818182,14.8691666667,3.63727272727,8.39,998.646053236
NLA12_ID-151,1.0,1.152,19.055,9.278,10.42,998.407639062
NLA12_ID-158,1.0,12.4113793103,8.70433333333,8.10034482759,7.876,999.663725082
NLA12_ID-165,1.0,7.768125,9.35941176471,2.11625,7.04176470588,999.566122101
NLA12_ID-166,1.0,1.198,19.6716666667,7.888,8.11333333333,998.269664315
NLA12_ID-168,1.0,12.2325925926,9.59035714286,8.93259259259,6.63428571429,999.704187896
NLA12_ID-175,1.0,5.44214285714,17.3557142857,7.19571428571,8.15857142857,998.708986005
NLA12_ID-180,1.0,1.59166666667,19.055,8.525,5.78666666667,998.423792942
NLA12_ID-194,1.0,2.04428571429,18.98875,8.91142857143,8.78,998.436182184
NLA12_ID-198,1.0,0.945,21.1425,9.32,9.27,997.974175676
NLA12_ID-203,1.0,0.566,20.7133333333,6.29,8.54666666667,998.082784677
NLA12_ID-205,1.0,4.8325,11.8692307692,4.88666666667,6.50769230769,999.274226613
NLA12_ID-207,1.0,1.67666666667,21.7128571429,3.18,8.55142857143,997.715818995
NLA12_ID-209,1.0,2.802,15.906,8.418,7.676,998.980895899
NLA12_ID-210,1.0,,,,,
NLA12_ID-214,1.0,2.28571428571,20.17375,7.20571428571,8.15625,998.196929761
NLA12_ID-215,1.0,21.0564102564,8.391,6.15,6.754,999.641296446
NLA12_ID-216,1.0,0.2875,18.885,7.4075,8.8975,998.456743244
NLA12_ID-218,1.0,10.3409090909,8.84826086957,6.69177272727,6.32304347826,999.576605443
NLA12_ID-220,1.0,1.88166666667,18.4133333333,7.09333333333,7.11833333333,998.547302024
NLA12_ID-221,1.0,0.666666666667,17.3633333333,7.05666666667,6.64333333333,998.739414226
NLA12_IL-103,1.0,3.11111111111,21.5444444444,4.82222222222,8.16666666667,997.772881287
NLA12_IL-103,2.0,3.11111111111,16.9555555556,4.94444444444,7.94444444444,998.795686775
NLA12_IL-104,1.0,4.04545454545,24.5818181818,4.96363636364,8.09090909091,997.043369783
NLA12_IL-105,1.0,7.55555555556,16.85,2.62222222222,7.44444444444,998.593218488
NLA12_IL-106,1.0,3.55,25.28,4.43,8.03,996.915670785
NLA12_IL-109,1.0,4.54166666667,23.5083333333,4.64166666667,8.075,997.108852711
NLA12_IL-109,2.0,4.54166666667,19.6833333333,5.53333333333,8.06666666667,998.216312794
NLA12_IL-110,1.0,1.66666666667,24.6666666667,5.9,8.43333333333,997.126902507
NLA12_IL-111,1.0,4.54166666667,23.9333333333,4.0,7.925,997.330049979
NLA12_IL-112,1.0,1.07142857143,25.3714285714,3.57142857143,7.25714285714,996.979138634
NLA12_IL-114,1.0,6.5625,18.1,3.82666666667,7.65,998.28309608
NLA12_IL-116,1.0,3.11111111111,21.2,2.22222222222,4.18888888889,997.86145782
NLA12_IL-118,1.0,1.07142857143,28.2,6.50285714286,8.12714285714,996.205984151
NLA12_IL-120,1.0,3.05555555556,24.73,3.98888888889,7.73333333333,996.872342954
NLA12_IL-123,1.0,0.375,15.575,9.95,8.9,999.039635486
NLA12_IL-R01,1.0,1.875,25.2,7.2375,8.2,996.99909578
NLA12_IL-R03,1.0,1.37142857143,24.6,11.1,7.26666666667,997.133105591
NLA12_IL-R04,1.0,2.38888888889,22.2555555556,6.93111111111,6.94444444444,997.614254653
NLA12_IN-101,1.0,9.00476190476,13.128,2.1505,7.172,998.90830292
NLA12_IN-101,2.0,6.5625,14.214375,1.220625,7.0225,998.886666545
NLA12_IN-102,1.0,5.08461538462,23.1384615385,1.53230769231,7.94076923077,997.361276821
NLA12_IN-103,1.0,4.04545454545,18.4636363636,2.23272727273,7.19090909091,998.401382969
NLA12_IN-104,1.0,3.11111111111,24.4444444444,4.58111111111,8.17333333333,997.182011684
NLA12_IN-105,1.0,3.55,24.491,1.465,7.893,997.117255372
NLA12_IN-106,1.0,6.56875,16.616875,1.00875,7.8025,998.356042633
NLA12_IN-108,1.0,3.83333333333,23.5325,4.10333333333,7.78083333333,997.301440426
NLA12_IN-110,1.0,14.7166666667,13.52,1.35666666667,7.65333333333,998.85323827
NLA12_IN-111,1.0,3.6,22.624,5.592,8.362,997.426720122
NLA12_IN-112,1.0,4.58333333333,24.4083333333,3.96666666667,7.525,997.202905191
NLA12_IN-113,1.0,12.037037037,14.0888888889,4.35555555556,7.78888888889,998.808534561
NLA12_IN-115,1.0,2.14285714286,25.0785714286,7.14714285714,7.34571428571,997.054055905
NLA12_IN-116,1.0,3.55,22.99,3.841,7.33,997.284385177
NLA12_IN-117,1.0,3.11111111111,25.1777777778,6.4,7.87777777778,997.025505232
NLA12_IN-120,1.0,3.0,20.8128571429,4.88285714286,7.37714285714,998.007222278
NLA12_IN-126,1.0,1.18,25.17,5.016,8.078,997.005735182
NLA12_IN-127,1.0,3.0,27.5857142857,5.24285714286,8.35714285714,996.365261237
NLA12_IN-128,1.0,3.55,25.151,4.6188,7.97,996.967888646
NLA12_IN-128,2.0,3.59,22.628,5.675,7.601,997.643899981
NLA12_IN-130,1.0,3.08888888889,27.1444444444,4.98888888889,8.44444444444,996.390606975
NLA12_IN-131,1.0,6.03333333333,21.82,8.38142857143,7.30666666667,997.667369365
NLA12_IN-134,1.0,4.575,16.7383333333,2.5,6.86666666667,998.380579458
NLA12_IN-135,1.0,3.6,19.92,3.13,7.007,998.162851323
NLA12_IN-142,1.0,0.35,25.895,6.165,7.2125,996.841461722
NLA12_IN-144,1.0,12.38,11.7904,0.7232,7.4672,999.104352874
NLA12_IN-145,1.0,1.02857142857,21.6857142857,8.34285714286,7.8,997.870396675
NLA12_IN-146,1.0,3.55,23.13,4.776,7.246,997.253316213
NLA12_IN-147,1.0,0.27,26.93,5.412,8.302,996.559721395
NLA12_IN-149,1.0,2.6125,23.88375,2.0875,7.89375,997.354379899
NLA12_IN-155,1.0,4.08181818182,20.8972727273,4.41363636364,7.57727272727,997.990239181
NLA12_IN-159,1.0,1.66666666667,24.45,3.83333333333,8.13333333333,997.1768817
NLA12_IN-160,1.0,3.0,24.3257142857,4.3,7.58571428571,997.147651729
NLA12_IN-162,1.0,1.55,23.055,3.33833333333,6.28166666667,997.501889791
NLA12_IN-163,1.0,4.04545454545,23.2363636364,9.22272727273,6.76363636364,997.479571144
NLA12_IN-164,1.0,3.59,20.429,5.721,7.158,997.809029267
NLA12_IN-166,1.0,0.6,28.078,6.424,8.426,996.238009304
NLA12_IN-171,1.0,2.5625,20.0625,4.33875,6.8375,998.065823916
NLA12_IN-172,1.0,6.5625,19.9875,5.1275,7.94875,997.916722421
NLA12_IN-174,1.0,5.52142857143,20.5042857143,3.73428571429,7.22571428571,997.857835337
NLA12_IN-179,1.0,1.12,23.74,12.42,8.26,997.389029837
NLA12_IN-180,1.0,2.625,25.79875,4.845,7.235,996.858449889
NLA12_IN-183,1.0,0.25,25.215,2.62,6.99,997.019760725
NLA12_IN-185,1.0,2.14285714286,22.6285714286,13.3857142857,7.4,997.636970399
NLA12_IN-186,1.0,6.53125,16.75625,7.0375,8.00875,998.502617471
NLA12_IN-187,1.0,3.02222222222,22.3433333333,1.39777777778,7.16,997.719166968
NLA12_IN-191,1.0,0.833333333333,24.5416666667,4.98333333333,7.97666666667,997.189121709
NLA12_IN-193,1.0,3.55,24.86,8.28,8.11,997.110893282
NLA12_IN-196,1.0,4.54166666667,22.0175,5.05916666667,7.875,997.779271244
NLA12_IN-199,1.0,3.6,21.311,4.826,7.527,997.905938216
NLA12_IN-201,1.0,3.55,17.96,2.87,6.52,998.566703007
NLA12_IN-202,1.0,0.816666666667,18.1266666667,5.33333333333,6.68166666667,998.601264089
NLA12_KS-101,1.0,0.575,25.2,8.2,7.75,997.023669827
NLA12_KS-101,2.0,0.333333333333,27.6,7.73333333333,7.95666666667,996.377082222
NLA12_KS-102,1.0,2.5625,23.1,6.875,8.1,997.544294733
NLA12_KS-103,1.0,2.14285714286,23.7571428571,8.35714285714,7.97142857143,997.380478644
NLA12_KS-105,1.0,0.333333333333,24.3666666667,8.2,8.1,997.235506771
NLA12_KS-106,1.0,1.1,28.32,4.648,7.32,996.148884077
NLA12_KS-107,1.0,0.75,28.25,8.575,9.2,996.192879047
NLA12_KS-108,1.0,0.375,22.95,8.845,8.2175,997.580012207
NLA12_KS-109,1.0,1.2,24.24,9.842,7.9,997.25476271
NLA12_KS-109,2.0,1.2,27.54,6.3,7.84,996.37692952
NLA12_KS-114,1.0,2.525,22.55,5.6375,7.95,997.669748277
NLA12_KS-121,1.0,0.625,27.625,7.025,8.425,996.370089972
NLA12_KS-122,1.0,6.03333333333,25.9666666667,5.49133333333,8.07666666667,996.820347603
NLA12_KS-124,1.0,0.75,24.6,8.1,8.0,997.176869855
NLA12_KS-125,1.0,7.05882352941,18.9,4.19411764706,7.78235294118,998.249861671
NLA12_KS-126,1.0,0.333333333333,30.4333333333,6.80666666667,7.3,995.529134215
NLA12_KS-130,1.0,1.02857142857,25.1857142857,9.95285714286,8.82285714286,997.027161322
NLA12_KS-138,1.0,1.66666666667,25.45,8.96666666667,8.26666666667,996.958610247
NLA12_KS-R02,1.0,2.625,24.675,6.25,8.225,997.148358293
NLA12_KS-R07,1.0,2.14285714286,25.3285714286,6.5,8.11428571429,996.990250766
NLA12_KS-R08,1.0,2.07142857143,24.6142857143,7.14285714286,8.07142857143,997.163768035
NLA12_KS-R11,1.0,2.11428571429,25.8857142857,6.8,8.14285714286,996.843621609
NLA12_KY-101,1.0,8.82941176471,14.2111111111,7.71176470588,6.81111111111,998.891285774
NLA12_KY-101,2.0,10.705,14.77,8.955,6.63,998.610107315
NLA12_KY-102,1.0,2.14285714286,22.7857142857,6.58571428571,7.74285714286,997.538799651
NLA12_KY-103,1.0,3.54,18.0636363636,7.76,7.23636363636,998.378910788
NLA12_KY-104,1.0,0.166666666667,26.1333333333,4.93333333333,7.26666666667,996.778577901
NLA12_KY-107,1.0,4.01818181818,18.1,5.28181818182,8.13636363636,998.480069591
NLA12_KY-107,2.0,1.51666666667,27.6,10.75,8.18333333333,996.367306574
NLA12_KY-114,1.0,7.52777777778,20.0666666667,4.36666666667,7.77222222222,998.107715044
NLA12_KY-116,1.0,2.5125,28.725,9.6625,8.5375,996.026253207
NLA12_KY-117,1.0,2.08571428571,19.2857142857,5.11428571429,7.68571428571,998.310376144
NLA12_KY-120,1.0,0.52,28.36,7.3,7.68,996.161066846
NLA12_KY-122,1.0,3.57,18.7818181818,5.21,7.82727272727,998.359047093
NLA12_LA-101,1.0,1.58333333333,28.8333333333,5.93333333333,8.61666666667,996.024337475
NLA12_LA-101,2.0,1.55,30.7666666667,11.0,8.63333333333,995.441722856
NLA12_LA-102,1.0,1.61666666667,30.5666666667,6.45,7.56666666667,995.501082284
NLA12_LA-103,1.0,1.14,29.38,7.6,6.96,995.859347494
NLA12_LA-104,1.0,1.2,29.16,7.36,6.76,995.925675568
NLA12_LA-105,1.0,0.625,29.725,7.325,7.05,995.759075728
NLA12_LA-106,1.0,0.75,30.3,10.6,8.25,995.582943946
NLA12_LA-109,1.0,0.525,32.475,11.425,8.4,994.90404031
NLA12_LA-134,1.0,1.02,28.66,7.12,8.0,996.07469112
NLA12_LA-134,2.0,1.16,31.12,10.06,8.1,995.332862531
NLA12_LA-141,1.0,0.166666666667,35.5,15.0333333333,9.2,993.890667777
NLA12_LA-152,1.0,1.18,29.02,6.2,6.52,995.965101227
NLA12_LA-154,1.0,0.2,29.1666666667,6.26666666667,6.2,995.871581966
NLA12_LA-155,1.0,1.1,31.4,8.6,8.12,995.23548119
NLA12_LA-161,1.0,2.55,27.8,5.6,7.625,996.283181781
NLA12_LA-172,1.0,0.166666666667,35.2,13.8666666667,8.96666666667,993.988036087
NLA12_MA-101,1.0,2.01428571429,22.6714285714,4.47142857143,6.22857142857,997.636626522
NLA12_MA-101,2.0,1.63333333333,19.9,6.0,5.61666666667,998.254211615
NLA12_MA-102,1.0,0.6,21.44,7.66,7.22,997.925083068
NLA12_MA-103,1.0,1.07142857143,17.9857142857,8.12857142857,5.75714285714,998.627415485
NLA12_MA-104,1.0,3.53,22.53,6.53,6.67,997.675165691
NLA12_MA-105,1.0,2.625,21.325,4.3,5.8625,997.879358331
NLA12_MA-105,2.0,3.05555555556,17.8444444444,5.16666666667,5.56666666667,998.618141749
NLA12_MA-106,1.0,1.61666666667,21.8,7.1,6.35,997.845276947
NLA12_MA-108,1.0,0.375,22.2,3.0,5.65,997.754740417
NLA12_MA-109,1.0,4.575,21.2083333333,6.24166666667,6.125,997.884629046
NLA12_MA-110,1.0,6.51875,17.46875,4.2875,6.15625,998.593745388
NLA12_MA-111,1.0,1.2,22.5,6.72,5.66,997.681909014
NLA12_MD-101,1.0,5.50714285714,18.8142857143,6.87142857143,7.73571428571,998.119215165
NLA12_MD-101,2.0,5.03076923077,20.2769230769,5.53076923077,7.53076923077,997.96781979
NLA12_MD-102,1.0,0.42,28.02,7.54,7.84,996.258519402
NLA12_MD-103,1.0,1.01666666667,24.7333333333,7.21666666667,7.2,997.137359806
NLA12_MD-104,1.0,0.54,27.48,15.78,9.74,996.410420585
NLA12_MD-105,1.0,0.56,26.14,8.04,7.26,996.776629336
NLA12_MD-105,2.0,0.52,27.54,6.54,7.2,996.393912019
NLA12_MD-108,1.0,0.833333333333,28.0166666667,10.4833333333,9.18333333333,996.258320966
NLA12_MD-115,1.0,0.3,29.25,7.275,7.575,995.902131412
NLA12_MD-118,1.0,0.166666666667,26.6,8.6,7.06666666667,996.652994774
NLA12_ME-101,1.0,1.16,25.38,7.84,6.86,996.975939515
NLA12_ME-101,2.0,1.1,20.2,8.84,6.5,998.192169726
NLA12_ME-102,1.0,11.22,14.088,5.64,6.56,999.098485732
NLA12_ME-103,1.0,11.8769230769,13.0346153846,7.36923076923,6.68076923077,999.149652311
NLA12_ME-104,1.0,0.75,24.15,10.05,8.85,997.275793946
NLA12_ME-105,1.0,0.675,23.275,7.9,7.3,997.502840805
NLA12_ME-106,1.0,13.9482758621,10.6074074074,7.69259259259,6.13333333333,999.38989025
NLA12_ME-107,1.0,6.06666666667,18.1933333333,4.74666666667,5.99333333333,998.428667426
NLA12_ME-108,1.0,12.5925925926,15.5888888889,7.88148148148,7.10740740741,998.909718926
NLA12_ME-109,1.0,7.55555555556,18.6555555556,2.83333333333,7.21176470588,998.385981516
NLA12_ME-110,1.0,7.79545454545,18.8772727273,7.19090909091,6.71052631579,998.292876643
NLA12_ME-113,1.0,0.575,20.2,8.175,5.05,998.183287455
NLA12_ME-114,1.0,10.0869565217,12.1391304348,6.22608695652,6.58409090909,999.14411265
NLA12_ME-115,1.0,2.04285714286,16.9857142857,4.90285714286,6.1,998.6805834
NLA12_ME-116,1.0,1.5,22.875,7.475,6.625,997.597047
NLA12_ME-118,1.0,4.01818181818,19.1909090909,4.56363636364,6.43636363636,998.129802786
NLA12_ME-120,1.0,2.525,21.0125,4.075,6.4,997.912927916
NLA12_ME-121,1.0,5.54285714286,15.8285714286,5.84166666667,6.51428571429,998.666510963
NLA12_ME-122,1.0,2.41666666667,20.2666666667,4.3,6.5,998.076325987
NLA12_ME-126,1.0,2.04285714286,24.2142857143,8.91428571429,6.82857142857,997.245410854
NLA12_ME-126,2.0,2.04285714286,23.8857142857,8.9,6.64285714286,997.348322208
NLA12_ME-129,1.0,1.1,23.32,7.46,7.46,997.491744849
NLA12_ME-130,1.0,2.07142857143,22.2285714286,5.67142857143,6.04285714286,997.596937895
NLA12_ME-134,1.0,1.07142857143,25.3285714286,8.57142857143,8.32857142857,996.989366907
NLA12_ME-135,1.0,1.66666666667,20.75,9.0,6.8,998.075881944
NLA12_ME-137,1.0,2.14285714286,17.0571428571,3.42857142857,5.97142857143,998.708244481
NLA12_ME-R02,1.0,1.32,24.76,7.68,6.454,997.136149581
NLA12_ME-R03,1.0,1.92333333333,20.1,5.38333333333,6.11428571429,998.089024689
NLA12_ME-R06,1.0,4.1,18.5083333333,10.1818181818,7.525,998.426135342
NLA12_ME-R07,1.0,7.52777777778,13.5315789474,6.34444444444,6.93157894737,998.989224299
NLA12_ME-R08,1.0,11.5538461538,14.1703703704,8.17307692308,6.36666666667,999.027469151
NLA12_ME-R10,1.0,10.224,12.708,8.676,6.948,999.207662698
NLA12_ME-R11,1.0,1.1,25.8,7.625,7.20166666667,996.866899947
NLA12_ME-R15,1.0,18.6057142857,8.75142857143,8.78285714286,5.96,999.548884169
NLA12_MI-101,1.0,2.6625,26.3,6.7875,8.24444444444,996.663778733
NLA12_MI-101,2.0,2.6625,22.1666666667,7.6625,8.13333333333,997.761895116
NLA12_MI-102,1.0,6.46071428571,20.6857142857,7.56428571429,7.96428571429,998.050130967
NLA12_MI-103,1.0,6.625,16.0705882353,3.75625,7.82941176471,998.797022231
NLA12_MI-104,1.0,4.04545454545,22.8333333333,4.09090909091,7.9,997.371926608
NLA12_MI-105,1.0,8.535,20.1952380952,7.575,8.07142857143,997.990858866
NLA12_MI-106,1.0,2.6875,23.2222222222,8.3125,8.48888888889,997.515094771
NLA12_MI-107,1.0,7.53125,20.34375,5.8125,8.11875,998.114688879
NLA12_MI-108,1.0,4.05555555556,24.4444444444,5.16666666667,7.74444444444,997.080514864
NLA12_MI-109,1.0,4.55,19.42,3.6,7.58,998.128211074
NLA12_MI-110,1.0,4.53333333333,17.7615384615,4.44166666667,7.80769230769,998.297274088
NLA12_MI-111,1.0,3.62,27.1,7.427,8.2,996.502069841
NLA12_MI-112,1.0,6.03333333333,19.725,3.07333333333,7.80625,997.943472961
NLA12_MI-113,1.0,7.11764705882,17.5388888889,4.56470588235,7.8,998.561479374
NLA12_MI-114,1.0,3.07142857143,24.6857142857,3.97142857143,7.75714285714,996.994159527
NLA12_MI-115,1.0,1.1,28.6,8.11428571429,9.1875,996.09215558
NLA12_MI-116,1.0,1.75,22.8833333333,7.7,7.16666666667,997.595977998
NLA12_MI-117,1.0,5.03076923077,21.6,5.31538461538,7.87857142857,997.662315928
NLA12_MI-118,1.0,8.52777777778,14.6833333333,3.91666666667,6.03333333333,998.849655793
NLA12_MI-120,1.0,2.1,24.74,4.662,7.68,996.995779556
NLA12_MI-122,1.0,11.28,17.5384615385,10.536,8.36538461538,998.512411786
NLA12_MI-123,1.0,7.01764705882,15.5666666667,3.14117647059,7.65555555556,998.547579586
NLA12_MI-124,1.0,1.1,28.375,7.98571428571,8.375,996.155745883
NLA12_MI-125,1.0,1.05714285714,23.25,5.97142857143,7.07375,997.508849171
NLA12_MI-126,1.0,3.7,19.2818181818,6.15,7.95454545455,998.321093691
NLA12_MI-128,1.0,7.07058823529,19.2,5.04117647059,8.02777777778,997.973001145
NLA12_MI-129,1.0,10.0238095238,13.9476190476,3.78571428571,7.7380952381,998.860271858
NLA12_MI-130,1.0,1.57142857143,18.0,7.98571428571,8.0375,998.623181829
NLA12_MI-132,1.0,1.61666666667,25.5857142857,6.76666666667,7.8,996.920686368
NLA12_MI-133,1.0,3.54,18.0272727273,13.57,8.25454545455,998.480006263
NLA12_MI-135,1.0,5.09230769231,17.9416666667,4.30769230769,7.60833333333,998.311661239
NLA12_MI-136,1.0,3.04666666667,21.15625,2.83333333333,6.425,997.774366018
NLA12_MI-137,1.0,4.05555555556,17.3666666667,5.06666666667,7.13333333333,998.419388993
NLA12_MI-138,1.0,1.75,21.1416666667,9.18166666667,8.76166666667,997.991267034
NLA12_MI-139,1.0,3.5,17.125,3.45,7.4875,998.357807342
NLA12_MI-139,2.0,3.05555555556,17.5,4.57777777778,7.51,998.530220007
NLA12_MI-141,1.0,7.53125,12.78125,6.0625,6.55,999.118796815
NLA12_MI-142,1.0,1.24,21.8166666667,8.4,7.91666666667,997.841503493
NLA12_MI-144,1.0,1.28333333333,29.3833333333,8.88333333333,8.58333333333,995.861776437
NLA12_MI-145,1.0,5.60714285714,16.3,4.22142857143,7.44666666667,998.748381715
NLA12_MI-148,1.0,8.03684210526,14.535,3.95789473684,7.905,998.74206688
NLA12_MI-150,1.0,0.675,23.38,9.075,8.66,997.474715262
NLA12_MI-151,1.0,3.07142857143,25.8285714286,7.5,8.3,996.772954828
NLA12_MI-152,1.0,3.5,17.825,2.25,6.925,998.326602717
NLA12_MI-155,1.0,3.5625,19.475,4.7625,7.85,997.969595267
NLA12_MI-161,1.0,2.97142857143,24.5714285714,7.17142857143,8.05714285714,997.184055775
NLA12_MI-162,1.0,10.0304347826,16.1708333333,4.18260869565,6.65416666667,998.660287251
NLA12_MI-164,1.0,0.35,23.1,4.65,6.85,997.544480474
NLA12_MI-165,1.0,2.06,24.2,5.38,7.26,997.268787836
NLA12_MI-167,1.0,1.5,23.875,2.75,8.25,997.337591751
NLA12_MI-168,1.0,5.46666666667,17.9833333333,4.59166666667,7.64166666667,998.255563201
NLA12_MI-169,1.0,1.75,18.1,1.11666666667,5.96666666667,998.546772797
NLA12_MI-172,1.0,5.52142857143,17.7785714286,4.53571428571,7.77142857143,998.437541878
NLA12_MI-177,1.0,1.56666666667,23.5285714286,8.68333333333,8.57142857143,997.441790447
NLA12_MI-178,1.0,0.68,18.3166666667,11.0,8.38333333333,998.468525475
NLA12_MI-R08,1.0,1.44285714286,21.55,7.14285714286,7.53333333333,997.896669228
NLA12_MI-R09,1.0,11.4444444444,13.1444444444,3.58888888889,8.14074074074,999.166906977
NLA12_MN-101,1.0,4.54166666667,17.3416666667,3.06583333333,7.09166666667,998.46458866
NLA12_MN-101,2.0,4.525,16.8666666667,3.79166666667,8.24166666667,998.655255856
NLA12_MN-102,1.0,2.5625,17.9828571429,4.85375,7.44714285714,998.582159398
NLA12_MN-103,1.0,0.6,24.0,7.58,6.8,997.326617531
NLA12_MN-104,1.0,1.1,26.34,7.4,8.44,996.721413973
NLA12_MN-105,1.0,2.04285714286,17.7485714286,3.32714285714,6.20142857143,998.567216415
NLA12_MN-106,1.0,7.125,20.275,4.50625,7.84375,998.029332887
NLA12_MN-107,1.0,6.5625,17.8875,5.1375,8.03125,998.607913702
NLA12_MN-108,1.0,9.47368421053,12.7894736842,6.72105263158,7.80526315789,999.180774911
NLA12_MN-109,1.0,0.52,21.9,8.494,7.275,997.82212432
NLA12_MN-110,1.0,2.07142857143,25.0142857143,4.6,8.38571428571,997.043829051
NLA12_MN-111,1.0,4.0,17.9008181818,6.77181818182,7.92272727273,998.471310953
NLA12_MN-112,1.0,1.12,23.08,8.1,9.02,997.5412074
NLA12_MN-113,1.0,0.65,26.225,6.475,8.325,996.754068993
NLA12_MN-114,1.0,1.12,21.96,6.46,9.0,997.809375776
NLA12_MN-115,1.0,4.58333333333,21.1166666667,5.33083333333,8.2625,997.852799016
NLA12_MN-116,1.0,4.0,24.5875,3.7875,7.8625,997.131233268
NLA12_MN-118,1.0,0.375,23.7,13.45,9.875,997.400184256
NLA12_MN-119,1.0,1.58333333333,24.9833333333,9.53333333333,8.38333333333,997.079095366
NLA12_MN-120,1.0,1.92,13.92,10.702,8.34,999.284057528
NLA12_MN-121,1.0,4.54166666667,23.7727272727,4.84545454545,7.85,997.361489332
NLA12_MN-122,1.0,1.58333333333,21.285,8.575,8.90333333333,997.956563329
NLA12_MN-123,1.0,2.04285714286,22.1428571429,3.71428571429,7.51428571429,997.653939514
NLA12_MN-123,2.0,2.05714285714,21.0285714286,4.82857142857,7.07142857143,997.968549569
NLA12_MN-126,1.0,0.75,26.35,10.1,7.25,996.716780516
NLA12_MN-127,1.0,0.833333333333,21.4333333333,9.78333333333,8.68333333333,997.926827094
NLA12_MN-130,1.0,1.2,20.536,7.368,6.858,998.121422672
NLA12_MN-131,1.0,0.325,25.975,9.5,8.6,996.818924452
NLA12_MN-132,1.0,5.55,16.815,4.51428571429,7.86,998.672120454
NLA12_MN-135,1.0,0.166666666667,93.0666666667,13.2,8.13333333333,938.462436971
NLA12_MN-136,1.0,0.6,22.118,9.976,8.128,997.76391759
NLA12_MN-137,1.0,0.5,16.9,9.6,9.4,998.821390329
NLA12_MN-138,1.0,1.12,20.95,6.0,6.4,997.991058423
NLA12_MN-141,1.0,2.14285714286,26.2142857143,6.35714285714,7.57142857143,996.751971776
NLA12_MN-143,1.0,0.6,25.66,7.84,8.78,996.902569067
NLA12_MN-144,1.0,0.6,24.45,10.0,8.925,997.208182732
NLA12_MN-145,1.0,1.61666666667,22.1883333333,7.64333333333,7.93666666667,997.745910545
NLA12_MN-147,1.0,1.66666666667,23.1,4.75,6.5,997.37404223
NLA12_MN-150,1.0,1.2,21.2,5.16,6.844,997.951502275
NLA12_MN-152,1.0,1.2,22.12,6.64,8.24,997.772226086
NLA12_MN-153,1.0,2.14285714286,21.1985714286,5.93142857143,7.68714285714,997.949781233
NLA12_MN-157,1.0,2.94444444444,22.8133333333,3.55888888889,7.57222222222,997.532563644
NLA12_MN-158,1.0,0.716666666667,20.35,8.93333333333,8.83333333333,998.16076428
NLA12_MN-160,1.0,1.58333333333,20.9,3.51666666667,6.31666666667,997.972588497
NLA12_MN-162,1.0,2.625,15.3125,1.9625,6.5125,998.950550766
NLA12_MN-163,1.0,1.1,22.34,9.24,8.9,997.722462752
NLA12_MN-167,1.0,1.06,69.8,7.2,8.6,957.418002262
NLA12_MN-170,1.0,3.5,17.35,3.8375,7.35,998.650235746
NLA12_MN-171,1.0,0.375,23.3,5.85,8.225,997.496906247
NLA12_MN-177,1.0,0.375,25.35,5.175,8.125,996.984491727
NLA12_MN-180,1.0,3.53,19.544,4.105,7.467,998.252062877
NLA12_MN-181,1.0,0.333333333333,21.8,7.06666666667,8.23333333333,997.845496469
NLA12_MN-R01,1.0,5.23333333333,21.7066666667,9.79769230769,8.46666666667,997.688356066
NLA12_MN-R12,1.0,0.833333333333,27.2833333333,13.9833333333,9.0,996.465443156
NLA12_MN-R13,1.0,2.33333333333,19.9444444444,7.82222222222,6.52222222222,997.910410481
NLA12_MN-R14,1.0,10.6,11.2269230769,3.58846153846,7.51923076923,999.266070285
NLA12_MO-101,1.0,0.833333333333,29.5166666667,4.95,7.93333333333,995.823014337
NLA12_MO-101,2.0,1.62,20.58,5.06,8.132,998.10946069
NLA12_MO-102,1.0,4.09090909091,21.6272727273,4.08181818182,7.65454545455,997.883907333
NLA12_MO-103,1.0,5.03846153846,27.3076923077,4.04615384615,,996.441137755
NLA12_MO-104,1.0,3.11111111111,24.7111111111,6.25555555556,7.72222222222,997.083120977
NLA12_MO-105,1.0,2.625,25.3375,5.7125,6.8875,996.988032768
NLA12_MO-106,1.0,1.66666666667,26.2166666667,6.41666666667,8.15,996.752389285
NLA12_MO-107,1.0,0.833333333333,26.35,5.31666666667,8.03333333333,996.720207336
NLA12_MO-108,1.0,2.04285714286,29.3571428571,8.88571428571,8.3,995.818594884
NLA12_MO-108,2.0,1.66666666667,26.55,7.23333333333,8.96666666667,996.666536198
NLA12_MO-109,1.0,3.6,19.61,5.18,7.82,998.072540538
NLA12_MO-110,1.0,3.6,20.93,3.67,6.55,997.838348632
NLA12_MO-115,1.0,3.05555555556,24.9666666667,4.46666666667,8.5,996.927892996
NLA12_MO-117,1.0,2.625,24.175,8.0375,8.3675,997.175209512
NLA12_MO-119,1.0,1.2,25.94,6.74,7.86,996.820460574
NLA12_MO-120,1.0,1.2,24.8,6.28,8.68,997.076636438
NLA12_MO-122,1.0,1.51666666667,22.9,2.78333333333,7.9,997.576844011
NLA12_MO-123,1.0,1.2,22.72,4.78,8.02,997.619929437
NLA12_MO-126,1.0,0.6,26.48,4.6,7.86,996.684678575
NLA12_MO-R01,1.0,9.16666666667,16.9666666667,5.81666666667,8.08333333333,998.324812203
NLA12_MO-R02,1.0,1.63333333333,30.1666666667,7.45,8.5,995.626929939
NLA12_MS-101,1.0,1.14,29.695,8.892,8.81166666667,995.769878875
NLA12_MS-101,2.0,1.12,31.3733333333,6.266,8.54333333333,995.255031158
NLA12_MS-102,1.0,2.5875,23.1155555556,3.645,6.26111111111,997.382970387
NLA12_MS-103,1.0,3.11111111111,28.498,4.88888888889,5.147,996.069949337
NLA12_MS-104,1.0,0.675,28.572,7.7225,7.522,996.09919562
NLA12_MS-105,1.0,2.55,29.1155555556,7.58625,5.57444444444,995.93729216
NLA12_MS-106,1.0,,,,,
NLA12_MS-107,1.0,2.1,24.6428571429,8.88714285714,7.13428571429,997.165789931
NLA12_MS-112,1.0,0.75,34.058,7.925,7.572,994.380705676
NLA12_MS-113,1.0,3.05555555556,29.697,6.27888888889,6.355,995.746671065
NLA12_MS-116,1.0,,,,,
NLA12_MS-116,2.0,3.04444444444,29.265,5.63777777778,6.37,995.829632097
NLA12_MS-119,1.0,2.5875,24.1422222222,5.26625,7.59,997.163933585
NLA12_MS-125,1.0,0.166666666667,29.88,2.98333333333,7.345,995.710384077
NLA12_MS-126,1.0,0.75,28.645,6.4,6.1075,996.067664705
NLA12_MS-128,1.0,2.6,31.1466666667,6.29125,7.81666666667,995.31835002
NLA12_MS-R03,1.0,2.07142857143,22.9885714286,4.63857142857,7.29714285714,997.452981565
NLA12_MT-102,1.0,12.5925925926,11.1148148148,7.0237037037,7.67037037037,999.261106835
NLA12_MT-102,2.0,15.7727272727,9.55757575758,5.25363636364,7.74363636364,999.512382727
NLA12_MT-103,1.0,0.7,16.98,10.08,10.34,998.805781504
NLA12_MT-104,1.0,4.04545454545,12.9090909091,8.67272727273,8.45454545455,999.416375846
NLA12_MT-105,1.0,9.15217391304,11.8956521739,6.31260869565,7.97391304348,999.445074897
NLA12_MT-106,1.0,7.55555555556,18.1333333333,8.48333333333,8.03888888889,998.565650563
NLA12_MT-107,1.0,1.07142857143,19.4428571429,9.44714285714,8.93857142857,998.319549346
NLA12_MT-108,1.0,1.8,19.96,7.712,8.65,998.216755643
NLA12_MT-109,1.0,3.24444444444,17.63,8.43555555556,8.558,998.692429288
NLA12_MT-110,1.0,7.11904761905,8.85714285714,7.11428571429,6.49047619048,999.63403245
NLA12_MT-111,1.0,19.5657894737,10.6078947368,8.51052631579,7.98717948718,999.495620883
NLA12_MT-113,1.0,2.94444444444,12.7375,7.5125,8.325,999.438222929
NLA12_MT-118,1.0,0.957142857143,17.2925,8.79571428571,8.47,998.752806681
NLA12_MT-119,1.0,0.375,18.05,6.425,9.0,998.615580499
NLA12_MT-120,1.0,1.58333333333,17.4,9.85,8.9,998.732773992
NLA12_MT-124,1.0,5.6875,16.3,9.2875,8.36875,998.903602202
NLA12_MT-126,1.0,0.375,21.225,6.445,8.43,997.973104296
NLA12_MT-135,1.0,3.11111111111,16.6666666667,7.57777777778,8.61111111111,998.857695296
NLA12_MT-136,1.0,12.5925925926,12.5518518519,9.24814814815,7.97777777778,999.362869286
NLA12_MT-138,1.0,1.38571428571,17.0342857143,8.05142857143,8.63,998.797364174
NLA12_MT-140,1.0,8.51351351351,9.69189189189,10.1432432432,6.01081081081,999.65188228
NLA12_MT-142,1.0,0.375,20.225,6.0,8.6475,998.186711895
NLA12_MT-143,1.0,2.78571428571,18.2846153846,9.73846153846,8.97692307692,998.561276573
NLA12_MT-144,1.0,1.08333333333,18.1333333333,6.31666666667,8.35,998.600082177
NLA12_MT-151,1.0,0.375,13.0,0.31,8.625,999.405020425
NLA12_MT-152,1.0,6.01851851852,11.75,8.40769230769,6.87307692308,999.465421704
NLA12_MT-154,1.0,0.375,16.07,4.625,9.6475,998.552253274
NLA12_MT-156,1.0,5.53571428571,18.0707142857,7.275,8.02857142857,998.590482056
NLA12_MT-160,1.0,1.2,20.9,9.02,9.32,998.042963743
NLA12_MT-161,1.0,2.38888888889,19.2666666667,6.51111111111,8.4,998.38205281
NLA12_MT-162,1.0,10.5291666667,8.9147826087,8.00347826087,6.80260869565,999.754087566
NLA12_MT-164,1.0,12.5,12.0423076923,7.31923076923,8.94230769231,999.162460743
NLA12_MT-164,2.0,15.7424242424,9.8,4.42666666667,8.94242424242,999.523684037
NLA12_MT-177,1.0,0.6,16.1,6.3,8.8,998.955784462
NLA12_NC-101,1.0,4.6,22.6916666667,7.44166666667,7.60833333333,997.615087375
NLA12_NC-101,2.0,9.00952380952,25.7142857143,3.11904761905,6.7,996.864096346
NLA12_NC-103,1.0,2.5625,23.225,4.1375,5.1875,997.480341288
NLA12_NC-104,1.0,0.54,29.32,,4.0,995.881079091
NLA12_NC-105,1.0,17.0303030303,14.3,7.17878787879,6.4303030303,999.07279976
NLA12_NC-107,1.0,1.0,26.72,6.87,7.28,996.585180744
NLA12_NC-108,1.0,5.51428571429,14.7,6.37857142857,6.35285714286,999.036468892
NLA12_NC-109,1.0,4.00909090909,19.0,6.95454545455,6.64545454545,998.297749765
NLA12_NC-114,1.0,1.6,25.0,5.9,7.53333333333,997.073103903
NLA12_NC-115,1.0,0.725,27.475,,5.375,996.403861525
NLA12_NC-116,1.0,1.05714285714,23.3285714286,5.55714285714,6.84285714286,997.489617255
NLA12_NC-116,2.0,1.04285714286,26.7285714286,5.08571428571,6.72857142857,996.61762022
NLA12_NC-124,1.0,2.08571428571,24.2142857143,3.92857142857,8.42857142857,997.148907514
NLA12_NC-127,1.0,2.625,26.825,7.05,6.9,996.520056525
NLA12_NC-134,1.0,1.63333333333,27.8833333333,6.53333333333,7.38333333333,996.297282752
NLA12_ND-101,1.0,1.53333333333,15.5,8.61666666667,8.38333333333,999.051764994
NLA12_ND-101,2.0,1.58333333333,26.2833333333,8.45,8.46666666667,996.734880209
NLA12_ND-102,1.0,1.38571428571,22.1514285714,8.16428571429,8.42571428571,997.765810259
NLA12_ND-103,1.0,1.12,23.58,7.16,8.9,997.429298813
NLA12_ND-104,1.0,2.625,17.3125,6.3125,8.325,998.741888476
NLA12_ND-105,1.0,4.09090909091,20.8272727273,9.22818181818,6.60090909091,998.058907348
NLA12_ND-106,1.0,1.58333333333,24.0,9.06666666667,8.6,997.326617531
NLA12_ND-107,1.0,0.8,23.85,7.88333333333,8.9,997.363368273
NLA12_ND-108,1.0,0.6,20.47,9.722,8.998,998.135525547
NLA12_ND-109,1.0,1.66666666667,25.2666666667,6.51666666667,8.8,997.006425676
NLA12_ND-110,1.0,0.6,16.66,8.88,8.586,998.862458451
NLA12_ND-112,1.0,2.5625,14.3325,9.7925,8.6475,999.226439406
NLA12_ND-113,1.0,0.833333333333,20.0,9.71,8.58166666667,998.228374242
NLA12_ND-114,1.0,0.56,26.5,5.32,8.26,996.680077623
NLA12_ND-115,1.0,3.6,15.047,8.188,8.251,999.101683952
NLA12_ND-115,2.0,4.54166666667,17.195,6.40916666667,8.28,998.679395759
NLA12_ND-118,1.0,2.0,18.682,10.29,8.43,998.495652703
NLA12_ND-119,1.0,0.766666666667,21.3733333333,11.425,9.11833333333,997.940515113
NLA12_ND-126,1.0,0.6,16.8,7.7,8.8,998.838586815
NLA12_ND-129,1.0,0.625,21.575,8.725,9.2,997.89582543
NLA12_ND-131,1.0,7.01176470588,22.2105882353,5.79823529412,8.20235294118,997.750003417
NLA12_ND-134,1.0,1.90625,24.46,9.38,8.6075,997.207300107
NLA12_ND-139,1.0,1.2,15.5,7.4,8.6,999.051764994
NLA12_ND-145,1.0,1.1,21.54,7.24,8.7,997.903586527
NLA12_ND-146,1.0,1.0,16.054,9.162,8.65,998.963183682
NLA12_ND-149,1.0,1.63333333333,25.3166666667,5.03333333333,8.9,996.993461018
NLA12_ND-151,1.0,1.07142857143,18.34,8.96142857143,8.59142857143,998.561382031
NLA12_ND-155,1.0,0.54,17.2,5.22,9.6,998.769125663
NLA12_ND-156,1.0,1.8375,20.41125,7.13625,8.7275,998.147891639
NLA12_ND-160,1.0,1.12,24.68,6.7,9.2,997.156634128
NLA12_ND-162,1.0,1.25,16.81,8.48833333333,8.72166666667,998.836615408
NLA12_ND-163,1.0,0.833333333333,17.7,9.1,9.06666666667,998.67978255
NLA12_ND-164,1.0,2.04285714286,25.2285714286,5.98571428571,8.62857142857,997.016279477
NLA12_ND-167,1.0,1.58333333333,21.6833333333,11.1666666667,8.8,997.871655057
NLA12_ND-172,1.0,1.08333333333,24.2566666667,8.24166666667,8.73333333333,997.262970264
NLA12_ND-173,1.0,1.04285714286,19.2442857143,6.90428571429,8.22142857143,998.386504578
NLA12_ND-178,1.0,3.16666666667,17.0411111111,8.88222222222,8.50555555556,998.787422785
NLA12_ND-186,1.0,0.375,18.9,8.05,8.575,998.453804977
NLA12_ND-187,1.0,4.69285714286,19.1642857143,5.95,8.26428571429,998.397266798
NLA12_ND-190,1.0,0.275,23.1,7.875,9.0,997.544209682
NLA12_ND-193,1.0,,,,,
NLA12_ND-194,1.0,1.02857142857,24.4257142857,13.8857142857,9.30857142857,997.218707064
NLA12_ND-196,1.0,1.41428571429,24.275,6.11428571429,8.8,997.258405209
NLA12_ND-198,1.0,0.58,25.0,7.48,8.5,997.075117666
NLA12_ND-199,1.0,0.783333333333,20.66,8.62666666667,9.09333333333,998.095164973
NLA12_ND-202,1.0,0.6,25.1,10.04,8.54,997.044938714
NLA12_ND-R17,1.0,14.515625,12.6,6.465625,9.615625,999.231777857
NLA12_ND-R18,1.0,3.11111111111,14.3444444444,8.5,8.62222222222,999.224709522
NLA12_NE-101,1.0,4.55833333333,26.8,5.65833333333,8.5,996.594386041
NLA12_NE-101,2.0,,,,,
NLA12_NE-102,1.0,0.52,19.12,8.66,9.16,998.41101193
NLA12_NE-103,1.0,1.8,26.3909090909,5.65,8.53636363636,996.708999209
NLA12_NE-104,1.0,1.02857142857,26.65,7.21428571429,9.2375,996.639210686
NLA12_NE-105,1.0,1.07142857143,20.0,8.44285714286,9.47142857143,998.23363614
NLA12_NE-106,1.0,1.04285714286,29.1714285714,6.81428571429,8.91428571429,995.924127392
NLA12_NE-107,1.0,0.275,24.15,10.775,9.375,997.286830256
NLA12_NE-108,1.0,0.52,18.62,9.0,9.34,998.508154106
NLA12_NE-109,1.0,2.5625,25.9666666667,6.7875,8.3,996.822754599
NLA12_NE-110,1.0,0.375,28.025,7.45,9.525,996.255925022
NLA12_NE-111,1.0,0.816666666667,23.0,7.68333333333,8.4,997.568415787
NLA12_NE-112,1.0,0.35,21.3,7.9,9.45,997.956659588
NLA12_NE-113,1.0,0.833333333333,19.3166666667,7.58333333333,8.9,998.371923017
NLA12_NE-114,1.0,4.58333333333,26.5846153846,5.425,8.16153846154,996.655955669
NLA12_NE-121,1.0,0.52,22.16,10.06,9.0,997.759205903
NLA12_NE-125,1.0,0.375,20.3,9.375,9.3,998.171279233
NLA12_NE-127,1.0,0.166666666667,21.5,8.8,9.1,997.912500055
NLA12_NE-129,1.0,0.6,29.94,9.16,8.8,995.696019118
NLA12_NE-129,2.0,0.783333333333,24.2666666667,6.23333333333,8.58333333333,997.259532329
NLA12_NE-133,1.0,0.3,26.54,7.475,10.4,996.669225972
NLA12_NE-135,1.0,0.166666666667,25.3333333333,12.7666666667,9.53333333333,996.98908695
NLA12_NE-149,1.0,0.35,22.925,13.2,9.7,997.586144972
NLA12_NE-154,1.0,0.833333333333,22.5,3.96666666667,8.85,997.685617106
NLA12_NE-156,1.0,0.166666666667,22.5,9.83333333333,10.1,997.685617106
NLA12_NE-157,1.0,10.0434782609,14.7913043478,2.91739130435,9.46956521739,998.851361824
NLA12_NE-158,1.0,1.07142857143,23.9285714286,7.1,8.3,997.34420289
NLA12_NE-160,1.0,3.11111111111,21.3222222222,7.57777777778,8.82222222222,997.950692266
NLA12_NE-166,1.0,0.0,,,,
NLA12_NE-170,1.0,1.2,24.08,8.88,9.3,997.297288024
NLA12_NH-101,1.0,2.93571428571,15.1285714286,5.75714285714,6.31428571429,999.006082705
NLA12_NH-101,2.0,2.61875,20.4777777778,5.9875,6.64444444444,997.941835806
NLA12_NH-102,1.0,1.11714285714,22.4085714286,7.94285714286,6.46571428571,997.702165851
NLA12_NH-103,1.0,2.93571428571,15.1285714286,5.75714285714,6.31428571429,999.006082705
NLA12_NH-104,1.0,4.0,15.9333333333,6.25444444444,5.79333333333,998.902181844
NLA12_NH-105,1.0,1.0,23.3,7.68,6.0,997.496906247
NLA12_NH-107,1.0,0.831666666667,23.1857142857,4.05,6.68571428571,997.523386762
NLA12_NH-108,1.0,1.3275,18.575,9.6175,6.895,998.476290353
NLA12_NH-109,1.0,7.625,17.1368421053,8.48333333333,5.96315789474,998.472348402
NLA12_NH-111,1.0,2.50833333333,23.6,4.915,6.58333333333,997.339189354
NLA12_NH-112,1.0,1.912,20.32,7.16,5.6,998.09521433
NLA12_NH-112,2.0,1.59833333333,23.3571428571,6.03333333333,5.88571428571,997.466178604
NLA12_NH-115,1.0,1.96,26.32,7.76,6.92,996.725824995
NLA12_NH-R04,1.0,7.54625,12.65625,9.8925,5.946875,999.273405224
NLA12_NJ-101,1.0,1.51666666667,28.55,6.08333333333,8.11666666667,996.104968155
NLA12_NJ-101,2.0,1.04285714286,20.9714285714,8.47142857143,8.44285714286,998.028262714
NLA12_NJ-102,1.0,0.816666666667,27.5333333333,6.68333333333,8.06666666667,996.390578745
NLA12_NJ-103,1.0,,,,,
NLA12_NJ-104,1.0,1.51666666667,23.3166666667,2.96666666667,6.1,997.415563212
NLA12_NJ-105,1.0,0.35,19.76,7.0075,6.87,998.282721854
NLA12_NJ-106,1.0,1.65,21.4616666667,4.30333333333,6.38666666667,997.910151322
NLA12_NJ-107,1.0,1.08,23.836,5.846,7.248,997.366936561
NLA12_NJ-108,1.0,0.766666666667,19.05,6.42166666667,5.93166666667,998.424711058
NLA12_NJ-118,1.0,1.58333333333,22.7666666667,7.18333333333,7.08333333333,997.515050153
NLA12_NJ-119,1.0,1.275,27.9111111111,7.225,7.95555555556,996.289239115
NLA12_NJ-131,1.0,0.35,31.0,8.325,6.375,995.372059405
NLA12_NJ-131,2.0,0.56,22.7,9.12,6.14,997.63903495
NLA12_NJ-R01,1.0,1.26,19.62,7.0,5.06,998.306952814
NLA12_NM-104,1.0,9.54545454545,14.1136363636,8.39318181818,7.68727272727,998.428636916
NLA12_NM-104,2.0,6.06666666667,21.8906666667,4.40933333333,7.97666666667,997.818344322
NLA12_NM-105,1.0,0.52,15.12,8.54,8.7,999.110378589
NLA12_NM-117,1.0,4.08181818182,14.0,5.53636363636,8.58181818182,999.263222406
NLA12_NM-117,2.0,3.6,17.34,5.42,9.05,998.73017195
NLA12_NM-129,1.0,6.53125,21.04375,8.03125,8.5375,998.007375913
NLA12_NM-132,1.0,1.2,15.3,6.86,8.68,999.082665803
NLA12_NM-133,1.0,0.6,14.74,3.14,7.74,999.16604421
NLA12_NM-134,1.0,8.02105263158,16.4578947368,7.52631578947,8.26315789474,998.794804232
NLA12_NM-138,1.0,3.55,15.27,5.25,8.52,999.067929714
NLA12_NM-150,1.0,0.58,22.32,6.88,8.12,997.725487915
NLA12_NM-152,1.0,0.166666666667,17.2666666667,8.13333333333,8.8,998.757361818
NLA12_NM-160,1.0,1.18,18.942,7.46,8.5,998.44246472
NLA12_NM-161,1.0,0.833333333333,16.7966666667,7.06666666667,8.40333333333,998.83915269
NLA12_NM-162,1.0,2.5375,20.775,7.2625,9.7875,998.070576709
NLA12_NV-101,1.0,0.166666666667,12.3666666667,6.8,7.66666666667,999.468296694
NLA12_NV-101,2.0,0.166666666667,20.0,,8.06666666667,998.23363614
NLA12_NV-102,1.0,0.75,19.6,9.5,8.75,998.315304407
NLA12_NV-103,1.0,0.6,21.74,10.9,9.24,997.858816189
NLA12_NV-104,1.0,2.35555555556,23.1333333333,,8.35555555556,997.531475359
NLA12_NV-105,1.0,2.1,21.4428571429,8.31857142857,7.88571428571,997.912778355
NLA12_NV-106,1.0,0.3,18.05,7.225,8.3,998.614369632
NLA12_NV-109,1.0,9.525,17.25,7.445,9.62,998.760034488
NLA12_NV-119,1.0,1.07142857143,21.2857142857,,9.92857142857,997.953832809
NLA12_NV-119,2.0,0.783333333333,21.6166666667,,10.1666666667,997.868954034
NLA12_NV-127,1.0,0.783333333333,13.4666666667,6.8,8.2,999.34297983
NLA12_NV-137,1.0,2.6125,19.7,2.76,7.8875,998.279197862
NLA12_NV-141,1.0,1.42857142857,21.0428571429,4.52857142857,8.22857142857,998.012468551
NLA12_NV-144,1.0,0.425,14.7,,8.95,999.173206874
NLA12_NV-167,1.0,0.375,17.925,9.05,8.975,998.638470277
NLA12_NV-177,1.0,2.12857142857,20.1571428571,,8.84285714286,998.190266009
NLA12_NV-193,1.0,1.88,15.96,4.42,9.54,998.974115953
NLA12_NV-R01,1.0,1.66666666667,15.9566666667,8.06666666667,9.08333333333,998.979085228
NLA12_NY-0101,1.0,17.09375,12.7265625,10.4871875,8.15125,999.225112505
NLA12_NY-0101,2.0,19.4166666667,13.0694444444,8.565,7.87777777778,999.113787895
NLA12_NY-0102,1.0,1.14,18.5,7.992,6.6,998.530873386
NLA12_NY-0103,1.0,3.675,17.0125,9.9875,5.65714285714,998.6882479
NLA12_NY-0104,1.0,0.833333333333,21.305,6.795,7.59666666667,997.95496148
NLA12_NY-0104,2.0,1.07142857143,23.7142857143,0.885714285714,7.67142857143,997.396346871
NLA12_NY-0106,1.0,3.05555555556,19.6111111111,8.45555555556,6.28888888889,998.143337695
NLA12_NY-0108,1.0,0.6,24.94,4.36,7.52,997.088194641
NLA12_NY-0109,1.0,2.14285714286,14.8785714286,1.60285714286,6.05428571429,998.885485261
NLA12_NY-0110,1.0,2.35,25.05,9.13333333333,6.56833333333,997.054678405
NLA12_NY-0111,1.0,2.14285714286,21.1428571429,8.87142857143,5.42857142857,997.874158259
NLA12_NY-0112,1.0,1.58333333333,19.2833333333,4.25,7.35,998.37796306
NLA12_NY-R02,1.0,6.63333333333,15.42,14.56,7.62,998.645473614
NLA12_NY-R03,1.0,6.53125,12.89375,5.475,6.5875,998.979587652
NLA12_NY-R04,1.0,0.333333333333,22.4333333333,8.56666666667,8.26666666667,997.673777649
NLA12_NY-R06,1.0,1.66666666667,22.5833333333,3.43333333333,6.01666666667,997.622454964
NLA12_NY-R07,1.0,0.266666666667,20.2,4.33333333333,5.63333333333,998.185322853
NLA12_NY-R08,1.0,1.1,28.08,7.68,6.64,996.239423672
NLA12_NY-R11,1.0,4.08181818182,22.5454545455,8.6,7.17272727273,997.525258281
NLA12_OH-101,1.0,1.18,24.82,7.48,8.46,997.120877509
NLA12_OH-101,2.0,1.14,25.6,5.44,8.025,996.919637826
NLA12_OH-102,1.0,0.233333333333,26.9,8.1,9.06666666667,996.571161949
NLA12_OH-103,1.0,4.04545454545,20.15,3.78181818182,7.70833333333,997.893251061
NLA12_OH-104,1.0,2.04285714286,23.85,6.71428571429,8.37125,997.362276175
NLA12_OH-105,1.0,0.425,20.12,6.825,8.68,998.208798294
NLA12_OH-106,1.0,3.28181818182,21.1041666667,4.37272727273,7.80833333333,997.742894736
NLA12_OH-107,1.0,1.97272727273,23.465,7.6,8.9675,997.456758326
NLA12_OH-112,1.0,3.54,22.7236363636,4.67,8.14181818182,997.546928431
NLA12_OH-113,1.0,1.3125,19.19,5.2,7.70666666667,998.396970663
NLA12_OH-115,1.0,2.85,23.59,6.9,7.88,997.39102511
NLA12_OH-118,1.0,2.1,27.7125,7.68571428571,8.65,996.343886577
NLA12_OH-118,2.0,1.925,23.5555555556,8.275,8.6,997.435269433
NLA12_OH-122,1.0,1.6,22.1142857143,5.66666666667,8.37142857143,997.769088601
NLA12_OH-127,1.0,5.55,17.7357142857,5.60714285714,7.55714285714,998.204024793
NLA12_OH-134,1.0,1.04285714286,27.2142857143,6.28571428571,8.37142857143,996.483912535
NLA12_OH-136,1.0,0.833333333333,27.7225,5.06666666667,8.61875,996.341079276
NLA12_OH-137,1.0,5.57142857143,18.64,3.80714285714,7.86466666667,998.199193776
NLA12_OH-R02,1.0,3.08888888889,21.3,3.35555555556,7.12,997.704859388
NLA12_OH-R03,1.0,1.58333333333,24.1166666667,5.33333333333,7.21666666667,997.294591999
NLA12_OK-101,1.0,3.08888888889,29.2333333333,6.74444444444,8.42222222222,995.905363565
NLA12_OK-101,2.0,3.6182,335.001,4.925,8.528,-987.360012315
NLA12_OK-102,1.0,2.07142857143,25.8,6.78571428571,8.51428571429,996.866157143
NLA12_OK-103,1.0,7.55555555556,26.6666666667,5.33388888889,7.71666666667,996.624890705
NLA12_OK-104,1.0,6.03333333333,25.3466666667,6.14666666667,7.58,996.930084015
NLA12_OK-105,1.0,0.6,28.3,6.3,8.38,996.178585955
NLA12_OK-106,1.0,1.2,27.68,8.32,8.0,996.354622361
NLA12_OK-107,1.0,4.525,28.525,7.34166666667,8.85,996.113607037
NLA12_OK-108,1.0,2.5625,26.175,6.875,8.3375,996.763464921
NLA12_OK-109,1.0,2.07142857143,26.6,7.14285714286,7.84285714286,996.652994774
NLA12_OK-117,1.0,0.375,28.4,12.525,8.425,996.14986525
NLA12_OK-118,1.0,0.6,22.46,5.9,8.66,997.694793525
NLA12_OK-119,1.0,3.55,27.234,3.874,8.132,996.423851383
NLA12_OK-120,1.0,2.5625,26.825,6.525,7.525,996.582306132
NLA12_OK-121,1.0,1.025,26.2566666667,6.75166666667,7.24666666667,996.744567201
NLA12_OK-122,1.0,0.675,22.175,7.875,8.55,997.760274417
NLA12_OK-132,1.0,0.6,29.862,6.766,8.584,995.718827186
NLA12_OK-133,1.0,0.375,29.0025,6.2875,8.3375,995.974072923
NLA12_OK-134,1.0,1.56666666667,27.4833333333,7.05,7.25,996.40976311
NLA12_OK-135,1.0,2.5625,26.55,6.5875,7.4125,996.662201316
NLA12_OK-285,1.0,2.08457142857,25.41,4.53428571429,7.74714285714,996.964439509
NLA12_OK-286,1.0,0.166666666667,25.52,2.43,8.25333333333,996.940564098
NLA12_OK-288,1.0,1.58333333333,31.3833333333,9.6,8.15,995.24265724
NLA12_OK-291,1.0,0.566,30.434,9.176,7.74,995.546301608
NLA12_OK-292,1.0,0.33475,29.5375,3.835,7.5125,995.816649623
NLA12_OK-293,1.0,0.6138,24.006,11.78,8.986,997.317392846
NLA12_OK-296,1.0,0.325,30.25,8.5,8.775,995.602500523
NLA12_OK-299,1.0,6.06666666667,19.3266666667,7.15333333333,7.88666666667,997.887641786
NLA12_OK-299,2.0,6.5998125,17.493125,3.236875,7.981875,998.345531794
NLA12_OK-302,1.0,2.14285714286,28.6428571429,5.14285714286,7.95714285714,996.063074548
NLA12_OK-306,1.0,1.16,30.872,5.936,8.092,995.411675794
NLA12_OK-311,1.0,2.14285714286,24.1142857143,4.22857142857,7.14285714286,997.208794934
NLA12_OK-R01,1.0,3.6,20.6,4.51,7.86,998.007731837
NLA12_OK-R09,1.0,2.4625,23.3875,5.4625,8.4875,997.474354298
NLA12_OR-101,1.0,1.42857142857,16.8885714286,6.18285714286,8.61285714286,998.8214567
NLA12_OR-102,1.0,1.34,21.2,6.44,8.17,997.978517425
NLA12_OR-103,1.0,1.71666666667,18.0571428571,9.01666666667,7.34142857143,998.613597536
NLA12_OR-103,2.0,1.32,12.6,9.72,7.565,999.455055433
NLA12_OR-104,1.0,1.96625,23.5433333333,8.105,7.35111111111,997.389833655
NLA12_OR-105,1.0,6.08666666667,21.14375,7.55333333333,8.205625,997.964003148
NLA12_OR-106,1.0,12.6666666667,9.63928571429,11.4740740741,8.05714285714,999.746844892
NLA12_OR-107,1.0,,,,,
NLA12_OR-109,1.0,21.1052631579,11.7523076923,10.1868421053,6.11897435897,999.409324772
NLA12_OR-110,1.0,7.57,12.7052631579,5.49444444444,7.34736842105,999.23878077
NLA12_OR-111,1.0,0.233333333333,23.8333333333,11.1333333333,8.82666666667,997.366936613
NLA12_OR-112,1.0,4.10909090909,23.1666666667,7.29090909091,8.5725,997.525471636
NLA12_OR-113,1.0,10.6625,16.9484,7.00583333333,7.5516,998.674108169
NLA12_OR-121,1.0,2.80428571429,19.1466666667,7.0,7.498,998.348864897
NLA12_OR-121,2.0,3.07,15.1555555556,8.61111111111,7.53333333333,999.103932073
NLA12_OR-123,1.0,5.11538461538,16.215,9.03230769231,7.69428571429,998.935581837
NLA12_OR-126,1.0,9.53454545455,10.9652173913,6.16818181818,7.15739130435,999.417763556
NLA12_OR-128,1.0,20.2972972973,12.0684210526,8.25675675676,7.75947368421,999.289595802
NLA12_OR-129,1.0,4.13636363636,17.1166666667,5.22818181818,6.65,998.70337502
NLA12_OR-131,1.0,0.652,19.18,3.78,7.2,998.392326211
NLA12_OR-133,1.0,1.255,16.9666666667,1.38333333333,6.03333333333,998.808460299
NLA12_OR-144,1.0,0.666666666667,20.8333333333,6.78,5.94666666667,998.057953286
NLA12_OR-145,1.0,0.9565,20.13,8.19333333333,6.67428571429,998.206649348
NLA12_OR-154,1.0,3.7,21.7818181818,8.05,8.66181818182,997.8472457
NLA12_OR-155,1.0,5.10769230769,20.8428571429,5.57692307692,8.05,998.00669724
NLA12_OR-158,1.0,0.44,18.16,18.5825,8.426,998.572301538
NLA12_OR-160,1.0,1.0,21.725,7.1,6.9125,997.862196846
NLA12_OR-163,1.0,0.875,15.74,9.375,7.076,999.013163268
NLA12_OR-167,1.0,2.12285714286,16.7714285714,3.08571428571,6.91714285714,998.843112147
NLA12_OR-169,1.0,12.6296296296,15.1857142857,9.25555555556,7.14642857143,998.952252324
NLA12_OR-173,1.0,2.10857142857,13.7075,8.41142857143,6.12625,999.313260789
NLA12_PA-101,1.0,11.9230769231,13.6777777778,6.48884615385,7.32592592593,999.003932361
NLA12_PA-101,2.0,6.5,18.5185714286,3.73142857143,6.88642857143,998.322789662
NLA12_PA-102,1.0,2.41666666667,19.5166666667,4.23333333333,8.92833333333,998.301536763
NLA12_PA-103,1.0,4.0,18.4666666667,3.92666666667,8.35555555556,998.332998048
NLA12_PA-105,1.0,2.0,24.5111111111,7.34444444444,7.53333333333,997.170420135
NLA12_PA-106,1.0,12.6875,16.375,5.85541666667,6.45875,998.606738584
NLA12_PA-107,1.0,1.275,18.1111111111,2.9625,7.17777777778,998.603633506
NLA12_PA-108,1.0,3.85555555556,23.0222222222,5.88888888889,6.07777777778,997.544122205
NLA12_PA-108,2.0,3.1,27.46,6.73,8.4,996.410255575
NLA12_PA-109,1.0,,,,,
NLA12_PA-110,1.0,1.0,25.96,6.668,8.052,996.824411016
NLA12_PA-111,1.0,2.5625,22.9444444444,5.025,8.18666666667,997.572708778
NLA12_PA-113,1.0,6.46428571429,18.4428571429,3.83357142857,7.795,998.382353175
NLA12_PA-114,1.0,4.43,21.29,4.81,7.32,997.770699768
NLA12_PA-115,1.0,,,,,
NLA12_PA-117,1.0,0.725,25.75,6.1,6.885,996.880225311
NLA12_PA-118,1.0,2.57142857143,20.8714285714,7.2,7.64285714286,998.049791812
NLA12_PA-119,1.0,8.39,18.2714285714,5.07,7.89523809524,998.28115472
NLA12_PA-R10,1.0,5.99285714286,18.9285714286,6.16428571429,6.47857142857,998.24713206
NLA12_PA-R11,1.0,5.22307692308,20.3461538462,5.97692307692,5.9,997.980660123
NLA12_RI-102,1.0,0.275,88.625,7.9325,7.595,938.813067919
NLA12_RI-102,2.0,0.166666666667,24.7666666667,7.85,7.61333333333,997.134648282
NLA12_RI-103,1.0,1.55,26.5,4.59333333333,6.63833333333,996.645895988
NLA12_RI-104,1.0,0.6,23.32,7.806,6.554,997.492099555
NLA12_RI-108,1.0,0.816666666667,28.4833333333,7.36833333333,6.87333333333,996.118017711
NLA12_RI-110,1.0,0.783333333333,22.6333333333,2.995,4.05,997.548329659
NLA12_RI-111,1.0,1.63333333333,25.6166666667,8.235,7.51166666667,996.891943603
NLA12_RI-111,2.0,1.96,26.02,6.462,7.03,996.78429932
NLA12_RI-112,1.0,0.166666666667,27.8,6.86,6.47666666667,996.317575091
NLA12_RI-113,1.0,0.766666666667,24.6666666667,3.07166666667,6.15666666667,997.127366074
NLA12_SC-102,1.0,1.01428571429,24.4857142857,1.74285714286,5.22857142857,997.156788412
NLA12_SC-103,1.0,11.9115384615,14.9730769231,8.2,6.12692307692,998.895470403
NLA12_SC-103,2.0,12.5851851852,16.9148148148,7.25185185185,6.83703703704,998.529447694
NLA12_SC-104,1.0,0.6,24.58,3.52,6.116,996.924357755
NLA12_SC-104,2.0,0.6,26.5,1.28,5.4,996.677062896
NLA12_SC-105,1.0,1.01428571429,26.9571428571,8.5,8.38571428571,996.547299042
NLA12_SC-106,1.0,2.15714285714,27.0625,6.55714285714,7.4125,996.515915604
NLA12_SC-108,1.0,0.833333333333,25.6666666667,6.03333333333,5.85,996.882301825
NLA12_SC-112,1.0,,,,,
NLA12_SC-112,2.0,1.16,25.7,8.46,6.08,996.87921529
NLA12_SC-118,1.0,2.04285714286,29.6,9.08571428571,7.45714285714,995.79516864
NLA12_SC-127,1.0,0.68,30.74,9.2,7.66,995.452555316
NLA12_SD-101,1.0,11.7333333333,13.4458333333,10.4708333333,8.3875,999.344714941
NLA12_SD-101,2.0,11.364,20.46,7.6,8.332,998.124847894
NLA12_SD-102,1.0,2.17142857143,23.3714285714,6.91428571429,8.5,997.479627232
NLA12_SD-103,1.0,1.1,22.4,6.72,8.9,997.708758401
NLA12_SD-104,1.0,2.575,18.2125,9.9,8.62125,998.57187841
NLA12_SD-105,1.0,1.63333333333,25.0833333333,7.18333333333,8.75,997.053720646
NLA12_SD-106,1.0,3.11111111111,21.5555555556,8.93333333333,8.7,997.90004646
NLA12_SD-107,1.0,2.625,22.45,6.05,8.4,997.661997188
NLA12_SD-108,1.0,1.12,25.4,6.78,8.1,996.97184274
NLA12_SD-109,1.0,1.075,20.15,6.675,8.525,998.201411383
NLA12_SD-110,1.0,3.11111111111,22.4444444444,7.82222222222,8.64444444444,997.698195032
NLA12_SD-111,1.0,1.2,24.3,6.04,8.6,997.252177717
NLA12_SD-114,1.0,0.366666666667,21.3,9.36666666667,8.77666666667,997.956557121
NLA12_SD-115,1.0,0.133333333333,21.6766666667,5.35666666667,8.27333333333,997.873073708
NLA12_SD-115,2.0,0.173333333333,22.4,7.2,8.8,997.708758401
NLA12_SD-119,1.0,0.0,23.4,12.2,10.1,997.472872785
NLA12_SD-122,1.0,0.55,20.575,8.025,8.525,998.113282152
NLA12_SD-124,1.0,0.65,18.55,3.8,7.95,998.521334664
NLA12_SD-126,1.0,0.775,26.725,14.85,8.65,996.616686745
NLA12_SD-130,1.0,0.0,22.25,8.65,9.5,997.743269994
NLA12_SD-131,1.0,0.725,20.4,5.325,8.175,998.148640174
NLA12_SD-132,1.0,0.94,24.27,8.518,8.828,997.259660071
NLA12_SD-133,1.0,0.333333333333,26.6666666667,7.36666666667,8.6,996.63487795
NLA12_SD-134,1.0,0.75,24.9,5.25,8.775,997.100412505
NLA12_SD-137,1.0,0.625,22.65,8.425,9.5,997.650705419
NLA12_SD-138,1.0,2.11428571429,17.4714285714,8.73857142857,8.48571428571,998.719120339
NLA12_SD-140,1.0,0.6,20.3,7.75,8.7125,998.171279233
NLA12_SD-141,1.0,1.0,21.695,8.165,8.81,997.869051386
NLA12_SD-143,1.0,1.18833333333,20.5083333333,8.91333333333,8.59833333333,998.127420688
NLA12_SD-146,1.0,0.166666666667,10.6,9.63333333333,9.26666666667,999.672998114
NLA12_SD-147,1.0,1.66666666667,23.4166666667,6.36666666667,9.2,997.46883449
NLA12_SD-150,1.0,0.0,21.89,10.59,8.85,997.82521727
NLA12_SD-154,1.0,1.08,21.38,10.74,9.06,997.937687144
NLA12_SD-157,1.0,1.91666666667,21.6333333333,9.47666666667,8.755,997.88282642
NLA12_SD-158,1.0,1.14,27.94,8.0,8.7,996.279060854
NLA12_SD-162,1.0,0.333333333333,24.6,8.43333333333,8.73333333333,997.173372542
NLA12_SD-165,1.0,1.14,24.2,4.82,9.12,997.276311596
NLA12_SD-166,1.0,0.333333333333,21.1666666667,9.86666666667,8.36666666667,997.985860422
NLA12_SD-168,1.0,2.02857142857,19.7428571429,8.6,8.74285714286,998.262589192
NLA12_SD-170,1.0,0.375,21.075,7.325,8.675,998.005839748
NLA12_SD-172,1.0,0.625,19.705,8.775,10.1125,998.294029874
NLA12_SD-182,1.0,2.07142857143,18.2642857143,,8.28571428571,998.560073361
NLA12_SD-183,1.0,2.625,26.35,8.25125,8.49375,996.720516701
NLA12_SD-189,1.0,0.725,26.2,7.7,8.9,996.760770161
NLA12_SD-198,1.0,0.366666666667,24.6,5.9,8.5,997.176869855
NLA12_SD-212,1.0,1.96,23.36,5.76,9.08,997.482171619
NLA12_TN-101,1.0,1.46,25.9116666667,6.562,8.44,996.726458479
NLA12_TN-101,2.0,1.55,22.6842857143,1.41166666667,7.08,997.641836855
NLA12_TN-103,1.0,1.58333333333,20.8085714286,5.95,7.60142857143,998.059674601
NLA12_TN-104,1.0,6.06666666667,23.5125,6.16,8.45,997.439137907
NLA12_TN-106,1.0,1.1,25.8583333333,6.416,7.245,996.851494399
NLA12_TN-108,1.0,1.58333333333,26.6614285714,6.03833333333,8.72857142857,996.555678542
NLA12_TN-108,2.0,1.58333333333,24.9371428571,4.755,7.72,997.090321645
NLA12_TN-113,1.0,2.625,21.2622222222,3.97,7.15222222222,997.806606504
NLA12_TN-114,1.0,0.525,29.67,6.46,7.978,995.76623278
NLA12_TN-114,2.0,0.375,24.73,9.4075,8.928,997.143938657
NLA12_TN-119,1.0,5.02307692308,16.7435714286,3.18692307692,7.31142857143,998.594347412
NLA12_TN-122,1.0,1.01428571429,26.03,7.02714285714,7.36625,996.806042725
NLA12_TN-R01,1.0,12.384,18.236,5.84,6.556,998.312214717
NLA12_TX-101,1.0,0.166666666667,29.8333333333,7.83333333333,8.53333333333,995.718450467
NLA12_TX-101,2.0,0.166666666667,26.0666666667,5.66666666667,8.0,996.796354563
NLA12_TX-103,1.0,2.5625,26.0555555556,6.725,8.51111111111,996.799031588
NLA12_TX-104,1.0,0.1,29.7,7.23333333333,9.0,995.768410152
NLA12_TX-105,1.0,3.45,29.575,5.3375,8.1625,995.795429704
NLA12_TX-107,1.0,1.18,30.02,7.74,9.4,995.671285082
NLA12_TX-109,1.0,0.833333333333,30.7285714286,4.96666666667,7.75714285714,995.456046346
NLA12_TX-110,1.0,4.625,28.1307692308,4.84166666667,8.13076923077,996.21170792
NLA12_TX-111,1.0,1.85,28.1125,4.5875,8.2375,996.230635701
NLA12_TX-112,1.0,0.833333333333,28.35,7.71666666667,8.78333333333,996.164210664
NLA12_TX-113,1.0,2.08571428571,31.0142857143,5.37333333333,8.34285714286,995.367333796
NLA12_TX-114,1.0,1.66666666667,29.95,5.85,7.9,995.693337071
NLA12_TX-116,1.0,1.2,30.048,4.842,8.712,995.663665082
NLA12_TX-117,1.0,1.3125,28.5666666667,5.1625,7.52222222222,996.100712502
NLA12_TX-117,2.0,1.07142857143,28.925,1.45714285714,7.6625,995.997353874
NLA12_TX-118,1.0,0.275,30.45,6.625,7.95,995.541581355
NLA12_TX-121,1.0,4.95454545455,30.4727272727,4.33333333333,8.29090909091,995.526566729
NLA12_TX-124,1.0,4.58333333333,28.4538461538,4.98333333333,8.21538461538,996.131946949
NLA12_TX-128,1.0,4.55833333333,24.1,4.05833333333,7.55833333333,997.116088879
NLA12_TX-129,1.0,1.2875,26.0375,1.425,6.95,996.80404822
NLA12_TX-135,1.0,0.375,30.86,5.475,9.0,995.414393107
NLA12_TX-136,1.0,0.325,28.35,5.1,8.225,996.16400157
NLA12_TX-137,1.0,5.57142857143,25.2142857143,4.56428571429,7.44285714286,996.8605012
NLA12_TX-141,1.0,4.10909090909,23.0545454545,3.47272727273,7.13636363636,997.324544481
NLA12_TX-144,1.0,2.04285714286,26.9142857143,5.08571428571,8.67142857143,996.56423712
NLA12_TX-148,1.0,0.833333333333,30.4714285714,6.08333333333,8.44285714286,995.528716201
NLA12_TX-152,1.0,0.3,29.125,9.175,9.075,995.938810926
NLA12_TX-157,1.0,2.6,24.075,1.925,6.4375,997.161545934
NLA12_TX-158,1.0,0.3,29.7,5.125,8.1,995.768410152
NLA12_TX-159,1.0,1.07142857143,28.0,6.15714285714,8.14285714286,996.26267608
NLA12_TX-160,1.0,4.61666666667,28.5833333333,6.1,7.90833333333,996.095630209
NLA12_TX-161,1.0,0.325,26.5,4.7,7.5,996.680008164
NLA12_TX-165,1.0,5.03846153846,26.5428571429,5.87692307692,8.16428571429,996.638346985
NLA12_TX-169,1.0,1.66666666667,30.1666666667,6.61666666667,3.25,995.62784384
NLA12_TX-170,1.0,0.783333333333,29.2,5.01666666667,7.06666666667,995.916891614
NLA12_TX-176,1.0,0.8,28.65,5.75,7.18333333333,996.036466395
NLA12_TX-182,1.0,1.65,28.4333333333,6.6,8.96666666667,996.139903132
NLA12_TX-187,1.0,0.64,34.02,7.1,8.42,994.388340143
NLA12_TX-190,1.0,1.02857142857,29.0142857143,5.91428571429,7.67142857143,995.971045216
NLA12_TX-195,1.0,0.875,30.0,4.9,7.275,995.677900106
NLA12_TX-196,1.0,1.05714285714,26.6,7.88571428571,8.38571428571,996.652955204
NLA12_TX-199,1.0,0.166666666667,29.0666666667,7.33333333333,7.9,995.956105027
NLA12_TX-201,1.0,0.52,28.82,4.3,7.42,996.028131658
NLA12_TX-202,1.0,1.04285714286,27.7857142857,5.41428571429,8.71428571429,996.324738305
NLA12_TX-205,1.0,0.375,24.825,8.2,9.125,996.332823229
NLA12_TX-218,1.0,2.55,27.2375,5.5625,8.45,996.478097696
NLA12_TX-232,1.0,9.485,13.57,4.5,7.25,999.063894347
NLA12_TX-234,1.0,1.66666666667,24.1833333333,5.85,7.93333333333,997.281061871
NLA12_TX-235,1.0,1.07142857143,24.4428571429,5.31428571429,7.17142857143,997.216399281
NLA12_TX-R02,1.0,6.02666666667,27.7333333333,5.56666666667,7.36,996.31839847
NLA12_TX-R08,1.0,1.95714285714,26.9142857143,4.84285714286,7.62857142857,996.567231571
NLA12_TX-R09,1.0,3.04444444444,24.4777777778,5.57777777778,7.45555555556,997.207058126
NLA12_UT-101,1.0,1.07142857143,12.54,9.41428571429,8.20142857143,999.462718915
NLA12_UT-101,2.0,0.766666666667,17.5,8.38333333333,9.43333333333,998.71568681
NLA12_UT-102,1.0,13.2678571429,13.9214285714,7.58928571429,8.45357142857,999.276197109
NLA12_UT-103,1.0,13.9827586207,7.63793103448,9.04482758621,8.38620689655,999.838751911
NLA12_UT-104,1.0,3.4,17.59,6.94875,8.46875,998.695036964
NLA12_UT-105,1.0,6.53125,16.8,6.8875,8.35,998.816622086
NLA12_UT-108,1.0,1.53333333333,14.4566666667,7.78666666667,8.45,999.208641904
NLA12_UT-109,1.0,1.07142857143,15.4857142857,9.52857142857,9.64285714286,999.053122508
NLA12_UT-110,1.0,1.07142857143,16.0885714286,8.09,8.26428571429,998.950517064
NLA12_UT-110,2.0,1.18,17.82,7.618,7.81,998.654973492
NLA12_UT-112,1.0,0.58,17.68,7.08,8.9,998.683400745
NLA12_UT-118,1.0,2.6,14.2875,6.30375,7.2275,999.229267139
NLA12_UT-122,1.0,7.52777777778,8.1,6.10555555556,6.53333333333,999.761867071
NLA12_UT-125,1.0,2.6,16.56125,10.07125,8.8625,998.878707818
NLA12_UT-126,1.0,1.55,17.1166666667,11.64,9.265,998.779068975
NLA12_UT-128,1.0,0.375,19.625,7.95,8.6,998.309920932
NLA12_UT-137,1.0,0.816666666667,18.9666666667,4.485,8.66,998.440655656
NLA12_UT-141,1.0,1.02857142857,20.5671428571,5.89285714286,8.1,998.110755957
NLA12_UT-147,1.0,0.54,17.922,5.88,6.9,998.638590249
NLA12_UT-148,1.0,0.275,25.155,6.915,8.485,997.031714321
NLA12_UT-159,1.0,1.2875,15.9625,10.15,7.3375,998.977687497
NLA12_UT-160,1.0,2.6125,17.75,9.125,8.6125,998.670598816
NLA12_UT-165,1.0,0.433333333333,14.9366666667,6.91333333333,8.19333333333,999.138063014
NLA12_UT-167,1.0,0.166666666667,21.1,8.21666666667,8.95666666667,998.000306643
NLA12_UT-169,1.0,1.61666666667,21.0666666667,7.09666666667,8.35,997.987883562
NLA12_UT-173,1.0,6.53125,19.546,5.3525,7.93333333333,998.310637296
NLA12_UT-186,1.0,1.53333333333,17.48,5.45833333333,7.26666666667,998.714992437
NLA12_UT-196,1.0,1.76,18.65,6.677,8.565,998.501866535
NLA12_UT-203,1.0,5.03846153846,12.6861538462,7.05615384615,7.73076923077,999.310515284
NLA12_UT-210,1.0,3.59,14.7055555556,5.138,7.977,998.934886987
NLA12_UT-218,1.0,9.52272727273,19.6136363636,5.86318181818,8.07454545455,998.28707591
NLA12_UT-222,1.0,0.783333333333,20.54,4.26333333333,8.85666666667,998.118218103
NLA12_UT-229,1.0,2.07142857143,14.8,6.76,8.54142857143,999.158117249
NLA12_UT-260,1.0,1.63333333333,15.3,9.92333333333,8.775,999.081593851
NLA12_UT-264,1.0,3.55,12.4,4.343,8.312,999.470413674
NLA12_UT-290,1.0,0.56,16.14,4.332,7.64,998.949201419
NLA12_UT-294,1.0,5.03846153846,19.7730769231,7.71923076923,8.11538461538,998.270497426
NLA12_UT-324,1.0,7.52777777778,7.81111111111,2.94944444444,6.32444444444,999.807029953
NLA12_UT-325,1.0,13.2678571429,8.81214285714,2.285,7.665,999.592783703
NLA12_UT-343,1.0,2.05714285714,12.1071428571,3.61142857143,7.16571428571,999.513734612
NLA12_UT-359,1.0,0.275,15.5775,5.4225,8.98,999.039068121
NLA12_UT-374,1.0,7.52777777778,18.6722222222,6.66,8.36444444444,998.49777123
NLA12_UT-392,1.0,5.06153846154,16.0753846154,6.54692307692,8.43,998.959415778
NLA12_UT-397,1.0,0.375,10.3225,9.3975,8.5925,999.699078297
NLA12_UT-400,1.0,5.03846153846,12.89,4.87,8.90384615385,999.362194867
NLA12_UT-409,1.0,0.275,15.1825,8.07,8.245,999.100757677
NLA12_UT-412,1.0,2.525,12.0125,7.73,8.175,999.524497063
NLA12_UT-424,1.0,0.35,9.5825,7.69,7.08,999.7636111
NLA12_VA-101,1.0,0.55,30.8,7.18,7.3,995.433904618
NLA12_VA-101,2.0,0.66,29.4,6.64,7.94,995.853629973
NLA12_VA-102,1.0,2.1,24.5142857143,4.04285714286,7.18571428571,996.956058257
NLA12_VA-103,1.0,2.85,22.39,4.48,7.98,997.31944477
NLA12_VA-104,1.0,2.48333333333,24.7666666667,5.25,7.7,997.093416926
NLA12_VA-105,1.0,1.03333333333,24.0366666667,1.22666666667,6.18833333333,997.225289455
NLA12_VA-106,1.0,0.66,28.66,8.5,8.22,996.063180472
NLA12_VA-108,1.0,1.08333333333,25.0333333333,6.33333333333,8.63333333333,997.061328677
NLA12_VA-109,1.0,0.325,23.975,12.875,9.1,997.332772407
NLA12_VA-109,2.0,0.325,28.675,8.9,8.4,996.070191455
NLA12_VA-110,1.0,5.2,19.1266666667,3.55333333333,7.65333333333,997.912236119
NLA12_VA-111,1.0,1.4,25.0285714286,3.38571428571,6.72857142857,996.893526914
NLA12_VA-112,1.0,0.58,28.68,7.48,7.66,996.068106582
NLA12_VA-114,1.0,1.42857142857,21.5571428571,5.6,7.75714285714,997.832158184
NLA12_VA-116,1.0,1.875,17.525,5.7375,7.7125,998.589349355
NLA12_VA-118,1.0,0.52,31.08,15.1,9.76,995.294336651
NLA12_VA-119,1.0,0.7,31.26,10.04,9.12,995.282933079
NLA12_VA-121,1.0,1.5,29.3714285714,4.14285714286,6.74285714286,995.865781463
NLA12_VA-123,1.0,0.375,27.65,8.325,7.925,996.362885912
NLA12_VA-125,1.0,14.6833333333,16.3,7.98,7.86333333333,998.884470655
NLA12_VA-126,1.0,1.92,20.948,3.542,7.204,997.975457449
NLA12_VA-127,1.0,0.783333333333,28.4,7.11666666667,7.46666666667,996.149775673
NLA12_VA-130,1.0,1.44285714286,24.7857142857,4.51428571429,7.04285714286,997.040700205
NLA12_VA-R01,1.0,4.58333333333,19.0083333333,5.89166666667,7.23333333333,998.233262213
NLA12_VA-R05,1.0,6.17647058824,21.3529411765,4.55294117647,8.12941176471,997.611972539
NLA12_VA-R06,1.0,4.02727272727,24.5909090909,4.4,7.81818181818,996.966037459
NLA12_VA-R14,1.0,5.5,17.1166666667,5.00833333333,7.15833333333,998.348671313
NLA12_VA-R17,1.0,4.23076923077,18.7384615385,5.00769230769,7.03846153846,998.324762063
NLA12_VA-R18,1.0,0.783333333333,29.4,7.18333333333,7.96666666667,995.85568068
NLA12_VT-101,1.0,7.12941176471,13.1535294118,7.79411764706,6.35588235294,999.1165434
NLA12_VT-101,2.0,7.57777777778,14.3688888889,5.53055555556,6.76611111111,998.894838393
NLA12_VT-102,1.0,5.46,16.2766666667,5.04866666667,7.68266666667,998.731712771
NLA12_VT-103,1.0,18.8216216216,15.1278378378,9.20891891892,7.6972972973,998.848421183
NLA12_VT-104,1.0,8.545,12.766,7.0445,7.1685,998.995512561
NLA12_VT-106,1.0,1.65,19.4966666667,4.95166666667,6.515,998.194470988
NLA12_VT-109,1.0,0.68,24.802,7.576,6.466,997.122196189
NLA12_VT-110,1.0,6.5875,12.498125,4.686875,6.40875,999.134629949
NLA12_VT-112,1.0,1.28,24.476,9.442,8.434,997.183242982
NLA12_VT-112,2.0,1.66666666667,23.2166666667,5.68666666667,6.91,997.508253371
NLA12_VT-114,1.0,12.6074074074,12.3833333333,9.2237037037,6.74074074074,999.201556605
NLA12_VT-115,1.0,4.12727272727,13.8454545455,2.56272727273,6.80727272727,998.959295651
NLA12_VT-R01,1.0,1.7,20.9428571429,7.68333333333,7.69571428571,998.033510974
NLA12_VT-R02,1.0,11.5923076923,11.3492592593,5.24653846154,7.31037037037,999.144887412
NLA12_WA-101,1.0,0.35,19.0433333333,8.4425,4.69,998.426094144
NLA12_WA-101,2.0,0.325,21.46,8.16,4.94,997.921364647
NLA12_WA-102,1.0,0.425,18.3666666667,2.075,6.37333333333,998.554567912
NLA12_WA-103,1.0,11.8888888889,14.2764705882,6.4225,7.62823529412,998.992845152
NLA12_WA-104,1.0,3.58,20.5,8.151,8.61111111111,998.129184787
NLA12_WA-106,1.0,2.04285714286,17.6,5.61714285714,8.27,998.668066117
NLA12_WA-107,1.0,9.01428571429,13.4065,2.7019047619,6.977,999.235459678
NLA12_WA-108,1.0,9.0380952381,9.265,5.4075,6.568,999.462294074
NLA12_WA-109,1.0,,,,,
NLA12_WA-110,1.0,3.05555555556,17.2625,6.94777777778,6.9225,998.750090925
NLA12_WA-111,1.0,9.03333333333,16.3275,5.04095238095,8.187,998.725233011
NLA12_WA-112,1.0,3.54,15.9066666667,2.388,6.98111111111,998.793464228
NLA12_WA-114,1.0,1.56666666667,18.412,11.815,8.726,998.547591242
NLA12_WA-115,1.0,5.50714285714,12.8907692308,4.589,7.64846153846,999.301101959
NLA12_WA-116,1.0,16.0263157895,10.8916666667,5.21,8.16944444444,999.439721552
NLA12_WA-118,1.0,2.08571428571,9.55833333333,10.2371428571,6.675,999.747362401
NLA12_WA-120,1.0,5.00769230769,15.0166666667,6.54,7.825,999.012535657
NLA12_WA-121,1.0,6.05333333333,13.6771428571,6.24266666667,7.73214285714,999.204836505
NLA12_WA-124,1.0,6.51875,13.8266666667,5.230625,8.30333333333,999.130862882
NLA12_WA-125,1.0,1.63333333333,10.16,9.69666666667,7.21,999.711762731
NLA12_WA-126,1.0,3.03333333333,13.47125,7.33111111111,7.0825,999.16759243
NLA12_WA-129,1.0,3.13333333333,7.625,11.0022222222,7.3375,999.857154585
NLA12_WA-131,1.0,4.03636363636,15.545,3.59363636364,7.66,998.668718576
NLA12_WA-133,1.0,1.05714285714,22.8666666667,7.94714285714,7.59333333333,997.599901296
NLA12_WA-133,2.0,1.04285714286,18.8,9.28571428571,7.9,998.473531611
NLA12_WA-138,1.0,6.51875,13.5933333333,3.17875,6.86466666667,999.127301164
NLA12_WA-141,1.0,1.6,22.566,12.7033333333,9.728,997.669218461
NLA12_WA-146,1.0,2.1,14.0883333333,8.09285714286,6.83166666667,999.252438932
NLA12_WA-147,1.0,3.23333333333,20.8,7.04333333333,8.2625,998.012357244
NLA12_WA-151,1.0,24.0740740741,13.5461538462,9.55185185185,6.51807692308,999.271650044
NLA12_WA-154,1.0,1.04285714286,16.8833333333,9.09428571429,7.85166666667,998.824237625
NLA12_WA-157,1.0,0.3,18.015,9.95666666667,7.705,998.622067032
NLA12_WA-159,1.0,6.00666666667,18.4614285714,7.83466666667,7.67214285714,998.517431407
NLA12_WA-R08,1.0,4.49,23.91,7.11,8.44,997.324780269
NLA12_WA-R09,1.0,13.7222222222,13.9666666667,7.88076923077,8.22962962963,998.953824257
NLA12_WA-R10,1.0,4.0,22.3888888889,13.7888888889,8.75555555556,997.690946175
NLA12_WA-R11,1.0,1.86,17.36,9.0,6.08,998.694634595
NLA12_WI-101,1.0,4.5,24.36,5.82,8.26,997.236633965
NLA12_WI-101,2.0,4.5,24.05,9.54,8.76,997.312347136
NLA12_WI-102,1.0,9.98095238095,15.1380952381,7.73333333333,7.90476190476,998.823871308
NLA12_WI-103,1.0,3.05555555556,21.5375,5.44444444444,7.7375,997.749365738
NLA12_WI-104,1.0,7.5,17.91875,4.26875,7.30625,998.369107858
NLA12_WI-106,1.0,3.475,18.0875,3.5375,7.0375,998.484130132
NLA12_WI-107,1.0,12.4884615385,13.8615384615,2.70384615385,7.52692307692,998.875215776
NLA12_WI-108,1.0,4.47,24.33,6.59,8.3,997.206091837
NLA12_WI-109,1.0,2.0,20.08,7.48,7.4,998.21704953
NLA12_WI-110,1.0,7.97058823529,14.5470588235,8.52352941176,7.94705882353,998.985321782
NLA12_WI-111,1.0,2.55,22.9714285714,7.0,8.01428571429,997.570125128
NLA12_WI-112,1.0,1.375,28.15,9.975,8.775,996.217681352
NLA12_WI-112,2.0,1.5,20.0714285714,9.35714285714,8.55714285714,998.218789204
NLA12_WI-113,1.0,7.48125,13.65,7.15625,7.75625,998.872292273
NLA12_WI-115,1.0,2.41666666667,17.3333333333,4.5,6.16666666667,998.664494428
NLA12_WI-117,1.0,2.0,27.8333333333,4.83333333333,7.61111111111,996.297418289
NLA12_WI-120,1.0,0.25,24.4,8.2,8.6,997.227171299
NLA12_WI-122,1.0,,,,,
NLA12_WI-127,1.0,0.366666666667,27.0333333333,15.9666666667,10.2333333333,996.53078363
NLA12_WI-128,1.0,1.9,23.6,5.96,7.72,997.363484963
NLA12_WI-129,1.0,0.75,26.45,10.825,8.925,996.692901567
NLA12_WI-131,1.0,2.5,25.24,8.82,8.82,997.009289857
NLA12_WI-132,1.0,0.25,24.6,8.65,9.05,997.176869855
NLA12_WI-133,1.0,7.45625,12.425,2.80625,7.46875,999.086914172
NLA12_WI-134,1.0,0.56,23.725,2.98,7.65,997.393784913
NLA12_WI-135,1.0,1.25,23.2333333333,7.4,8.25,997.512221141
NLA12_WI-136,1.0,1.25,28.4833333333,8.45,8.6,996.125618098
NLA12_WI-138,1.0,3.5,17.925,4.7,6.55,998.43222905
NLA12_WI-140,1.0,0.166666666667,24.6,5.73333333333,7.95,997.176869855
NLA12_WI-142,1.0,1.75,11.2125,4.95,5.85,999.611354816
NLA12_WI-144,1.0,1.0,27.58,7.08,8.34,996.382657843
NLA12_WI-147,1.0,0.783333333333,20.84,3.91666666667,5.54,998.043710172
NLA12_WI-151,1.0,4.48,14.75,2.04,5.98,998.75925747
NLA12_WI-152,1.0,8.46111111111,21.3777777778,5.03333333333,8.04444444444,997.833702502
NLA12_WI-153,1.0,0.98,13.66,7.82,7.18,999.318836447
NLA12_WI-154,1.0,3.5,12.9,1.15,5.8875,998.898217397
NLA12_WI-155,1.0,0.7,25.775,9.9,8.4,996.87286532
NLA12_WI-157,1.0,2.5,16.95,9.35,8.28333333333,998.810275672
NLA12_WI-161,1.0,1.75,19.1875,8.9375,8.0125,998.389701337
NLA12_WI-163,1.0,1.08333333333,23.06,6.31666666667,6.82,997.553283042
NLA12_WI-166,1.0,0.725,25.35,2.2025,,996.981992223
NLA12_WI-168,1.0,4.42,26.54,6.38,8.45,996.658829554
NLA12_WI-170,1.0,2.97142857143,19.3142857143,5.67142857143,7.22857142857,998.368514346
NLA12_WI-171,1.0,4.26923076923,18.6416666667,4.36923076923,7.86666666667,998.305768312
NLA12_WI-172,1.0,0.5,26.2,15.7,8.23333333333,996.760118129
NLA12_WI-173,1.0,1.75,19.6125,7.425,8.0625,998.312745569
NLA12_WI-174,1.0,3.91111111111,11.0,5.92222222222,6.5,999.615192784
NLA12_WI-176,1.0,7.0,13.8866666667,4.54,7.7,999.04997545
NLA12_WI-179,1.0,4.46,21.3,8.54,7.6,997.956639108
NLA12_WI-181,1.0,5.46666666667,16.3666666667,3.66666666667,7.58333333333,998.605830825
NLA12_WI-183,1.0,6.46428571429,13.3642857143,7.63571428571,6.02142857143,999.347421884
NLA12_WI-188,1.0,1.21666666667,19.15,11.4166666667,9.6,998.405030114
NLA12_WI-R06,1.0,2.38888888889,19.7666666667,8.58888888889,6.85555555556,998.266950587
NLA12_WI-R08,1.0,0.6,20.52,8.18,7.32,998.124046918
NLA12_WI-R11,1.0,0.375,21.275,8.375,6.625,997.962141157
NLA12_WI-R12,1.0,2.625,22.0,18.575,5.525,997.762857906
NLA12_WI-R13,1.0,1.9125,23.2125,23.6875,6.98571428571,997.517849475
NLA12_WV-101,1.0,2.97142857143,21.6771428571,8.32428571429,7.62142857143,997.855982076
NLA12_WV-101,2.0,2.625,23.7375,7.00125,7.665,997.389493166
NLA12_WV-102,1.0,4.375,19.00375,5.04375,6.6275,998.332387639
NLA12_WV-105,1.0,0.56,22.1,1.9,6.2,997.775910855
NLA12_WV-106,1.0,8.4375,13.795,5.960625,6.8825,999.024890361
NLA12_WV-111,1.0,3.95555555556,17.0088888889,5.26777777778,7.70333333333,998.504327639
NLA12_WV-112,1.0,1.0,27.86,10.802,8.918,996.298661261
NLA12_WV-112,2.0,0.75,26.995,9.08,9.1075,996.536452508
NLA12_WV-113,1.0,1.82,22.578,6.026,7.122,997.659767
NLA12_WV-115,1.0,2.43333333333,24.4,8.27,8.15166666667,997.211067288
NLA12_WV-R01,1.0,2.05714285714,24.2571428571,7.6,6.67142857143,997.262673765
NLA12_WY-101,1.0,0.0,,,,
NLA12_WY-101,2.0,0.2875,14.402,8.015,8.252,999.213492524
NLA12_WY-102,1.0,19.75,17.6105263158,4.28026315789,7.63947368421,998.524248557
NLA12_WY-103,1.0,,,,,
NLA12_WY-104,1.0,,,,,
NLA12_WY-105,1.0,,,,,
NLA12_WY-107,1.0,,,,,
NLA12_WY-115,1.0,3.98888888889,18.9866666667,11.5333333333,,998.436377172
NLA12_WY-116,1.0,6.5,9.23642857143,31.8,,999.605851216
NLA12_WY-117,1.0,,,,,
NLA12_WY-120,1.0,,,,,
NLA12_WY-124,1.0,,,,,
NLA12_WY-124,2.0,,,,,
NLA12_WY-125,1.0,11.8576923077,18.2461538462,6.50192307692,6.87884615385,998.546445192
NLA12_WY-130,1.0,,,,,
NLA12_WY-131,1.0,,,,,
NLA12_WY-133,1.0,7.95882352941,8.04882352941,14.1411764706,,999.815552252
NLA12_WY-135,1.0,,,,,
NLA12_WY-137,1.0,2.14285714286,15.60625,6.21714285714,7.93625,999.034900168
NLA12_WY-147,1.0,8.55,16.95,5.893,9.3845,998.812296807
NLA12_WY-151,1.0,8.04210526316,12.226,3.66052631579,7.535,999.482234425
NLA12_WY-R01,1.0,19.4416666667,10.1694444444,7.53916666667,7.99166666667,999.508800352
NLA12_WY-R02,1.0,17.8029411765,10.2264705882,7.69117647059,7.43823529412,999.490313053
NLA12_WY-R04,1.0,1.325,17.3375,7.425,8.45,998.742430821
NLA12_WY-R08,1.0,4.50833333333,11.8666666667,4.7575,7.10916666667,999.471802449
