SITE_ID,VISIT_NO,thermocline_depth,buoyancy_frequency
NLA12_AL-101,1.0,6.42570986357,0.0012443016338
NLA12_AL-101,2.0,0.5,0.00163946139125
NLA12_AL-102,1.0,4.58257322956,0.0160696208543
NLA12_AL-103,1.0,1.45269968794,0.00117545943648
NLA12_AL-104,1.0,19.15,0.00387152444503
NLA12_AL-105,1.0,0.625,0.0151706664334
NLA12_AL-105,2.0,4.25,0.0122055692044
NLA12_AL-112,1.0,3.15,0.0136498750572
NLA12_AL-113,1.0,0.25,0.0170818875455
NLA12_AL-114,1.0,2.5,0.00302543486315
NLA12_AL-R03,1.0,3.74623103577,0.0145300562002
NLA12_AL-R05,1.0,4.91916739089,0.0125080209964
NLA12_AR-101,1.0,,
NLA12_AR-101,2.0,,
NLA12_AR-102,1.0,,
NLA12_AR-103,1.0,,
NLA12_AR-104,1.0,,
NLA12_AR-105,1.0,,
NLA12_AR-105,2.0,,
NLA12_AR-106,1.0,,
NLA12_AR-109,1.0,,
NLA12_AR-111,1.0,,
NLA12_AZ-101,1.0,3.69897487249,0.00305837765074
NLA12_AZ-101,2.0,20.6666833706,1.53108177757
NLA12_AZ-102,1.0,0.25,0.00314563776307
NLA12_AZ-103,1.0,2.11528186569,0.00204283492762
NLA12_AZ-106,1.0,1.99193106475,0.000929304580584
NLA12_AZ-107,1.0,0.25,0.000913137771945
NLA12_AZ-118,1.0,,
NLA12_AZ-123,1.0,0.25,0.00898634201508
NLA12_AZ-127,1.0,3.5,0.00279868799065
NLA12_AZ-130,1.0,6.49710680271,0.00648625878475
NLA12_AZ-130,2.0,20.639284719,0.00705450490196
NLA12_AZ-140,1.0,3.4,0.00131681890173
NLA12_AZ-143,1.0,2.5,0.00595361958122
NLA12_AZ-145,1.0,2.6,0.00380217806414
NLA12_AZ-157,1.0,0.701146354646,0.0168421524208
NLA12_AZ-R01,1.0,6.5519680396,0.00613255487316
NLA12_AZ-R02,1.0,0.986804718839,0.000947415906934
NLA12_CA-101,1.0,2.74521885362,0.000606618065183
NLA12_CA-101,2.0,8.3,0.000328297455505
NLA12_CA-102,1.0,0.25,0.00451374539256
NLA12_CA-103,1.0,19.15,0.00324477438152
NLA12_CA-104,1.0,15.5753568343,0.00297356475527
NLA12_CA-105,1.0,3.4,0.00499706146468
NLA12_CA-106,1.0,,0.00810809198871
NLA12_CA-107,1.0,4.5,0.000187435724162
NLA12_CA-108,1.0,0.5,0.000777401138732
NLA12_CA-111,1.0,3.35824743755,0.00477877025971
NLA12_CA-111,2.0,3.99705017915,0.00293502034691
NLA12_CA-112,1.0,4.78916871215,0.0020399975082
NLA12_CA-116,1.0,4.80875419929,0.00241269614806
NLA12_CA-119,1.0,7.31263814851,0.00396888081373
NLA12_CA-121,1.0,3.58396203193,0.00846177514666
NLA12_CA-123,1.0,5.1,0.000969088610118
NLA12_CA-128,1.0,2.5,0.00387313347505
NLA12_CA-132,1.0,2.67595813777,0.00216685982852
NLA12_CA-135,1.0,11.7029932661,0.00170563651972
NLA12_CA-138,1.0,0.65,-0.0
NLA12_CA-141,1.0,2.42706885626,0.0126766923608
NLA12_CA-143,1.0,5.32148491328,0.0026166650126
NLA12_CA-145,1.0,2.5,0.000712025330512
NLA12_CA-154,1.0,2.25,0.00288892740273
NLA12_CA-156,1.0,1.36791107434,0.00250754804573
NLA12_CA-157,1.0,1.51985339434,0.00208536976583
NLA12_CA-166,1.0,1.4958486339,0.0015229784521
NLA12_CA-167,1.0,4.78520272015,0.0086694206748
NLA12_CA-168,1.0,0.5,0.00536961824462
NLA12_CA-172,1.0,7.68033750717,0.00381587148431
NLA12_CA-174,1.0,2.78611174799,0.00107772328237
NLA12_CA-180,1.0,7.4824059267,0.00395223951266
NLA12_CA-181,1.0,5.15,0.000691243346356
NLA12_CA-188,1.0,5.40023493161,0.00565064964896
NLA12_CA-190,1.0,0.25,0.00050337652466
NLA12_CA-200,1.0,7.26257554832,0.00323446771049
NLA12_CA-206,1.0,10.284525939,0.00414052546451
NLA12_CA-208,1.0,0.25,0.000453105947115
NLA12_CA-212,1.0,6.51196880837,0.0109356057428
NLA12_CA-223,1.0,13.2437309742,0.00230721785122
NLA12_CA-R01,1.0,5.45446003011,0.0079304893463
NLA12_CA-R02,1.0,8.13082880056,0.00308123007652
NLA12_CA-R03,1.0,11.4616439546,0.00505036295334
NLA12_CA-R05,1.0,0.5,0.00197153399551
NLA12_CA-R06,1.0,5.25,0.00307413860547
NLA12_CA-R09,1.0,0.654289204987,0.000768925765938
NLA12_CA-R10,1.0,3.69328205894,0.0100654605984
NLA12_CA-R12,1.0,0.5,0.00111311583015
NLA12_CA-R13,1.0,,
NLA12_CO-101,1.0,1.12215071847,0.00619426992985
NLA12_CO-101,2.0,0.75,0.000815044504445
NLA12_CO-102,1.0,5.69251648495,0.00362368092165
NLA12_CO-103,1.0,4.25,0.000835663292888
NLA12_CO-104,1.0,,0.000191697550307
NLA12_CO-105,1.0,2.65744879366,0.00081453896883
NLA12_CO-106,1.0,5.30973834255,0.00417211592929
NLA12_CO-107,1.0,9.46465284158,0.00147968976237
NLA12_CO-108,1.0,1.67810508489,0.00061466322647
NLA12_CO-109,1.0,7.42257075378,0.00313078925815
NLA12_CO-110,1.0,1.58767568404,0.00153612965194
NLA12_CO-111,1.0,2.97366606736,0.000819198009156
NLA12_CO-114,1.0,3.13831003289,0.00581256709109
NLA12_CO-115,1.0,2.33288825369,0.000270371840572
NLA12_CO-117,1.0,4.25,0.00239525152677
NLA12_CO-119,1.0,5.76429223951,0.000363363580671
NLA12_CO-121,1.0,2.25,0.000664447950877
NLA12_CO-124,1.0,4.25,0.00910273817281
NLA12_CO-125,1.0,1.7059144392,0.000563582686042
NLA12_CO-127,1.0,1.8,0.000220573907864
NLA12_CO-129,1.0,1.45023325236,0.00236375151577
NLA12_CO-130,1.0,2.73899365784,0.0003185301192
NLA12_CO-131,1.0,5.83878407726,0.00137336603407
NLA12_CO-131,2.0,0.75,0.000342227835977
NLA12_CO-133,1.0,1.21124199274,0.00144234417755
NLA12_CO-R01,1.0,7.65854718186,0.0028427141166
NLA12_CO-R04,1.0,6.53963259747,0.00174757103837
NLA12_CO-R07,1.0,2.525,0.00606605300909
NLA12_CO-R10,1.0,5.42843116818,0.00509551688303
NLA12_CT-101,1.0,0.25,0.00299370531301
NLA12_CT-101,2.0,0.5,-0.0
NLA12_CT-102,1.0,5.73318001407,0.00774095301939
NLA12_CT-103,1.0,4.75351442778,0.0110491468245
NLA12_CT-104,1.0,2.32696053702,0.0101561438547
NLA12_CT-105,1.0,0.5,0.00135094041041
NLA12_CT-107,1.0,2.88013241435,0.0210968392196
NLA12_CT-108,1.0,0.5,0.000526715029552
NLA12_CT-115,1.0,6.25,0.00539659175749
NLA12_CT-115,2.0,6.25,0.000989708409385
NLA12_CT-118,1.0,4.8825329361,0.0107491463023
NLA12_CT-126,1.0,2.41176470588,0.000257320183031
NLA12_DE-101,1.0,0.25,0.00234738298502
NLA12_DE-101,2.0,0.25,0.000443150591135
NLA12_DE-102,1.0,0.65,0.000842103754279
NLA12_DE-103,1.0,1.1,0.0160238436972
NLA12_DE-104,1.0,0.827585981979,0.0086321469658
NLA12_DE-105,1.0,1.7,0.00748223801881
NLA12_DE-105,2.0,0.619879889423,0.00169589712946
NLA12_DE-107,1.0,0.25,0.00228539305597
NLA12_DE-121,1.0,0.25,0.00520963028504
NLA12_FL-101,1.0,0.625,0.00489184491588
NLA12_FL-101,2.0,0.5,-0.0
NLA12_FL-102,1.0,1.16460895537,0.00134026967178
NLA12_FL-102,2.0,0.99631777554,0.00122032714677
NLA12_FL-103,1.0,0.75,0.00119626323306
NLA12_FL-104,1.0,2.61923303087,0.00786460317445
NLA12_FL-105,1.0,0.5,0.00132826872885
NLA12_FL-106,1.0,0.25,0.00162689705713
NLA12_FL-107,1.0,0.5,0.00176708735729
NLA12_FL-108,1.0,1.33268478407,0.000295159365239
NLA12_FL-109,1.0,0.25,0.00149401965245
NLA12_FL-110,1.0,0.749522459885,0.00564848829984
NLA12_FL-110,2.0,0.799335223617,0.00122032714677
NLA12_FL-114,1.0,6.05,0.00685605745501
NLA12_FL-123,1.0,,
NLA12_FL-123,2.0,7.69688130479,0.00699170393361
NLA12_FL-126,1.0,0.3,0.00224626484728
NLA12_FL-130,1.0,0.25,0.0132275378323
NLA12_FL-132,1.0,0.25,-0.0
NLA12_FL-141,1.0,0.55,0.00611871870227
NLA12_FL-R04,1.0,0.3,0.000729168791613
NLA12_FL-R06,1.0,0.25,0.0018030393812
NLA12_GA-101,1.0,0.25,0.0022392450785
NLA12_GA-101,2.0,0.833161257745,0.00113670579098
NLA12_GA-102,1.0,0.2,0.000780376372411
NLA12_GA-103,1.0,3.15,0.0089153612569
NLA12_GA-104,1.0,8.421568753,0.00386651131487
NLA12_GA-105,1.0,6.49266292781,0.00524991802479
NLA12_GA-107,1.0,1.13217647906,0.0047617602363
NLA12_GA-111,1.0,2.45,0.00167971506782
NLA12_GA-112,1.0,3.46576522358,0.00766674683174
NLA12_GA-112,2.0,3.5,0.000598355136792
NLA12_GA-114,1.0,0.25,0.00504692855036
NLA12_GA-118,1.0,6.36071777949,0.00743244335936
NLA12_GA-127,1.0,0.729661562223,0.0132000505494
NLA12_GA-R01,1.0,3.87869619775,0.012950441912
NLA12_GA-R11,1.0,1.16593919127,0.00357652673132
NLA12_IA-101,1.0,0.5,0.000216040495328
NLA12_IA-101,2.0,6.3,0.0044815057895
NLA12_IA-102,1.0,1.1,0.00140974152325
NLA12_IA-103,1.0,4.85965388706,0.00875716370814
NLA12_IA-104,1.0,3.71264126455,0.00920502442482
NLA12_IA-105,1.0,1.72222222222,4.7321206755e-05
NLA12_IA-106,1.0,1.49864179524,0.00128198726104
NLA12_IA-107,1.0,0.780228625764,0.00501422219839
NLA12_IA-109,1.0,0.684177019076,0.015214970446
NLA12_IA-113,1.0,8.76808933695,0.00737766081409
NLA12_IA-120,1.0,0.25,-0.0
NLA12_IA-120,2.0,0.5,0.00400382948078
NLA12_IA-127,1.0,6.25,0.00601906138997
NLA12_IA-132,1.0,1.35,0.00143760364362
NLA12_IA-134,1.0,2.2,0.00068239666008
NLA12_IA-150,1.0,3.48928709902,0.0112446776658
NLA12_IA-152,1.0,0.5,-0.0
NLA12_IA-R01,1.0,4.3,0.00166221378644
NLA12_IA-R02,1.0,0.5,0.00296284296381
NLA12_IA-R03,1.0,4.62069855995,0.014259582369
NLA12_ID-101,1.0,3.5,0.0027583085668
NLA12_ID-101,2.0,3.5,0.002674042863
NLA12_ID-102,1.0,1.565,0.0147114437456
NLA12_ID-103,1.0,2.6936987383,0.0105018030559
NLA12_ID-104,1.0,0.505,0.00125860543901
NLA12_ID-105,1.0,2.135,0.0118610981289
NLA12_ID-107,1.0,2.5168291062,0.00200899863677
NLA12_ID-108,1.0,2.00409019629,0.00804489434702
NLA12_ID-109,1.0,5.52164879404,0.000213248797895
NLA12_ID-110,1.0,0.115,0.0328002637471
NLA12_ID-111,1.0,,
NLA12_ID-112,1.0,2.24117857041,0.00540263476332
NLA12_ID-112,2.0,0.75,0.0127495468695
NLA12_ID-113,1.0,2.38909700027,0.00743554939245
NLA12_ID-121,1.0,3.655,0.00936063811091
NLA12_ID-122,1.0,1.00573019502,0.00173726181723
NLA12_ID-141,1.0,,
NLA12_ID-142,1.0,,
NLA12_ID-143,1.0,0.448779923057,0.00162946565171
NLA12_ID-145,1.0,2.50635333606,0.00192500191076
NLA12_ID-148,1.0,3.72227003889,0.00750367746302
NLA12_ID-149,1.0,2.38989129098,0.0160589711381
NLA12_ID-151,1.0,0.928635422687,0.00658065236315
NLA12_ID-158,1.0,4.78678035249,0.00310851463108
NLA12_ID-165,1.0,1.93254508587,0.0101561482067
NLA12_ID-166,1.0,0.904131447035,0.00589257649333
NLA12_ID-168,1.0,0.08,0.00572962945879
NLA12_ID-175,1.0,1.19999242599,0.00415457954319
NLA12_ID-180,1.0,0.495,0.000156454565828
NLA12_ID-194,1.0,4.09,0.00290412790334
NLA12_ID-198,1.0,0.255,0.0178261662035
NLA12_ID-203,1.0,1.125,0.00221874496584
NLA12_ID-205,1.0,2.87610779701,0.00862885136399
NLA12_ID-207,1.0,1.19427051751,0.0100348819883
NLA12_ID-209,1.0,3.12164017844,0.0030961588794
NLA12_ID-210,1.0,,
NLA12_ID-214,1.0,0.75,0.00222772411296
NLA12_ID-215,1.0,6.07463095105,0.0807392868907
NLA12_ID-216,1.0,0.575,0.0060562268322
NLA12_ID-218,1.0,2.65183493348,0.00763376905563
NLA12_ID-220,1.0,1.53769532323,0.00053937421874
NLA12_ID-221,1.0,0.75,0.0028213881663
NLA12_IL-103,1.0,4.6188465036,0.00754278684804
NLA12_IL-103,2.0,6.5,0.0061771982982
NLA12_IL-104,1.0,6.47622313628,0.0113636274068
NLA12_IL-105,1.0,7.09632108214,0.00779320449965
NLA12_IL-106,1.0,6.25425784859,0.0115753826853
NLA12_IL-109,1.0,5.5776695041,0.0203477408796
NLA12_IL-109,2.0,7.56721042219,0.0117365737257
NLA12_IL-110,1.0,3.5,0.0123734421214
NLA12_IL-111,1.0,9.25,0.00788047808739
NLA12_IL-112,1.0,0.25,0.00102742524578
NLA12_IL-114,1.0,7.20068225325,0.00896831976979
NLA12_IL-116,1.0,4.60697069707,0.00932268357695
NLA12_IL-118,1.0,2.25,0.00220184667924
NLA12_IL-120,1.0,4.39468302028,0.0164881432387
NLA12_IL-123,1.0,0.25,0.000932288147371
NLA12_IL-R01,1.0,4.25,0.013613026929
NLA12_IL-R03,1.0,3.05,0.0565438126827
NLA12_IL-R04,1.0,3.9123448445,0.00884163029506
NLA12_IN-101,1.0,4.48972297632,0.00968036708376
NLA12_IN-101,2.0,5.42920405124,0.00995442819666
NLA12_IN-102,1.0,7.33412083496,0.0107091442572
NLA12_IN-103,1.0,4.61990520318,0.0103198438272
NLA12_IN-104,1.0,6.5,0.00830132810718
NLA12_IN-105,1.0,5.69525795992,0.00953815435951
NLA12_IN-106,1.0,5.54133350281,0.0156211009096
NLA12_IN-108,1.0,4.79394003471,0.00746112378752
NLA12_IN-110,1.0,7.3706862725,0.0129592108049
NLA12_IN-111,1.0,4.83291037183,0.0124844941222
NLA12_IN-112,1.0,8.87908399563,0.00378405835658
NLA12_IN-113,1.0,6.89452924876,0.0107590304537
NLA12_IN-115,1.0,0.5,0.00130785203762
NLA12_IN-116,1.0,4.47996854411,0.0135052285629
NLA12_IN-117,1.0,6.5,0.00264285247436
NLA12_IN-120,1.0,5.5,0.00926714422425
NLA12_IN-126,1.0,2.45,0.0077427699572
NLA12_IN-127,1.0,5.5,0.00526630499698
NLA12_IN-128,1.0,6.10806978413,0.00740054160254
NLA12_IN-128,2.0,7.45,0.00763263766426
NLA12_IN-130,1.0,5.40217349691,0.0134121784955
NLA12_IN-131,1.0,7.24093170624,0.0061171951031
NLA12_IN-134,1.0,3.52472999069,0.0168470789165
NLA12_IN-135,1.0,4.99065936434,0.00655518535684
NLA12_IN-142,1.0,0.25,0.00399975222159
NLA12_IN-144,1.0,4.7887438942,0.0134007319325
NLA12_IN-145,1.0,1.35438535514,0.0022058185483
NLA12_IN-146,1.0,4.44301756619,0.0124690011846
NLA12_IN-147,1.0,0.125,0.0168312137766
NLA12_IN-149,1.0,0.5,0.00165334037678
NLA12_IN-155,1.0,6.93213347028,0.0070692464755
NLA12_IN-159,1.0,3.5,0.00913448257891
NLA12_IN-160,1.0,4.66942477053,0.0100013643207
NLA12_IN-162,1.0,3.15,0.0134515475701
NLA12_IN-163,1.0,7.55398933288,0.0123930392666
NLA12_IN-164,1.0,3.82737807751,0.0122742747192
NLA12_IN-166,1.0,0.25,0.00725570050588
NLA12_IN-171,1.0,3.56166578942,0.0145076689382
NLA12_IN-172,1.0,6.49669111024,0.0113488632984
NLA12_IN-174,1.0,6.43119988581,0.00953044345508
NLA12_IN-179,1.0,0.5,0.00181827086613
NLA12_IN-180,1.0,5.5,0.00765732836483
NLA12_IN-183,1.0,0.25,0.000660281017858
NLA12_IN-185,1.0,4.5,0.00818945167305
NLA12_IN-186,1.0,6.8063885899,0.00993518272803
NLA12_IN-187,1.0,6.1,0.0130744132445
NLA12_IN-191,1.0,1.75,0.00444991476988
NLA12_IN-193,1.0,3.5,0.000250743696308
NLA12_IN-196,1.0,7.62278640591,0.00552820425909
NLA12_IN-199,1.0,6.63464379245,0.0078916680141
NLA12_IN-201,1.0,5.55070730664,0.00649597656808
NLA12_IN-202,1.0,1.7,0.000634159827175
NLA12_KS-101,1.0,0.5,-0.0
NLA12_KS-101,2.0,0.5,0.000413959585477
NLA12_KS-102,1.0,3.98770196863,0.000703268929565
NLA12_KS-103,1.0,3.53456134707,0.00518984359316
NLA12_KS-105,1.0,0.5,-0.000122995989257
NLA12_KS-106,1.0,2.25,0.0118814083618
NLA12_KS-107,1.0,1.5,-0.0
NLA12_KS-108,1.0,0.75,0.0018479907535
NLA12_KS-109,1.0,2.5,0.00571362537618
NLA12_KS-109,2.0,2.5,0.00694865661333
NLA12_KS-114,1.0,5.1,0.00639025750295
NLA12_KS-121,1.0,0.5,0.00013828433232
NLA12_KS-122,1.0,6.84547129832,0.00157467325258
NLA12_KS-124,1.0,0.5,-0.0
NLA12_KS-125,1.0,8.51225798282,0.00624305288973
NLA12_KS-126,1.0,0.5,0.0125393784425
NLA12_KS-130,1.0,2.1,0.00629248687739
NLA12_KS-138,1.0,3.5,0.00127261652938
NLA12_KS-R02,1.0,2.8869916132,0.00355699867946
NLA12_KS-R07,1.0,4.5,0.00126791859035
NLA12_KS-R08,1.0,4.25,0.0182837648392
NLA12_KS-R11,1.0,4.4,0.0031992627582
NLA12_KY-101,1.0,3.72416214691,0.00732887521232
NLA12_KY-101,2.0,4.45946198578,0.0129070448823
NLA12_KY-102,1.0,3.59829285062,0.00913448257891
NLA12_KY-103,1.0,2.62162733631,0.00844396660797
NLA12_KY-104,1.0,0.25,0.000262888943354
NLA12_KY-107,1.0,2.83421370076,0.00556445644066
NLA12_KY-107,2.0,3.05,0.0180135983318
NLA12_KY-114,1.0,6.78833410665,0.00353746085747
NLA12_KY-116,1.0,5.05,0.00509967988661
NLA12_KY-117,1.0,3.2885331918,0.00711181714657
NLA12_KY-120,1.0,1.05,0.00280162334405
NLA12_KY-122,1.0,4.3627707694,0.00804004570104
NLA12_LA-101,1.0,2.42857142857,0.000573667209347
NLA12_LA-101,2.0,3.15,0.00688760935365
NLA12_LA-102,1.0,1.5624470665,0.00394993046252
NLA12_LA-103,1.0,1.45644350171,0.00405324916134
NLA12_LA-104,1.0,1.38781790984,0.002877444942
NLA12_LA-105,1.0,1.25,0.0087514548342
NLA12_LA-106,1.0,0.5,0.00437869419955
NLA12_LA-109,1.0,1.05,0.0125766467431
NLA12_LA-134,1.0,1.21490473427,0.000570127221088
NLA12_LA-134,2.0,1.59548137878,0.00337039164767
NLA12_LA-141,1.0,0.25,-0.0
NLA12_LA-152,1.0,2.45,0.00433779676065
NLA12_LA-154,1.0,0.3,0.032787356591
NLA12_LA-155,1.0,0.5,0.00695721195042
NLA12_LA-161,1.0,4.61595967444,0.0100728269486
NLA12_LA-172,1.0,0.25,0.0182087693071
NLA12_MA-101,1.0,4.05,0.018849365661
NLA12_MA-101,2.0,0.5,-0.0
NLA12_MA-102,1.0,1.25,0.00213515713477
NLA12_MA-103,1.0,0.997051567956,0.000364108759534
NLA12_MA-104,1.0,7.15,0.00438154919659
NLA12_MA-105,1.0,4.63376664552,0.00947452864615
NLA12_MA-105,2.0,5.50553096637,0.00845141298766
NLA12_MA-106,1.0,1.33098554085,0.000661734630059
NLA12_MA-108,1.0,0.25,-0.0
NLA12_MA-109,1.0,7.49476093666,0.0109760274357
NLA12_MA-110,1.0,7.61282728956,0.00971468506258
NLA12_MA-111,1.0,2.5,0.00419119009399
NLA12_MD-101,1.0,5.09006626181,0.00908036607766
NLA12_MD-101,2.0,6.54667256866,0.0126842291779
NLA12_MD-102,1.0,0.25,0.000280158333905
NLA12_MD-103,1.0,2.3,0.00830762212466
NLA12_MD-104,1.0,0.550087848637,0.00164322936247
NLA12_MD-105,1.0,0.722222222222,0.0020995189462
NLA12_MD-105,2.0,0.25,0.000551342734443
NLA12_MD-108,1.0,1.75,0.00660608698186
NLA12_MD-115,1.0,0.6,-0.0
NLA12_MD-118,1.0,0.25,-0.0
NLA12_ME-101,1.0,0.5,0.00193190284595
NLA12_ME-101,2.0,0.5,-0.0
NLA12_ME-102,1.0,4.87811925869,0.00632848623268
NLA12_ME-103,1.0,6.98474447937,0.00570934958698
NLA12_ME-104,1.0,1.5,0.0076713946267
NLA12_ME-105,1.0,1.35,0.000671166181945
NLA12_ME-106,1.0,4.16098453963,0.0085236271455
NLA12_ME-107,1.0,6.268457235,0.00734873362394
NLA12_ME-108,1.0,12.2418848346,0.00414231342593
NLA12_ME-109,1.0,7.57331256815,0.00388690957614
NLA12_ME-110,1.0,7.81206789595,0.00836170353907
NLA12_ME-113,1.0,0.5,0.00513269251358
NLA12_ME-114,1.0,3.32118882607,0.0109837867904
NLA12_ME-115,1.0,2.83211610606,0.00798137862221
NLA12_ME-116,1.0,1.47410593899,0.00208348478221
NLA12_ME-118,1.0,4.47798166658,0.0136432614474
NLA12_ME-120,1.0,3.35086536918,0.00859344292045
NLA12_ME-121,1.0,3.56613546378,0.00993518272803
NLA12_ME-122,1.0,3.50150401553,0.0118747436697
NLA12_ME-126,1.0,3.75824487296,0.00760655879038
NLA12_ME-126,2.0,4.15,0.00750266747604
NLA12_ME-129,1.0,2.25,0.00233450675796
NLA12_ME-130,1.0,3.32717758206,0.0132088664276
NLA12_ME-134,1.0,2.25,0.00652002469072
NLA12_ME-135,1.0,3.5,0.000417831646444
NLA12_ME-137,1.0,3.35634505773,0.00726707396566
NLA12_ME-R02,1.0,2.5,0.000743716184665
NLA12_ME-R03,1.0,3.19220354021,0.0083682713679
NLA12_ME-R06,1.0,4.40592451433,0.00624305288973
NLA12_ME-R07,1.0,4.65476774415,0.0119030222615
NLA12_ME-R08,1.0,5.57596270483,0.00732506652312
NLA12_ME-R10,1.0,6.44733936418,0.0113085906372
NLA12_ME-R11,1.0,2.5,0.00103118369498
NLA12_ME-R15,1.0,4.4124463327,0.0103380537845
NLA12_MI-101,1.0,4.0293451563,0.00912052824295
NLA12_MI-101,2.0,5.15,0.00146716464327
NLA12_MI-102,1.0,1.70304884246,0.00317339751449
NLA12_MI-103,1.0,5.67025646988,0.00705862876031
NLA12_MI-104,1.0,3.9427101152,0.0101817453448
NLA12_MI-105,1.0,7.73874119977,0.00896031492865
NLA12_MI-106,1.0,4.15200638841,0.000927920580988
NLA12_MI-107,1.0,10.788106563,0.00592360361869
NLA12_MI-108,1.0,5.16479199524,0.0100753694297
NLA12_MI-109,1.0,3.59644114758,0.0127266484345
NLA12_MI-110,1.0,3.59784117891,0.0169610664174
NLA12_MI-111,1.0,4.65570813328,0.0054510307818
NLA12_MI-112,1.0,4.27990296878,0.0121481951223
NLA12_MI-113,1.0,7.63806427521,0.00659575158554
NLA12_MI-114,1.0,4.37434954298,0.0138143027153
NLA12_MI-115,1.0,0.3,-0.0
NLA12_MI-116,1.0,1.66666666667,0.000462965413521
NLA12_MI-117,1.0,4.76120561261,0.007744546323
NLA12_MI-118,1.0,5.70212294751,0.0113636274068
NLA12_MI-120,1.0,3.5,0.0140393028155
NLA12_MI-122,1.0,11.2780538051,0.0058756183391
NLA12_MI-123,1.0,3.81620525425,0.0129631312094
NLA12_MI-124,1.0,0.756129927508,0.00341029170305
NLA12_MI-125,1.0,1.70588235294,0.000939632654723
NLA12_MI-126,1.0,6.22014509524,0.00566030359988
NLA12_MI-128,1.0,5.74015275941,0.0106757462701
NLA12_MI-129,1.0,5.31813862878,0.00737922877334
NLA12_MI-130,1.0,1.23412478714,0.00146079014278
NLA12_MI-132,1.0,3.25,0.00246958947834
NLA12_MI-133,1.0,4.71277707297,0.00646191593933
NLA12_MI-135,1.0,3.69582939889,0.0105058191774
NLA12_MI-136,1.0,2.77557898329,0.0161063235593
NLA12_MI-137,1.0,3.77006777895,0.0122607917352
NLA12_MI-138,1.0,2.75,0.00106628661619
NLA12_MI-139,1.0,2.71093809413,0.0168821285662
NLA12_MI-139,2.0,3.6781807229,0.00975363750865
NLA12_MI-141,1.0,4.62950758474,0.011710958922
NLA12_MI-142,1.0,2.5,0.000655708239897
NLA12_MI-144,1.0,0.75,0.00383371943331
NLA12_MI-145,1.0,5.9160764392,0.006206300109
NLA12_MI-148,1.0,5.40778487536,0.00998504706965
NLA12_MI-150,1.0,1.25,0.00641320716802
NLA12_MI-151,1.0,3.98226874881,0.00891926217034
NLA12_MI-152,1.0,2.36860215293,0.0173479514586
NLA12_MI-155,1.0,2.8079132066,0.012654279179
NLA12_MI-161,1.0,5.15,0.00164951401564
NLA12_MI-162,1.0,6.63405220759,0.0101204186244
NLA12_MI-164,1.0,0.35,-0.00311886447262
NLA12_MI-165,1.0,3.4,0.00908408630023
NLA12_MI-167,1.0,2.25,0.0130251697611
NLA12_MI-168,1.0,3.96801222846,0.0120501659518
NLA12_MI-169,1.0,1.78756039672,0.0123676668726
NLA12_MI-172,1.0,6.40446584692,0.00819326172956
NLA12_MI-177,1.0,1.99617388064,0.000238305869666
NLA12_MI-178,1.0,1.35,0.0161884382213
NLA12_MI-R08,1.0,3.3,0.00307981982456
NLA12_MI-R09,1.0,9.15157057821,0.00530418083274
NLA12_MN-101,1.0,3.4188312426,0.0108262819997
NLA12_MN-101,2.0,4.63684850735,0.00586244329414
NLA12_MN-102,1.0,3.45058591512,0.0060230085202
NLA12_MN-103,1.0,0.25,-0.0
NLA12_MN-104,1.0,2.25,0.00780440107396
NLA12_MN-105,1.0,1.65122583755,0.00731484323114
NLA12_MN-106,1.0,7.98770295548,0.00666224212174
NLA12_MN-107,1.0,6.73725484731,0.0040923021127
NLA12_MN-108,1.0,5.40233400463,0.00774893583869
NLA12_MN-109,1.0,1.05,0.00436127930183
NLA12_MN-110,1.0,3.33995613426,0.00710597338418
NLA12_MN-111,1.0,2.64504693118,0.0069201980097
NLA12_MN-112,1.0,0.5,0.00444735019861
NLA12_MN-113,1.0,0.5,0.000131905973288
NLA12_MN-114,1.0,1.44444444444,0.000222574720452
NLA12_MN-115,1.0,6.13312316906,0.00751230511609
NLA12_MN-116,1.0,3.4579375138,0.00954683598824
NLA12_MN-118,1.0,0.25,-0.0
NLA12_MN-119,1.0,2.42032640121,0.000752248606133
NLA12_MN-120,1.0,3.3,0.000931499043792
NLA12_MN-121,1.0,7.35210312925,0.00654171840509
NLA12_MN-122,1.0,1.22699651945,0.00193082263475
NLA12_MN-123,1.0,2.59112686181,0.00981311689826
NLA12_MN-123,2.0,3.39013124039,0.00526244761845
NLA12_MN-126,1.0,1.5,0.0051937434307
NLA12_MN-127,1.0,1.75,0.00344067139641
NLA12_MN-130,1.0,1.40298104773,0.000622747251809
NLA12_MN-131,1.0,0.65,0.012031478533
NLA12_MN-132,1.0,4.56948789686,0.0089254941569
NLA12_MN-135,1.0,0.25,1.92233101446
NLA12_MN-136,1.0,0.747510801071,0.0102630436113
NLA12_MN-137,1.0,0.5,-0.0
NLA12_MN-138,1.0,1.84520424009,0.00895944644174
NLA12_MN-141,1.0,4.5,0.00735454451707
NLA12_MN-143,1.0,1.25,0.0066180307042
NLA12_MN-144,1.0,0.5,0.0048486650773
NLA12_MN-145,1.0,3.35,0.00351094780765
NLA12_MN-147,1.0,3.5,0.0160641962971
NLA12_MN-150,1.0,2.5,0.00618537859151
NLA12_MN-152,1.0,1.64220728087,0.00134448097795
NLA12_MN-153,1.0,3.66727135959,0.0052946350909
NLA12_MN-157,1.0,4.07040968525,0.00798659195034
NLA12_MN-158,1.0,1.4,0.00205829328005
NLA12_MN-160,1.0,2.7300356463,0.0113431875932
NLA12_MN-162,1.0,2.70191857301,0.00803489194415
NLA12_MN-163,1.0,1.98271086509,0.000452119491883
NLA12_MN-167,1.0,0.5,1.08496580406
NLA12_MN-170,1.0,3.90120563876,0.00547066386932
NLA12_MN-171,1.0,0.25,-0.0
NLA12_MN-177,1.0,0.75,0.0025358371807
NLA12_MN-180,1.0,4.58486898897,0.00611884187118
NLA12_MN-181,1.0,0.5,-0.0
NLA12_MN-R01,1.0,7.56547581747,0.00962542530117
NLA12_MN-R12,1.0,1.25,0.000545917328064
NLA12_MN-R13,1.0,2.85198070415,0.0124856510178
NLA12_MN-R14,1.0,2.91120879874,0.00916006307162
NLA12_MO-101,1.0,1.75,0.00175005433232
NLA12_MO-101,2.0,3.05,0.00201162083963
NLA12_MO-102,1.0,5.33180967257,0.00043814064739
NLA12_MO-103,1.0,8.5309786892,0.00464079828434
NLA12_MO-104,1.0,5.54506584282,0.0138716732719
NLA12_MO-105,1.0,5.5,0.000508090653312
NLA12_MO-106,1.0,0.5,0.00336416572849
NLA12_MO-107,1.0,0.712876566477,0.0015884611703
NLA12_MO-108,1.0,4.15,0.0170878243886
NLA12_MO-108,2.0,1.5,0.00026657497574
NLA12_MO-109,1.0,4.44976800107,0.0120304059598
NLA12_MO-110,1.0,4.55883119188,0.0155652008378
NLA12_MO-115,1.0,4.83676554586,0.0126412789155
NLA12_MO-117,1.0,3.87410463242,0.00993528217879
NLA12_MO-119,1.0,2.5,0.00568050120974
NLA12_MO-120,1.0,2.5,0.0129460830479
NLA12_MO-122,1.0,1.60143662678,0.00563822570584
NLA12_MO-123,1.0,2.5,0.00573719554211
NLA12_MO-126,1.0,1.25,0.00261980197261
NLA12_MO-R01,1.0,6.75807733028,0.00912731336776
NLA12_MO-R02,1.0,3.4,0.00183395237684
NLA12_MS-101,1.0,0.5,0.00025068253255
NLA12_MS-101,2.0,0.5,0.00168832596388
NLA12_MS-102,1.0,2.73329832839,0.0150506414506
NLA12_MS-103,1.0,1.63032025093,0.00945709013226
NLA12_MS-104,1.0,0.5,0.00200635206412
NLA12_MS-105,1.0,2.44953088871,0.00259602131912
NLA12_MS-106,1.0,,
NLA12_MS-107,1.0,1.14171525681,0.000621541267266
NLA12_MS-112,1.0,1.5,0.00632219043327
NLA12_MS-113,1.0,6.25,0.0109868916299
NLA12_MS-116,1.0,,
NLA12_MS-116,2.0,5.06851753811,0.0124586062834
NLA12_MS-119,1.0,3.080289175,0.0100052959572
NLA12_MS-125,1.0,0.25,0.0128247028735
NLA12_MS-126,1.0,0.5,0.0085367841162
NLA12_MS-128,1.0,4.58192872123,0.00630338938803
NLA12_MS-R03,1.0,3.30456903261,0.00962134106525
NLA12_MT-102,1.0,5.74826123577,0.00689267242264
NLA12_MT-102,2.0,6.72327586634,0.00508203266094
NLA12_MT-103,1.0,0.870782540084,0.00239565109562
NLA12_MT-104,1.0,0.5,0.000772092742219
NLA12_MT-105,1.0,6.97744040754,0.00198883530003
NLA12_MT-106,1.0,6.50187809087,0.00336419081187
NLA12_MT-107,1.0,1.11285625791,0.00608346638493
NLA12_MT-108,1.0,2.2315722125,0.00836115408872
NLA12_MT-109,1.0,0.75,0.000267304838875
NLA12_MT-110,1.0,3.18152567257,0.00554223331512
NLA12_MT-111,1.0,14.5077791031,0.00700073714363
NLA12_MT-113,1.0,4.37317882782,0.000593200489846
NLA12_MT-118,1.0,0.25,3.47520496982e-05
NLA12_MT-119,1.0,0.25,0.000364108759534
NLA12_MT-120,1.0,2.32195111629,0.000861112324309
NLA12_MT-124,1.0,11.3140425937,0.0019255786252
NLA12_MT-126,1.0,0.25,0.000215534836237
NLA12_MT-135,1.0,1.48252252709,0.0017167006428
NLA12_MT-136,1.0,14.521996818,0.00113063700673
NLA12_MT-138,1.0,3.1,0.00379231049578
NLA12_MT-140,1.0,4.23439868321,0.0116591470228
NLA12_MT-142,1.0,0.25,-0.0
NLA12_MT-143,1.0,3.2701781336,0.00695897670812
NLA12_MT-144,1.0,0.8,0.000366270610725
NLA12_MT-151,1.0,0.25,0.00186032498811
NLA12_MT-152,1.0,4.68154762002,0.00297930666074
NLA12_MT-154,1.0,0.75,0.000420900061737
NLA12_MT-156,1.0,7.55557916989,0.00189446148024
NLA12_MT-160,1.0,0.5,0.0011758634275
NLA12_MT-161,1.0,3.5,0.000194873521383
NLA12_MT-162,1.0,10.4880164127,0.00215168037079
NLA12_MT-164,1.0,7.56636763052,0.0114183828777
NLA12_MT-164,2.0,9.56232447278,0.00725132355067
NLA12_MT-177,1.0,0.25,-0.0
NLA12_NC-101,1.0,4.39129215372,0.0048615621854
NLA12_NC-101,2.0,17.0742820223,0.00347309079906
NLA12_NC-103,1.0,3.68797572555,0.00573829334478
NLA12_NC-104,1.0,1.1,0.00577211290743
NLA12_NC-105,1.0,3.5,0.00751611750239
NLA12_NC-107,1.0,0.5,0.00927689336078
NLA12_NC-108,1.0,2.54432434647,0.00450619521371
NLA12_NC-109,1.0,4.64095742117,0.00804539072147
NLA12_NC-114,1.0,0.5,0.00154120528921
NLA12_NC-115,1.0,0.5,0.00541615557807
NLA12_NC-116,1.0,2.2,0.00231980145247
NLA12_NC-116,2.0,2.15,0.00176186510006
NLA12_NC-124,1.0,2.92419524683,0.0116859202251
NLA12_NC-127,1.0,4.53155268819,0.0119115052378
NLA12_NC-134,1.0,3.4,0.000347963047718
NLA12_ND-101,1.0,0.5,-0.0
NLA12_ND-101,2.0,3.25,0.00356339521869
NLA12_ND-102,1.0,3.1,0.000446543397135
NLA12_ND-103,1.0,2.3,0.000395561070758
NLA12_ND-104,1.0,5.5,0.00357301887784
NLA12_ND-105,1.0,0.5,0.000860648628327
NLA12_ND-106,1.0,0.5,-0.0
NLA12_ND-107,1.0,1.65,0.00239278516548
NLA12_ND-108,1.0,0.25,-0.0
NLA12_ND-109,1.0,2.5,0.000254511778736
NLA12_ND-110,1.0,0.75,0.000333338581131
NLA12_ND-112,1.0,5.25,0.000111301311621
NLA12_ND-113,1.0,1.75,0.00810904760518
NLA12_ND-114,1.0,0.25,-0.0
NLA12_ND-115,1.0,2.70513170383,0.0023556945831
NLA12_ND-115,2.0,5.78995359276,0.00345517173246
NLA12_ND-118,1.0,3.5,0.00068697830399
NLA12_ND-119,1.0,1.27272727273,4.33597984118e-05
NLA12_ND-126,1.0,0.25,-0.0
NLA12_ND-129,1.0,1.25,0.000437130414466
NLA12_ND-131,1.0,13.4487146913,0.00217245327438
NLA12_ND-134,1.0,3.46352227381,0.00513510139097
NLA12_ND-139,1.0,0.5,-0.0
NLA12_ND-145,1.0,2.25,0.000435115751591
NLA12_ND-146,1.0,1.06342276619,0.000445576119282
NLA12_ND-149,1.0,3.4,0.00031813972342
NLA12_ND-151,1.0,1.66665592188,0.00036950462107
NLA12_ND-155,1.0,0.25,-0.0
NLA12_ND-156,1.0,4.1,0.000926454729096
NLA12_ND-160,1.0,2.3,0.00041474904508
NLA12_ND-162,1.0,1.32564517624,0.00077667536956
NLA12_ND-163,1.0,0.25,-0.0
NLA12_ND-164,1.0,1.6,0.000254511778736
NLA12_ND-167,1.0,3.25,0.000439141096321
NLA12_ND-172,1.0,1.66485769191,0.000171494012696
NLA12_ND-173,1.0,1.25,3.89638269451e-05
NLA12_ND-178,1.0,4.46170290181,0.00258765181117
NLA12_ND-186,1.0,0.75,0.00151234333299
NLA12_ND-187,1.0,10.1,0.00178253872086
NLA12_ND-190,1.0,0.55,0.00231482706761
NLA12_ND-193,1.0,,
NLA12_ND-194,1.0,2.1,0.0104904585019
NLA12_ND-196,1.0,2.41176470588,0.000245040120287
NLA12_ND-198,1.0,0.25,-0.0
NLA12_ND-199,1.0,1.6,0.00124979090837
NLA12_ND-202,1.0,1.25,0.00978362486354
NLA12_ND-R17,1.0,22.469177563,0.00487665819194
NLA12_ND-R18,1.0,4.99168174045,0.000140306013576
NLA12_NE-101,1.0,8.23229830651,0.00205497869122
NLA12_NE-101,2.0,,
NLA12_NE-102,1.0,0.6875,0.000773162446611
NLA12_NE-103,1.0,1.16436192437,0.0015884611703
NLA12_NE-104,1.0,2.1,0.00264279765009
NLA12_NE-105,1.0,0.25,-0.0
NLA12_NE-106,1.0,1.1856562937,0.00346335541942
NLA12_NE-107,1.0,0.55,0.0166145156006
NLA12_NE-108,1.0,1.05,0.00187435724162
NLA12_NE-109,1.0,4.19714557222,0.000777571374275
NLA12_NE-110,1.0,0.25,0.00393596148066
NLA12_NE-111,1.0,0.25,-0.0
NLA12_NE-112,1.0,0.25,-0.0
NLA12_NE-113,1.0,0.662474999485,0.000781609030101
NLA12_NE-114,1.0,8.48942610396,0.00130526915615
NLA12_NE-121,1.0,0.25,0.00818989343152
NLA12_NE-125,1.0,0.25,-0.0
NLA12_NE-127,1.0,0.25,-0.0
NLA12_NE-129,1.0,0.760069456411,0.0035578022751
NLA12_NE-129,2.0,0.685126943374,0.00293489597452
NLA12_NE-133,1.0,0.6,0.00132828370818
NLA12_NE-135,1.0,0.25,0.00102086545743
NLA12_NE-149,1.0,0.25,0.000232460242876
NLA12_NE-154,1.0,0.25,-0.0
NLA12_NE-156,1.0,0.25,-0.0
NLA12_NE-157,1.0,7.52740756667,0.00992477047552
NLA12_NE-158,1.0,0.25,0.000484329435631
NLA12_NE-160,1.0,6.5,0.00146604986083
NLA12_NE-166,1.0,,
NLA12_NE-170,1.0,0.5,0.00666835798332
NLA12_NH-101,1.0,0.52,0.0052227724142
NLA12_NH-101,2.0,3.28171607513,0.00909443543273
NLA12_NH-102,1.0,2.265,0.00573452380369
NLA12_NH-103,1.0,0.52,0.0052227724142
NLA12_NH-104,1.0,3.67327859961,0.00521474970571
NLA12_NH-105,1.0,0.25,-0.0
NLA12_NH-107,1.0,0.575564710712,0.00176556338062
NLA12_NH-108,1.0,1.71717813046,0.0093537939565
NLA12_NH-109,1.0,5.69242534316,0.0138207632875
NLA12_NH-111,1.0,3.58506672524,0.00884163029506
NLA12_NH-112,1.0,2.38533023097,0.00812722251778
NLA12_NH-112,2.0,3.245,0.00920878307573
NLA12_NH-115,1.0,3.34,0.00515634794271
NLA12_NH-R04,1.0,3.59853379625,0.00549326198714
NLA12_NJ-101,1.0,1.7073466257,0.00228776586822
NLA12_NJ-101,2.0,2.15,0.000704905200518
NLA12_NJ-102,1.0,1.23195953664,0.0092202525327
NLA12_NJ-103,1.0,,
NLA12_NJ-104,1.0,2.26724203453,0.0107272687891
NLA12_NJ-105,1.0,0.25,0.00098232394313
NLA12_NJ-106,1.0,3.45,0.00685289993478
NLA12_NJ-107,1.0,2.2,0.000301321020508
NLA12_NJ-108,1.0,1.12838814168,0.000728664941748
NLA12_NJ-118,1.0,2.55032270587,0.0147150177431
NLA12_NJ-119,1.0,2.12916589334,0.00110810527481
NLA12_NJ-131,1.0,0.25,0.00153096816063
NLA12_NJ-131,2.0,0.25,-0.0
NLA12_NJ-R01,1.0,0.5,0.00303317558392
NLA12_NM-104,1.0,2.7125525719,0.00440821561513
NLA12_NM-104,2.0,12.5,0.00110201517062
NLA12_NM-105,1.0,0.25,0.000149635526515
NLA12_NM-117,1.0,4.40971171446,0.00109882174625
NLA12_NM-117,2.0,6.37515819073,0.00280684777711
NLA12_NM-129,1.0,9.35882368781,0.001679590226
NLA12_NM-132,1.0,2.5,0.00044891413978
NLA12_NM-133,1.0,0.25,0.00234784448425
NLA12_NM-134,1.0,12.6020074536,0.00369086455912
NLA12_NM-138,1.0,5.56815839261,0.00356518875952
NLA12_NM-150,1.0,0.25,0.00298674906664
NLA12_NM-152,1.0,0.25,-0.00017331984358
NLA12_NM-160,1.0,0.5,0.00177345488405
NLA12_NM-161,1.0,0.537800521791,0.000134493917409
NLA12_NM-162,1.0,5.15,0.000698088116389
NLA12_NV-101,1.0,0.25,0.00712592201133
NLA12_NV-101,2.0,0.25,-0.0
NLA12_NV-102,1.0,0.25,-0.0
NLA12_NV-103,1.0,0.25,0.00154605646928
NLA12_NV-104,1.0,5.35,0.00310095431576
NLA12_NV-105,1.0,0.5,0.00446261645133
NLA12_NV-106,1.0,0.6,0.00621991708013
NLA12_NV-109,1.0,0.75,0.00106625684232
NLA12_NV-119,1.0,1.61466422211,0.00458507424288
NLA12_NV-119,2.0,0.25,0.00972666900596
NLA12_NV-127,1.0,1.6,0.00238511003656
NLA12_NV-137,1.0,3.6178659541,0.00518926056466
NLA12_NV-141,1.0,0.825205614925,0.00128716715965
NLA12_NV-144,1.0,0.25,-0.0
NLA12_NV-167,1.0,0.75,0.00143476148864
NLA12_NV-177,1.0,2.65193196077,0.00372360830326
NLA12_NV-193,1.0,3.2,0.00331470593671
NLA12_NV-R01,1.0,3.5,6.33811159041e-05
NLA12_NY-0101,1.0,10.500125279,0.00859756220087
NLA12_NY-0101,2.0,12.7229826203,0.00495951959783
NLA12_NY-0102,1.0,2.35,0.0013235345087
NLA12_NY-0103,1.0,7.05,0.00411945238606
NLA12_NY-0104,1.0,1.75,0.00348670238742
NLA12_NY-0104,2.0,0.25,0.00145302061177
NLA12_NY-0106,1.0,4.24144139116,0.00848435241683
NLA12_NY-0108,1.0,0.754982336971,0.0060070962649
NLA12_NY-0109,1.0,1.45352010743,0.013544158969
NLA12_NY-0110,1.0,4.05,0.0238808490995
NLA12_NY-0111,1.0,3.42874881601,0.0117429695
NLA12_NY-0112,1.0,3.25,0.000760425412148
NLA12_NY-R02,1.0,4.6080354375,0.0141528302675
NLA12_NY-R03,1.0,3.61246813738,0.0105345355227
NLA12_NY-R04,1.0,0.5,-0.0115056187754
NLA12_NY-R06,1.0,3.5,0.0102637627354
NLA12_NY-R07,1.0,0.4,0.00531164419011
NLA12_NY-R08,1.0,1.99653583923,0.00113673581399
NLA12_NY-R11,1.0,5.86816977406,0.00996796841331
NLA12_OH-101,1.0,2.35,0.000709650605292
NLA12_OH-101,2.0,0.55,-0.0
NLA12_OH-102,1.0,0.3,0.00101109531325
NLA12_OH-103,1.0,4.39768117153,0.00798661156485
NLA12_OH-104,1.0,0.5,0.00204401020077
NLA12_OH-105,1.0,0.3,-0.0
NLA12_OH-106,1.0,4.62750511713,0.0117361934755
NLA12_OH-107,1.0,0.25,0.00204625663749
NLA12_OH-112,1.0,6.26808719438,0.00904786399215
NLA12_OH-113,1.0,0.53970906302,0.000544466021288
NLA12_OH-115,1.0,5.74991124877,0.00990087351818
NLA12_OH-118,1.0,4.25,0.00268419817939
NLA12_OH-118,2.0,0.3,0.000299087955662
NLA12_OH-122,1.0,3.2,0.00575955615166
NLA12_OH-127,1.0,4.02979407689,0.0112014947438
NLA12_OH-134,1.0,0.3,0.00481325460745
NLA12_OH-136,1.0,0.25,0.00523349266401
NLA12_OH-137,1.0,4.45647826338,0.0125064174026
NLA12_OH-R02,1.0,4.03414787993,0.00992816921229
NLA12_OH-R03,1.0,2.61092150144,0.00288891380915
NLA12_OK-101,1.0,3.70780124741,0.00174749423635
NLA12_OK-101,2.0,4.67561652318,-10.4328846582
NLA12_OK-102,1.0,4.25,0.00152146972831
NLA12_OK-103,1.0,8.70258833664,0.00185972599664
NLA12_OK-104,1.0,9.8177761882,0.0087340611777
NLA12_OK-105,1.0,0.25,-0.0
NLA12_OK-106,1.0,1.3326159811,0.000276572563279
NLA12_OK-107,1.0,1.99389669845,0.000286387644844
NLA12_OK-108,1.0,4.53852703863,0.00412512060552
NLA12_OK-109,1.0,0.5,-0.0
NLA12_OK-117,1.0,0.25,-0.0
NLA12_OK-118,1.0,1.25,0.00135934539802
NLA12_OK-119,1.0,7.25,0.0107263687604
NLA12_OK-120,1.0,4.20850602277,0.0106702399205
NLA12_OK-121,1.0,0.25,0.00418042318882
NLA12_OK-122,1.0,1.35,0.000637359978034
NLA12_OK-132,1.0,1.25,0.00637917352241
NLA12_OK-133,1.0,0.25,0.00224662405799
NLA12_OK-134,1.0,3.2,0.000686921641233
NLA12_OK-135,1.0,5.25,0.00303738938934
NLA12_OK-285,1.0,4.25,0.00758930639805
NLA12_OK-286,1.0,0.25,-7.70970014031e-05
NLA12_OK-288,1.0,3.25,0.016459866151
NLA12_OK-291,1.0,0.86049550368,0.00158864940869
NLA12_OK-292,1.0,0.6695,0.00210516610276
NLA12_OK-293,1.0,0.2495,0.0162154433622
NLA12_OK-296,1.0,0.65,0.000995430716283
NLA12_OK-299,1.0,4.42276006394,0.0134213492984
NLA12_OK-299,2.0,5.27956543384,0.00997516346351
NLA12_OK-302,1.0,4.5,0.0116292077897
NLA12_OK-306,1.0,2.4,0.00106120554959
NLA12_OK-311,1.0,3.82054101686,0.0127861501224
NLA12_OK-R01,1.0,5.50280145814,0.00933446203011
NLA12_OK-R09,1.0,2.69380440851,0.0016682372544
NLA12_OR-101,1.0,0.25,0.00253142447647
NLA12_OR-102,1.0,0.75,0.000431074408028
NLA12_OR-103,1.0,0.75,0.000739015039605
NLA12_OR-103,2.0,1.46643608242,0.000472099221804
NLA12_OR-104,1.0,0.305,0.0145774582222
NLA12_OR-105,1.0,11.2694663687,0.00318880441944
NLA12_OR-106,1.0,0.75,0.00255561001172
NLA12_OR-107,1.0,,
NLA12_OR-109,1.0,8.45280932387,0.0033103504791
NLA12_OR-110,1.0,3.79235615847,0.00652072933801
NLA12_OR-111,1.0,0.3,0.000325424290872
NLA12_OR-112,1.0,2.31618777599,0.00165465310831
NLA12_OR-113,1.0,5.5197935462,0.00659548149766
NLA12_OR-121,1.0,4.32634073034,0.0100412662973
NLA12_OR-121,2.0,0.95253681215,0.00135959138409
NLA12_OR-123,1.0,1.46902148455,0.000648060473135
NLA12_OR-126,1.0,6.9618727812,0.00449240479765
NLA12_OR-128,1.0,12.6286390888,0.00254358058487
NLA12_OR-129,1.0,5.58485850669,0.00710469755932
NLA12_OR-131,1.0,0.315,0.00755404766246
NLA12_OR-133,1.0,1.71172260896,0.00200676623929
NLA12_OR-144,1.0,0.75,0.00147522554661
NLA12_OR-145,1.0,0.503371047833,0.0102344686656
NLA12_OR-154,1.0,5.56402581698,0.0012963125011
NLA12_OR-155,1.0,4.67998606262,0.0054257090513
NLA12_OR-158,1.0,0.75,0.0136595962385
NLA12_OR-160,1.0,0.75,0.00110387239093
NLA12_OR-163,1.0,0.75,0.00172742374961
NLA12_OR-167,1.0,3.20490014909,0.000496661468605
NLA12_OR-169,1.0,5.58729475019,0.00714613882565
NLA12_OR-173,1.0,3.42857142857,0.000131993789162
NLA12_PA-101,1.0,3.66943838552,0.0048409236793
NLA12_PA-101,2.0,7.75942211883,0.007633140516
NLA12_PA-102,1.0,3.38251838338,0.00722317899921
NLA12_PA-103,1.0,4.60669754711,0.00939100619486
NLA12_PA-105,1.0,3.42165670242,0.0135970377345
NLA12_PA-106,1.0,9.45011704488,0.00405452380259
NLA12_PA-107,1.0,2.14642241201,0.00179889687454
NLA12_PA-108,1.0,6.20629991934,0.0155532675624
NLA12_PA-108,2.0,6.45,0.00541333336759
NLA12_PA-109,1.0,,
NLA12_PA-110,1.0,0.749123515569,0.00157184568762
NLA12_PA-111,1.0,5.25,0.00839786876392
NLA12_PA-113,1.0,7.36859129693,0.00875295254214
NLA12_PA-114,1.0,4.94310431472,0.0101907692926
NLA12_PA-115,1.0,,
NLA12_PA-117,1.0,0.736842105263,0.000518368315093
NLA12_PA-118,1.0,3.71443395351,0.00126272313989
NLA12_PA-119,1.0,9.3811110689,0.00818685685096
NLA12_PA-R10,1.0,4.24515718839,0.00419119009399
NLA12_PA-R11,1.0,5.87974906708,0.00820466063271
NLA12_RI-102,1.0,0.25,2.56883045764
NLA12_RI-102,2.0,0.25,-0.000249794240152
NLA12_RI-103,1.0,2.90056422855,0.00887591664056
NLA12_RI-104,1.0,0.25,0.000236362745035
NLA12_RI-108,1.0,1.23172611501,0.0128075240431
NLA12_RI-110,1.0,1.24004705458,0.0199065422642
NLA12_RI-111,1.0,2.71896782129,0.00839986108684
NLA12_RI-111,2.0,2.74749466434,0.00892392383527
NLA12_RI-112,1.0,0.25,0.00990955438896
NLA12_RI-113,1.0,1.55,0.0216056227821
NLA12_SC-102,1.0,1.12661742593,0.0110521456156
NLA12_SC-103,1.0,5.60391728692,0.0054257090513
NLA12_SC-103,2.0,11.6563959205,0.00659575158554
NLA12_SC-104,1.0,1.2,0.0580755716428
NLA12_SC-104,2.0,0.25,0.00672833145699
NLA12_SC-105,1.0,1.70882656018,0.0153572964815
NLA12_SC-106,1.0,3.41326019683,0.00467433880225
NLA12_SC-108,1.0,1.75,0.0103368109007
NLA12_SC-112,1.0,,
NLA12_SC-112,2.0,2.4,0.00630694966841
NLA12_SC-118,1.0,1.46765539009,0.00412678637034
NLA12_SC-127,1.0,0.879199243888,0.000607587141468
NLA12_SD-101,1.0,19.6956707862,0.00100288189994
NLA12_SD-101,2.0,20.9674467328,0.00307500363038
NLA12_SD-102,1.0,4.45,0.000671166181945
NLA12_SD-103,1.0,0.5,-0.0
NLA12_SD-104,1.0,3.54095707207,0.0047468620012
NLA12_SD-105,1.0,3.4,0.000315788907855
NLA12_SD-106,1.0,5.99087072733,0.000436127930183
NLA12_SD-107,1.0,4.72048687384,0.00688056035485
NLA12_SD-108,1.0,0.5,-0.0
NLA12_SD-109,1.0,1.04176785505,0.00162181561701
NLA12_SD-110,1.0,6.5,0.000896306647308
NLA12_SD-111,1.0,0.5,-0.0
NLA12_SD-114,1.0,0.55,0.000587839818275
NLA12_SD-115,1.0,0.2,0.001453516901
NLA12_SD-115,2.0,0.26,-0.0
NLA12_SD-119,1.0,,
NLA12_SD-122,1.0,1.1,0.00104200381267
NLA12_SD-124,1.0,1.3,0.00123887495695
NLA12_SD-126,1.0,1.55,0.00469889391719
NLA12_SD-130,1.0,,
NLA12_SD-131,1.0,0.55,0.00179337866795
NLA12_SD-132,1.0,0.785726131689,0.000147166164276
NLA12_SD-133,1.0,0.5,0.000267491626144
NLA12_SD-134,1.0,1.5,0.000997328271865
NLA12_SD-137,1.0,0.5,0.00022951649594
NLA12_SD-138,1.0,4.4,0.00209036905611
NLA12_SD-140,1.0,0.5,-0.0
NLA12_SD-141,1.0,2.0,-0.0
NLA12_SD-143,1.0,1.67166159566,8.48512106647e-05
NLA12_SD-146,1.0,0.25,-0.0
NLA12_SD-147,1.0,1.6,0.000237336642455
NLA12_SD-150,1.0,,
NLA12_SD-154,1.0,1.03933220306,0.00128415067791
NLA12_SD-157,1.0,3.75,0.000131349400812
NLA12_SD-158,1.0,1.53207906212,0.00277498640427
NLA12_SD-162,1.0,0.5,0.00442030255584
NLA12_SD-165,1.0,2.35,0.00345290514007
NLA12_SD-166,1.0,0.5,0.000214523844843
NLA12_SD-168,1.0,4.1,0.0441488338057
NLA12_SD-170,1.0,0.75,0.000427016915035
NLA12_SD-172,1.0,0.5,1.99699833168e-05
NLA12_SD-182,1.0,1.91472007964,0.00322797107105
NLA12_SD-183,1.0,2.5,0.000264736916722
NLA12_SD-189,1.0,0.5,-0.0
NLA12_SD-198,1.0,0.55,-0.0
NLA12_SD-212,1.0,2.49339458722,0.000943546967447
NLA12_TN-101,1.0,1.20937227826,0.00916673484353
NLA12_TN-101,2.0,3.15,0.00223975101534
NLA12_TN-103,1.0,0.5,0.0019527951967
NLA12_TN-104,1.0,10.5098035303,0.00460057212572
NLA12_TN-106,1.0,1.40086501002,0.000778129511206
NLA12_TN-108,1.0,2.33499187628,0.0134257770258
NLA12_TN-108,2.0,0.5,0.00109076267779
NLA12_TN-113,1.0,3.2504383985,0.0107896328899
NLA12_TN-114,1.0,1.05,0.0865567328294
NLA12_TN-114,2.0,0.25,0.000698649730823
NLA12_TN-119,1.0,4.2456351734,0.00799254698809
NLA12_TN-122,1.0,2.05,0.00208016108437
NLA12_TN-R01,1.0,13.5724640068,0.00939100619486
NLA12_TX-101,1.0,0.25,0.0186434351052
NLA12_TX-101,2.0,0.25,0.000523935651011
NLA12_TX-103,1.0,4.98140050311,0.00104234875699
NLA12_TX-104,1.0,0.15,-0.0
NLA12_TX-105,1.0,4.27297343453,0.00459003616321
NLA12_TX-107,1.0,2.45,0.00130218586061
NLA12_TX-109,1.0,1.33286758221,0.00121347824252
NLA12_TX-110,1.0,2.6910579304,0.00555940342743
NLA12_TX-111,1.0,4.15,0.00181672534147
NLA12_TX-112,1.0,1.49844451441,0.00056567816768
NLA12_TX-113,1.0,3.98632478403,0.00152761076784
NLA12_TX-114,1.0,2.5,0.000296897015991
NLA12_TX-116,1.0,2.5,0.00121715333449
NLA12_TX-117,1.0,2.75,0.00499497552768
NLA12_TX-117,2.0,1.25,0.0017236746821
NLA12_TX-118,1.0,0.25,0.000602434788529
NLA12_TX-121,1.0,9.25,0.00451869573723
NLA12_TX-124,1.0,0.5,0.00174266303776
NLA12_TX-128,1.0,6.32880360444,0.0167464104575
NLA12_TX-129,1.0,2.65,0.000867045595556
NLA12_TX-135,1.0,0.75,0.00540698993956
NLA12_TX-136,1.0,0.65,0.00281063617619
NLA12_TX-137,1.0,7.71652092382,0.0118289576637
NLA12_TX-141,1.0,4.25841342388,0.0128727242613
NLA12_TX-144,1.0,4.15,0.0043044157188
NLA12_TX-148,1.0,1.75,0.00859298288133
NLA12_TX-152,1.0,0.6,0.00577211290743
NLA12_TX-157,1.0,0.25,0.017089105882
NLA12_TX-158,1.0,0.25,-0.0
NLA12_TX-159,1.0,1.48044727428,0.00279281542585
NLA12_TX-160,1.0,0.619794664301,0.00289928946123
NLA12_TX-161,1.0,0.65,0.00176800275829
NLA12_TX-165,1.0,9.3707839133,0.00460057212572
NLA12_TX-169,1.0,1.4,0.000298629214885
NLA12_TX-170,1.0,0.25,-0.0
NLA12_TX-176,1.0,0.25,0.0192661947992
NLA12_TX-182,1.0,3.45,0.00218615649992
NLA12_TX-187,1.0,1.35,0.0137655166922
NLA12_TX-190,1.0,1.16284696803,0.00384807527162
NLA12_TX-195,1.0,0.25,0.00179701187783
NLA12_TX-196,1.0,2.2,0.00066643743935
NLA12_TX-199,1.0,0.25,-0.000289029702435
NLA12_TX-201,1.0,1.05,0.00285502675157
NLA12_TX-202,1.0,2.15,0.00275678609005
NLA12_TX-205,1.0,0.75,0.0968169869652
NLA12_TX-218,1.0,0.5,0.000684220770805
NLA12_TX-232,1.0,4.52143510177,0.016700824094
NLA12_TX-234,1.0,3.5,0.000726510305883
NLA12_TX-235,1.0,0.749760553806,0.000493896512158
NLA12_TX-R02,1.0,11.4558183154,0.0076504256876
NLA12_TX-R08,1.0,2.45945945946,0.000539559768564
NLA12_TX-R09,1.0,5.45137474659,0.00122046900817
NLA12_UT-101,1.0,1.25,4.74067166731e-05
NLA12_UT-101,2.0,0.747674128592,0.000704272947008
NLA12_UT-102,1.0,19.7233087495,0.000647966256956
NLA12_UT-103,1.0,6.48283426059,0.00124330922951
NLA12_UT-104,1.0,5.18542990484,0.00184319503643
NLA12_UT-105,1.0,8.54978036208,0.00172171717865
NLA12_UT-108,1.0,0.5,7.78002457636e-05
NLA12_UT-109,1.0,2.25,0.0020625038398
NLA12_UT-110,1.0,1.20367115914,0.00362481267528
NLA12_UT-110,2.0,1.85771207507,0.00128953728266
NLA12_UT-112,1.0,1.2,0.000444267634033
NLA12_UT-118,1.0,3.36943655743,0.000817008167331
NLA12_UT-122,1.0,5.59270106127,0.00254329804426
NLA12_UT-125,1.0,5.4,0.000603969619538
NLA12_UT-126,1.0,2.19787088429,0.00197990840217
NLA12_UT-128,1.0,0.75,0.00196984185529
NLA12_UT-137,1.0,0.25,0.00135886160613
NLA12_UT-141,1.0,0.79838545446,0.00459228053492
NLA12_UT-147,1.0,0.806210161839,0.00227277873679
NLA12_UT-148,1.0,0.25,0.00835870564083
NLA12_UT-159,1.0,0.871741655848,0.000966351391261
NLA12_UT-160,1.0,1.99400600706,0.000179885464355
NLA12_UT-165,1.0,0.65,-0.0
NLA12_UT-167,1.0,0.25,0.00128107455077
NLA12_UT-169,1.0,2.5706773411,0.00687643880178
NLA12_UT-173,1.0,0.5,0.00156152368758
NLA12_UT-186,1.0,0.5,0.00210506193685
NLA12_UT-196,1.0,3.55,0.00183135305363
NLA12_UT-203,1.0,5.57229297881,0.00469933407583
NLA12_UT-210,1.0,,0.00834794924881
NLA12_UT-218,1.0,5.59333932195,0.00390721130234
NLA12_UT-222,1.0,0.25,0.00307617093487
NLA12_UT-229,1.0,3.59033049259,0.000431480901848
NLA12_UT-260,1.0,3.4,0.00181968259166
NLA12_UT-264,1.0,5.48260677563,0.00119553278325
NLA12_UT-290,1.0,1.15,0.000533088636152
NLA12_UT-294,1.0,4.54142169307,0.00203012742715
NLA12_UT-324,1.0,3.73248039699,0.00255359320969
NLA12_UT-325,1.0,6.57733237884,0.00819778162674
NLA12_UT-343,1.0,4.2,0.000306316090662
NLA12_UT-359,1.0,0.25,0.00168822750203
NLA12_UT-374,1.0,4.66482291105,0.000382340051086
NLA12_UT-392,1.0,1.9894531399,0.000245217778815
NLA12_UT-397,1.0,0.75,-1.81186270298e-05
NLA12_UT-400,1.0,7.70891876153,0.00330063717215
NLA12_UT-409,1.0,0.55,0.00178315121668
NLA12_UT-412,1.0,5.1,0.000543474443443
NLA12_UT-424,1.0,0.7,0.000100568163083
NLA12_VA-101,1.0,1.125,0.0060590711408
NLA12_VA-101,2.0,0.25,0.00740678548485
NLA12_VA-102,1.0,2.73307786983,0.0154063463736
NLA12_VA-103,1.0,3.07855020993,0.0157773452948
NLA12_VA-104,1.0,4.45,0.0111987868007
NLA12_VA-105,1.0,1.59976184353,0.0150576964206
NLA12_VA-106,1.0,1.4,0.00915276220926
NLA12_VA-108,1.0,2.5,0.0068215928298
NLA12_VA-109,1.0,0.65,0.000807215726052
NLA12_VA-109,2.0,0.25,0.00228765554044
NLA12_VA-110,1.0,2.74139144495,0.0138861097363
NLA12_VA-111,1.0,1.64709894034,0.0165537451263
NLA12_VA-112,1.0,1.2,0.00777899507939
NLA12_VA-114,1.0,2.90562106856,0.00829178922241
NLA12_VA-116,1.0,2.5140171819,0.00759375301967
NLA12_VA-118,1.0,0.25,0.0252164941757
NLA12_VA-119,1.0,1.5,0.00985754147801
NLA12_VA-121,1.0,3.5,0.0014408439279
NLA12_VA-123,1.0,0.75,0.00220184667924
NLA12_VA-125,1.0,34.25,0.00893937754677
NLA12_VA-126,1.0,2.98840947858,0.00681621085384
NLA12_VA-127,1.0,1.6,0.00422933877957
NLA12_VA-130,1.0,2.59775507125,0.0143130890809
NLA12_VA-R01,1.0,3.65370589128,0.00852815263849
NLA12_VA-R05,1.0,5.23722810562,0.0107602387847
NLA12_VA-R06,1.0,6.19273955062,0.0103171972463
NLA12_VA-R14,1.0,3.88229657781,0.0136657391926
NLA12_VA-R17,1.0,4.92936799757,0.00820837693498
NLA12_VA-R18,1.0,1.6,0.00570142341931
NLA12_VT-101,1.0,3.50407535977,0.00664095166532
NLA12_VT-101,2.0,4.69919105316,0.0113423607042
NLA12_VT-102,1.0,4.61292852852,0.00849920266106
NLA12_VT-103,1.0,16.1910097534,0.00366134853454
NLA12_VT-104,1.0,3.83738706792,0.0116297260509
NLA12_VT-106,1.0,1.80505301768,0.0114262758876
NLA12_VT-109,1.0,0.35,0.00789781923753
NLA12_VT-110,1.0,3.69068873209,0.010358018356
NLA12_VT-112,1.0,2.5,0.00790042114113
NLA12_VT-112,2.0,3.3,0.00638259124313
NLA12_VT-114,1.0,7.67206034093,0.00650504395905
NLA12_VT-115,1.0,2.52405475804,0.00800987234919
NLA12_VT-R01,1.0,0.55,0.00131383247314
NLA12_VT-R02,1.0,4.65372975021,0.0113848391612
NLA12_WA-101,1.0,0.7,0.00072106378031
NLA12_WA-101,2.0,0.25,-0.0
NLA12_WA-102,1.0,0.3,0.00378091289479
NLA12_WA-103,1.0,9.29309492138,0.00586188640229
NLA12_WA-104,1.0,0.5,-0.0
NLA12_WA-106,1.0,2.65461792678,0.00452374265163
NLA12_WA-107,1.0,3.5133515334,0.00546579755297
NLA12_WA-108,1.0,2.76917873628,0.0101765477428
NLA12_WA-109,1.0,,
NLA12_WA-110,1.0,6.25,0.0045580010048
NLA12_WA-111,1.0,10.5489913678,0.0065198150229
NLA12_WA-112,1.0,2.45754655164,0.00937160030403
NLA12_WA-114,1.0,2.07161288607,0.000589493760067
NLA12_WA-115,1.0,6.66197738215,0.00372287132039
NLA12_WA-116,1.0,9.16459373281,0.00580952927985
NLA12_WA-118,1.0,0.5,0.00337354956486
NLA12_WA-120,1.0,6.39603055577,0.00561554347021
NLA12_WA-121,1.0,5.75459328174,0.00407572723911
NLA12_WA-124,1.0,7.17061762482,0.00548801605117
NLA12_WA-125,1.0,0.5,0.000671776715177
NLA12_WA-126,1.0,2.2265383399,0.0069275692717
NLA12_WA-129,1.0,0.55,0.00593237734996
NLA12_WA-131,1.0,4.55202041469,0.0135125489306
NLA12_WA-133,1.0,1.16666666667,0.000462965413521
NLA12_WA-133,2.0,0.25,-0.0
NLA12_WA-138,1.0,4.62678137894,0.00562357502214
NLA12_WA-141,1.0,3.3,0.00249834771717
NLA12_WA-146,1.0,1.64479495067,0.00178165414139
NLA12_WA-147,1.0,5.08795428728,0.00580932464429
NLA12_WA-151,1.0,31.3843091993,0.000699453076909
NLA12_WA-154,1.0,0.25,0.000340012987123
NLA12_WA-157,1.0,0.45,-0.000141300982065
NLA12_WA-159,1.0,12.05,0.00403642718152
NLA12_WA-R08,1.0,8.45,0.00516736322589
NLA12_WA-R09,1.0,9.83087603298,0.00469048879938
NLA12_WA-R10,1.0,6.73281659809,0.00401815270604
NLA12_WA-R11,1.0,2.60436192469,0.00678264947382
NLA12_WI-101,1.0,6.49805087602,0.000732266715988
NLA12_WI-101,2.0,2.12377580586,0.00171538477803
NLA12_WI-102,1.0,7.47894801172,0.0109760274357
NLA12_WI-103,1.0,4.25947369736,0.0087807076355
NLA12_WI-104,1.0,5.94430805388,0.008924671377
NLA12_WI-106,1.0,3.22859816062,0.00689446591474
NLA12_WI-107,1.0,7.66266066981,0.0125272915549
NLA12_WI-108,1.0,6.68381324976,0.00465948090858
NLA12_WI-109,1.0,3.5,0.000405447667183
NLA12_WI-110,1.0,4.8832237838,0.0063591312495
NLA12_WI-111,1.0,5.2,0.00654229681532
NLA12_WI-112,1.0,0.5,0.00374652328852
NLA12_WI-112,2.0,0.25,0.000410622376697
NLA12_WI-113,1.0,3.28381654384,0.0101204186244
NLA12_WI-115,1.0,3.66568911781,0.00871442968693
NLA12_WI-117,1.0,3.43415415867,0.0118722067515
NLA12_WI-120,1.0,0.25,-0.0
NLA12_WI-122,1.0,,
NLA12_WI-127,1.0,0.55,0.0106082714315
NLA12_WI-128,1.0,2.35887214447,0.0114995755363
NLA12_WI-129,1.0,0.25,0.00215098977735
NLA12_WI-131,1.0,,0.0057024007583
NLA12_WI-132,1.0,0.25,-0.0
NLA12_WI-133,1.0,4.3825138667,0.00931615701625
NLA12_WI-134,1.0,1.15,-0.0
NLA12_WI-135,1.0,2.25,0.00277203261717
NLA12_WI-136,1.0,2.25,0.00225210849466
NLA12_WI-138,1.0,4.46552103334,0.00975065449892
NLA12_WI-140,1.0,0.25,-0.0
NLA12_WI-142,1.0,0.25,0.00085445707441
NLA12_WI-144,1.0,0.998390029559,0.000553145126559
NLA12_WI-147,1.0,1.46100674754,0.00784132308843
NLA12_WI-151,1.0,3.0827529419,0.011160245189
NLA12_WI-152,1.0,11.2222396782,0.00465866455421
NLA12_WI-153,1.0,0.25,0.00217866507209
NLA12_WI-154,1.0,1.04799940423,0.016347594766
NLA12_WI-155,1.0,1.15,0.0059827247423
NLA12_WI-157,1.0,4.5,0.00243268793802
NLA12_WI-161,1.0,1.26886017388,0.00360231385543
NLA12_WI-163,1.0,0.745871614649,0.00141238647964
NLA12_WI-166,1.0,0.3,0.00589478421388
NLA12_WI-168,1.0,6.59813588237,0.00550216966863
NLA12_WI-170,1.0,5.4,0.0053267321948
NLA12_WI-171,1.0,5.63017380535,0.00903196737382
NLA12_WI-172,1.0,0.75,0.00313823950393
NLA12_WI-173,1.0,1.25,0.000398149266055
NLA12_WI-174,1.0,5.89573735486,0.00131618010903
NLA12_WI-176,1.0,5.71487667867,0.00798137862221
NLA12_WI-179,1.0,1.5,0.000216548544518
NLA12_WI-181,1.0,5.145306538,0.0081613672921
NLA12_WI-183,1.0,11.5862453876,0.00312866315373
NLA12_WI-188,1.0,0.66576341,0.000777390187106
NLA12_WI-R06,1.0,4.44961829262,0.00520238488077
NLA12_WI-R08,1.0,0.986645636935,0.00208407530589
NLA12_WI-R11,1.0,0.75,0.000431074408028
NLA12_WI-R12,1.0,4.47802720943,0.00837273986096
NLA12_WI-R13,1.0,0.25,0.000235389887406
NLA12_WV-101,1.0,4.71205714622,0.00594957654691
NLA12_WV-101,2.0,4.57143871863,0.00146312905351
NLA12_WV-102,1.0,3.45139675524,0.00858214416881
NLA12_WV-105,1.0,0.25,0.00496270734261
NLA12_WV-106,1.0,6.50805289346,0.00768431270584
NLA12_WV-111,1.0,3.58287292171,0.0153860860196
NLA12_WV-112,1.0,0.730478657977,0.0115522160182
NLA12_WV-112,2.0,0.25,0.00963918759796
NLA12_WV-113,1.0,3.05,0.032049241816
NLA12_WV-115,1.0,3.25516032621,0.0045931216339
NLA12_WV-R01,1.0,4.2,0.0024265295073
NLA12_WY-101,1.0,,
NLA12_WY-101,2.0,0.575,0.014077898084
NLA12_WY-102,1.0,14.4684934918,0.00198560492885
NLA12_WY-103,1.0,,
NLA12_WY-104,1.0,,
NLA12_WY-105,1.0,,
NLA12_WY-107,1.0,,
NLA12_WY-115,1.0,5.32055402806,0.000871072369842
NLA12_WY-116,1.0,4.25634792467,0.00520279669289
NLA12_WY-117,1.0,,
NLA12_WY-120,1.0,,
NLA12_WY-124,1.0,,
NLA12_WY-124,2.0,,
NLA12_WY-125,1.0,6.95444676638,0.00214029028937
NLA12_WY-130,1.0,,
NLA12_WY-131,1.0,,
NLA12_WY-133,1.0,4.86732903541,0.00131195662589
NLA12_WY-135,1.0,,
NLA12_WY-137,1.0,0.5,0.000335247086383
NLA12_WY-147,1.0,16.3571778352,0.000400277711098
NLA12_WY-151,1.0,11.6082126402,0.001852567556
NLA12_WY-R01,1.0,6.74576358292,0.00274660905919
NLA12_WY-R02,1.0,9.99118274209,0.00238622740187
NLA12_WY-R04,1.0,2.8,0.00271248031621
NLA12_WY-R08,1.0,5.58323994711,0.00466440708042
